iso3,gdp_pc_ppp,gdp_pc_ppp_year,gdp_total_ppp,gdp_total_ppp_year,trade_openness,trade_openness_year,hdi,hdi_year,internet_users,internet_users_year,tertiary_enroll,tertiary_enroll_year,population,population_year,surface_area,surface_area_year,tourist_arrivals,tourist_arrivals_year,tourism_receipts,tourism_receipts_year,air_departures,air_departures_year,rule_of_law,rule_of_law_year,electoral_democracy,electoral_democracy_year,homicide_rate,homicide_rate_year,gdp_total_usd,gdp_total_usd_year,price_level,price_level_year,country_name,lat,lon,land_area_km2,landlocked,n_land_borders,un_region,un_subregion,languages,english_official,independent,un_member,region,income_group,n_gdp_pc_ppp,n_gdp_total_ppp,n_trade_openness,n_hdi,n_internet_users,n_tertiary_enroll,n_population,n_surface_area,n_tourist_arrivals,n_tourism_receipts,n_air_departures,n_rule_of_law,n_electoral_democracy,n_homicide_rate,n_price_level,p_economy,p_development,p_scale,p_draw,p_security,p_cost,name
AFG,2236.19907311431,2024.0,95368282081.0498,2024.0,83.763025087768,2024.0,0.496,2023.0,16.09499931,2024.0,10.85435962677,2020.0,43844111.0,2025.0,652870.0,2023.0,246000.0,,75000000.0,2020.0,6427.0,2023.0,0.084,2025.0,0.069,2025.0,4.0324584656778,2021.0,17778508875.7396,2024.0,0.18641951483020672,2024.0,Afghanistan,33.0,65.0,652230.0,True,6.0,Asia,Southern Asia,Dari|Pashto|Turkmen,False,True,True,"Middle East, North Africa, Afghanistan & Pakistan",Low income,0.11036773038838874,0.5492768063742585,0.20871985944358223,0.1477885652642934,0.07854668600410183,0.06817655410897784,0.7976437604097898,0.786019910489583,0.4091757715699149,0.3581781673828424,0.5511267673551917,0.06959168249688502,0.0008529096403158278,0.37353424141742453,0.9992794081740899,0.28945479873540986,0.09817060179245769,0.7918318354496864,0.4394935687693164,0.14799294451820846,0.9992794081740899,Afghanistan
AGO,10251.3457063657,2025.0,400212936179.0,2025.0,34.6466403704517,2025.0,0.616,2023.0,40.70479965,2024.0,9.9549065722902,2024.0,39040039.0,2025.0,1246700.0,2023.0,218000.0,2019.0,19000000.0,2020.0,14831.0,2023.0,0.381,2025.0,0.344,2025.0,4.09826656345614,2016.0,122174889423.635,2025.0,0.3052747134815023,2025.0,Angola,-12.5,18.5,1246700.0,False,4.0,Africa,Middle Africa,Portuguese,False,True,True,Sub-Saharan Africa ,Lower middle income,0.4257617840097308,0.6734412795940179,0.05772897112836888,0.3635382955771305,0.34881403471497613,0.06058771650398314,0.7863633425911644,0.836885871432061,0.39582560650392856,0.2156338542498119,0.6221400002177636,0.37291909226464043,0.3359245540501023,0.37112243838079834,0.8721595145430169,0.3856440115773725,0.25764668226536325,0.8116246070116127,0.4111998203238347,0.35998869489851365,0.8721595145430169,Angola
ALB,28220.7950617158,2025.0,66307015661.1063,2025.0,79.5328146239161,2025.0,0.81,2023.0,85.86389923,2024.0,84.1496200561523,2024.0,2349580.0,2025.0,28750.0,2023.0,2658000.0,2020.0,1243000000.0,2020.0,3074.0,2023.0,0.592,2025.0,0.484,2025.0,1.38708340817063,2023.0,30540188271.3421,2025.0,0.4605875858963753,2025.0,Albania,41.0,20.0,28748.0,False,4.0,Europe,Southeast Europe,Albanian,False,True,True,Europe & Central Asia,Upper middle income,0.6355195954574848,0.5178125579290144,0.19571557911282483,0.7123336929162173,0.844755893041201,0.6865810676564591,0.5131947825583797,0.5404691987288555,0.6721209020405395,0.6496718922140469,0.4884939888741523,0.5884143227730457,0.5065064821132663,0.5325305735638112,0.7060468325152053,0.44968257749977475,0.7478902178712925,0.5268319906436176,0.6034289277095796,0.5424837928167077,0.7060468325152053,Albania
AND,79566.7925868466,2025.0,6596405372.61993,2025.0,69.4508260073781,,0.913,2023.0,94.39759827,2024.0,67.6767676767677,2024.0,82904.0,2025.0,470.0,2023.0,5207000.0,2020.0,1910000000.0,2019.0,662492.4,,0.947,,0.78,2024.0,2.58464719565779,2020.0,4500982731.80784,2025.0,0.6823387098813426,2025.0,Andorra,42.5,1.5,468.0,True,2.0,Europe,Southern Europe,Catalan,False,True,True,Europe & Central Asia,High income,0.8502254189620354,0.31802659822206425,0.16472208425451437,0.8975188781014024,0.9384738502116464,0.5475968249818929,0.18812510382890785,0.2169993796545202,0.746411802066152,0.6942686462619468,0.9447853592142109,0.9509773883203627,0.8671654157325275,0.4398023521200141,0.46887605989934006,0.44432470047953804,0.7945298510983139,0.20256224174171403,0.79515526918077,0.7526483853909681,0.46887605989934006,Andorra
ARE,79343.7793099888,2024.0,871702497011.261,2024.0,199.044950127107,2023.0,0.94,2023.0,100.0,2024.0,63.7384451086316,2024.0,11513149.0,2025.0,98647.9,2023.0,8084000.0,2020.0,24615400390.625,2020.0,435257.0,2023.0,0.638,2025.0,0.104,2025.0,0.693218125037315,2022.0,552324919095.872,2024.0,0.6336163094514307,2024.0,United Arab Emirates,24.0,54.0,83600.0,False,2.0,Asia,Western Asia,Arabic,False,True,True,"Middle East, North Africa, Afghanistan & Pakistan",High income,0.8496440298053094,0.7408325760312167,0.5631132124674022,0.9460625674217906,1.0,0.5143685311239595,0.6676715640948067,0.6374174417140157,0.7950106192155912,0.9596499825605603,0.9091117370072571,0.6353943256326982,0.043498391656106826,0.6358709528633275,0.5209864129203472,0.7178632727679761,0.82014369951525,0.6525445029044112,0.8879241129278029,0.4382545567173775,0.5209864129203472,United Arab Emirates
ARG,32586.6312086783,2025.0,1494141945295.71,2025.0,30.364633685192,2025.0,0.865,2023.0,89.66715228,2024.0,107.822574129434,2023.0,45851378.0,2025.0,2780400.0,2023.0,7399000.0,2019.0,1702000000.0,2020.0,156614.0,2023.0,0.577,2025.0,0.69,2025.0,4.49291137824536,2023.0,683097891618.597,2025.0,0.45718406726303584,2025.0,Argentina,-34.0,-64.0,2780400.0,False,5.0,Americas,South America,Guaraní|Spanish,False,True,True,Latin America & Caribbean ,Upper middle income,0.6653148738285307,0.7874821375658873,0.04456546170274332,0.8112189859762675,0.8865236076954859,0.8863137865547609,0.8019949416701594,0.8999570583711957,0.7852283942668831,0.6822987563616437,0.8223079400437248,0.5730947566231591,0.7575056048347791,0.3574249251606554,0.7096870176442616,0.4991208243657204,0.8613521267421714,0.8509760000206775,0.7632783635574172,0.5626750955395312,0.7096870176442616,Argentina
ARM,24754.2118320452,2025.0,76408825661.974,2025.0,101.705936395702,2025.0,0.811,2023.0,81.33930206,2024.0,52.7748065090859,2024.0,3086700.0,2025.0,29740.0,2023.0,375000.0,2020.0,303000000.0,2020.0,11415.0,2023.0,0.453,2025.0,0.614,2025.0,2.20833575400906,2023.0,29243452882.3545,2025.0,0.3827234959967189,2025.0,Armenia,40.0,45.0,29743.0,True,4.0,Asia,Western Asia,Armenian,False,True,True,Europe & Central Asia,Upper middle income,0.6083714366526303,0.5300885378419146,0.2638789704599696,0.7141316073354909,0.7950663033563532,0.42186645724982774,0.539717590432095,0.5431313356104515,0.45575405945361375,0.503130547891992,0.5999080146103095,0.4464530097840963,0.6649039867433473,0.4632456440014589,0.7893252665933322,0.4674463149848381,0.643688122647224,0.5414244630212732,0.5195975406519717,0.5248675468429674,0.7893252665933322,Armenia
ATG,35832.4795485115,2025.0,3375742065.78572,2025.0,118.302584056113,2022.0,0.851,2023.0,72.73040009,2024.0,25.1156271899089,2012.0,94209.0,2025.0,440.0,2023.0,384500.0,2020.0,416000000.0,2020.0,1057.0,2022.0,0.9295,,0.7845,,10.7163332993983,2023.0,2338196296.2963,2025.0,0.6926466094654283,2025.0,Antigua and Barbuda,17.05,-61.8,442.0,False,0.0,Americas,Caribbean,English,True,True,True,Latin America & Caribbean ,High income,0.6849831202517269,0.26003186700370645,0.31489947182062,0.7860481841064365,0.7005224599037931,0.18850128149637066,0.20055052410044213,0.2118129009263401,0.45851805327612283,0.5360352479697289,0.397835348694631,0.933104561145495,0.8726484062774149,0.22791410263632814,0.4578513919541616,0.4199714863586845,0.5583573085022001,0.20618171251339112,0.4641295499801609,0.6778890233530793,0.4578513919541616,Antigua and Barbuda
AUS,71934.4033931263,2025.0,1986426180337.58,2025.0,45.9014493880126,2025.0,0.958,2023.0,96.13140106,2024.0,108.421989440918,2024.0,27614411.0,2025.0,7741220.0,2023.0,1828000.0,2020.0,26234000000.0,2020.0,678852.0,2023.0,0.99,2025.0,0.844,2025.0,0.854406035826682,2023.0,1798518933689.21,2025.0,0.90540436462812,2025.0,Australia,-27.0,133.0,7692024.0,False,0.0,Oceania,Australia and New Zealand,English,True,True,True,East Asia & Pacific,High income,0.8293372209238055,0.8121362547902234,0.09232788595404556,0.9784250269687162,0.9575146500867752,0.8913711549567508,0.7527075450017312,0.9804745493283997,0.6307620803403999,0.9662613934982084,0.9468569641947087,0.9948934779500378,0.9451457257042596,0.6047231771548583,0.23029934953306708,0.5779337872226915,0.9424369440040808,0.8665910471650655,0.8479601460111056,0.8482541269363852,0.23029934953306708,Australia
AUT,76777.5421537618,2025.0,706980122891.209,2025.0,107.01983926573,2025.0,0.93,2023.0,91.92573373,2025.0,92.6126708984375,2024.0,9208163.0,2025.0,83879.0,2023.0,15091000.0,2020.0,15362000000.0,2020.0,325904.0,2023.0,0.932,2025.0,0.839,2025.0,0.876191031111463,2023.0,579470021095.418,2025.0,0.8196411784898053,2025.0,Austria,47.33333333,13.33333333,83871.0,True,8.0,Europe,Central Europe,Austro-Bavarian German,False,True,True,Europe & Central Asia,High income,0.8428337900308285,0.722700663767774,0.2802146783787044,0.9280834232290542,0.9113275805805038,0.7579852595317766,0.6459569495338421,0.6246645968122545,0.8639743149410911,0.9107033509548842,0.8845407722768087,0.9356578221704762,0.939053513987718,0.6009720072220716,0.3220261500691548,0.615249710725769,0.8657987544471116,0.6353107731730483,0.8864061460575946,0.8252277811267552,0.3220261500691548,Austria
AZE,26112.5306828203,2025.0,267574997456.737,2025.0,79.8295815452306,2025.0,0.789,2023.0,90.80000181,2025.0,41.3413783372226,2024.0,10246996.0,2025.0,86600.0,2023.0,796000.0,2020.0,340000000.0,2020.0,28424.0,2023.0,0.053,2025.0,0.171,2025.0,2.16122820563689,2023.0,75937647058.8235,2025.0,0.2837994871740642,2025.0,Azerbaijan,40.5,47.5,86600.0,True,5.0,Asia,Western Asia,Azerbaijani|Russian,False,True,True,Europe & Central Asia,Upper middle income,0.6194366495852449,0.6385880795815222,0.19662788365905196,0.6745774901114707,0.8989646772991193,0.32540068926728016,0.6563471596286904,0.6271749213196668,0.5389103339100924,0.5150914681197856,0.6773833322618055,0.03793124578711931,0.12513402865776393,0.46645820600845794,0.8951280385527574,0.48488420427527307,0.6329809522259567,0.6417610404741786,0.5771283780972278,0.20984116015111373,0.8951280385527574,Azerbaijan
BDI,1248.05425025467,2025.0,17959504405.3275,2025.0,51.552881758394406,,0.439,2023.0,8.595999718,2024.0,6.38454008102417,2025.0,14390003.0,2025.0,27830.0,2023.0,299000.0,2017.0,3700000.04768372,2011.0,2291.0,1998.0,0.083,2025.0,0.185,2025.0,5.64974214487878,2016.0,3364713864.08488,2025.0,0.18735003974200828,2025.0,Burundi,-3.5,30.0,27834.0,True,3.0,Africa,Eastern Africa,French|Kirundi,False,True,True,Sub-Saharan Africa ,Low income,0.0,0.4047356144731559,0.10970120849739755,0.04530744336569579,0.0,0.03046393032349921,0.6893516291570718,0.5379117997124717,0.43073199411326124,0.04578004418134862,0.46352750246425756,0.06857037808689258,0.1421922214640803,0.3232903544247314,0.9982841784394922,0.1714789409901845,0.025257124563065,0.6136317144347718,0.3133465135862891,0.17801765132523475,0.9982841784394922,Burundi
BEL,74675.607672673,2025.0,891759752868.981,2025.0,152.917788719365,2025.0,0.951,2023.0,95.77579144,2024.0,82.1475601196289,2023.0,11941781.0,2025.0,30689.0,2023.0,2584000.0,2020.0,7447000000.0,2020.0,112605.0,2023.0,0.964,2025.0,0.889,2025.0,1.08030153549307,2021.0,725466462859.646,2025.0,0.8135223198015675,2025.0,Belgium,50.83333333,4.0,30528.0,False,4.0,Europe,Western Europe,Dutch|French|German,False,True,True,Europe & Central Asia,High income,0.837083927462682,0.7428019416530302,0.42131163003214794,0.9658396260338006,0.9536093088062421,0.6696893492303884,0.6712245944726926,0.5456013065420032,0.6690014224766021,0.8355317561507261,0.7942921550296086,0.9683395632902343,0.9999756311531338,0.5697721581061229,0.32857048867965505,0.6670658330492868,0.8630460946901438,0.6084129505073479,0.7662751112189788,0.846029117516497,0.32857048867965505,Belgium
BEN,4816.87504692826,2025.0,71359402707.7169,2025.0,37.1169356248994,2025.0,0.515,2023.0,33.98379898,2024.0,10.2350101470947,2022.0,14814460.0,2025.0,114760.0,2023.0,337000.0,2019.0,240860000.610352,2019.0,10.0,2016.0,0.77,2025.0,0.493,2025.0,1.1274974068,2017.0,24566420903.5337,2025.0,0.3442632641441245,2025.0,Benin,9.5,2.25,112622.0,False,4.0,Africa,Western Africa,French,False,True,True,Sub-Saharan Africa ,Lower middle income,0.2693142319986349,0.5241697593917173,0.06532301692421943,0.18194893923049263,0.2750033167624018,0.06295099775716563,0.6921772583927435,0.6493135307995185,0.4439499002824776,0.47930304213555863,0.002044888853755617,0.7702065077517005,0.5174724632030412,0.5634013731724354,0.8304598626194768,0.28626900277152384,0.17330108458335336,0.670745394596131,0.3084326104239306,0.6170267813757256,0.8304598626194768,Benin
BFA,3071.62546744866,2025.0,73948093046.1302,2025.0,65.0029506969427,2025.0,0.459,2023.0,28.25270081,2024.0,10.0419678526515,2024.0,24074580.0,2025.0,274200.0,2023.0,67000.0,2020.0,173000000.0,2019.0,2437.0,2023.0,0.482,2025.0,0.134,2025.0,1.25044051977478,2017.0,27627297461.3181,2025.0,0.3736039203077715,2025.0,Burkina Faso,13.0,-2.0,272967.0,True,6.0,Africa,Western Africa,French,False,True,True,Sub-Saharan Africa ,Low income,0.17611924176025562,0.5272546538739507,0.15104867062476138,0.08126573175116868,0.2120638094844795,0.06132226725685921,0.7393734078999157,0.7178041128925347,0.26547955323950007,0.44494784672321436,0.46877396430488816,0.4760708376738771,0.08005166195535628,0.5479817629687427,0.799078979554098,0.28480752208632254,0.11821726949750246,0.7285887603962251,0.39306712142253425,0.36803475419932535,0.799078979554098,Burkina Faso
BGD,10153.7083791829,2025.0,1783873538488.96,2025.0,27.9505840425563,2025.0,0.685,2023.0,53.42171316,2024.0,23.7295608009814,2024.0,175686899.0,2025.0,147570.0,2023.0,323000.0,2019.0,217899993.896484,2020.0,72684.0,2023.0,0.311,2025.0,0.195,2025.0,2.34217668208578,2018.0,456319229255.578,2025.0,0.25580245427156556,2025.0,Bangladesh,24.0,90.0,147570.0,False,2.0,Asia,Southern Asia,Bengali,False,True,True,South Asia,Lower middle income,0.4237794804516922,0.8028255479071442,0.037144323073008606,0.4875943905070119,0.48847248178278363,0.17680680485534608,0.9325646839356495,0.669086579619685,0.43926211360436157,0.46890280395249145,0.7571160476223739,0.30142778356516947,0.15437664489716346,0.4544789427953971,0.9250718683972795,0.421249783810615,0.38429122571504726,0.8008256317776672,0.5550936550597423,0.30342779041924334,0.9250718683972795,Bangladesh
BGR,44451.1001576913,2025.0,285967351546.676,2025.0,102.514263507931,2025.0,0.845,2023.0,82.438955,2024.0,69.5460433959961,2024.0,6433302.0,2025.0,110996.758,2023.0,4973000.0,2020.0,1792000000.0,2020.0,7027.0,2023.0,0.56,2025.0,0.599,2025.0,1.08890737415431,2023.0,130777235529.606,2025.0,0.4573152663137503,2025.0,Bulgaria,43.0,25.0,110879.0,False,5.0,Europe,Southeast Europe,Bulgarian,False,True,True,Europe & Central Asia,High income,0.729628495956514,0.6443431234985325,0.26636388520740417,0.7752606975907946,0.8071428046074772,0.563368220500015,0.6111004831295577,0.6466917465596626,0.7413318083378734,0.6876482108881302,0.5587062754314017,0.5557325816532876,0.6466273515937225,0.568589997754879,0.7095466955585592,0.5467785015541502,0.715257240899429,0.6288961148446102,0.662562098219135,0.5903166436672964,0.7095466955585592,Bulgaria
BHR,70996.7821254802,2025.0,113620836223.026,2025.0,157.480869430187,2024.0,0.899,2023.0,100.0,2024.0,58.3677241853667,2024.0,1600366.0,2025.0,800.0,2023.0,1909000.0,2020.0,724000000.0,2020.0,60083.0,2023.0,0.245,2025.0,0.139,2025.0,0.195636140255462,2022.0,48965725531.9149,2025.0,0.43095727121564414,2025.0,Bahrain,26.0,50.55,765.0,False,0.0,Asia,Western Asia,Arabic,False,True,True,"Middle East, North Africa, Afghanistan & Pakistan",High income,0.826619559200508,0.5644371887167108,0.4353392017670465,0.8723480762315714,1.0,0.46905484998695257,0.475869239343219,0.2588226708016881,0.6355522239871949,0.5935602673076048,0.7409472746021954,0.23402169250566826,0.08614387367189787,0.8243543492751597,0.7377375157432938,0.6087986498947551,0.7804676420728414,0.36734595507245354,0.6566865886323318,0.381506638484242,0.7377375157432938,Bahrain
BHS,41257.7650774105,2024.0,16556039743.5585,2024.0,79.2424586933455,2024.0,0.82,2023.0,92.47270203,2024.0,76.39338302612305,1995.0,403033.0,2025.0,13880.0,2023.0,1794500.0,2020.0,1007000000.0,2020.0,41831.0,2023.0,0.9295,,0.7845,,32.1981392997156,2022.0,15832800000.0,2024.0,0.9563156555093502,2024.0,Bahamas,24.25,-76.0,13943.0,False,0.0,Americas,Caribbean,English,True,True,True,Latin America & Caribbean ,High income,0.7141863185461386,0.39769146508759723,0.19482298288171443,0.7303128371089534,0.9173344424902942,0.6211403835055996,0.34183224386058064,0.4832094633120128,0.6287186144919931,0.6278132290357258,0.7101977317139049,0.933104561145495,0.8726484062774149,0.0640061231161302,0.1758478997447406,0.4355669221718168,0.7562625543682824,0.41252085358629675,0.6555765250805412,0.62325303017968,0.1758478997447406,Bahamas
BIH,25814.2641520511,2025.0,81059241792.5348,2025.0,95.1215717200063,2025.0,0.804,2023.0,86.10091103,2024.0,45.5027618408203,2023.0,3140095.0,2025.0,51210.0,2023.0,197000.0,2020.0,438000000.0,2020.0,44.0,2020.0,0.462,2025.0,0.498,2025.0,1.22446173133237,2023.0,32599982936.3931,2025.0,0.40217478248600413,2025.0,Bosnia and Herzegovina,44.0,18.0,51209.0,False,3.0,Europe,Southeast Europe,Bosnian|Croatian|Serbian,False,True,True,Europe & Central Asia,Upper middle income,0.617057035688441,0.5352033289572253,0.24363767873834782,0.7015462064005754,0.8473587809116514,0.3605109859788425,0.5413846333685959,0.5858638494829209,0.3846348129118913,0.5413852595425324,0.1278665270387589,0.4556447494740283,0.5235646749195828,0.5511097078010622,0.7685214187384324,0.46529934779467136,0.6364719910970231,0.5636242414257584,0.35129553316439416,0.5101063773982245,0.7685214187384324,Bosnia and Herzegovina
BLR,34715.9778689211,2025.0,315429062473.216,2025.0,112.107625821378,2025.0,0.824,2023.0,94.26182128,2024.0,70.1107509145358,2024.0,9085991.0,2025.0,207629.0,2023.0,3598000.0,2020.0,542000000.0,2020.0,13168.0,2023.0,0.116,2025.0,0.163,2025.0,2.38463165310244,2019.0,93397215864.198,2025.0,0.29609578499802514,2025.0,Belarus,53.0,28.0,207600.0,True,5.0,Europe,Eastern Europe,Belarusian|Russian,False,True,True,Europe & Central Asia,Upper middle income,0.6784262463007371,0.6528319408730142,0.29585527196100553,0.7375044947860481,0.9369827333965458,0.5681327533804952,0.6446586768274193,0.6959358629744768,0.7055750869975476,0.5635029321737678,0.6120401661726231,0.10227342361664318,0.11538648991129741,0.4518025212000359,0.8819767074441885,0.5423711530449189,0.747539993854363,0.6702972699009481,0.6270393951146461,0.2231541449093255,0.8819767074441885,Belarus
BLZ,14965.7521203147,2025.0,6329375749.73197,2025.0,108.972446521476,2024.0,0.721,2023.0,80.00582262,2024.0,24.8098643151325,2024.0,422924.0,2025.0,22966.0,2023.0,487000.0,2020.0,101000000.0,1998.0,93784.0,2023.0,0.453,,0.498,,28.0582917218107,2022.0,3326500000.0,2025.0,0.5255652581758742,2025.0,Belize,17.25,-88.75,22966.0,False,2.0,Americas,Central America,Belizean Creole|English|Spanish,True,True,True,Latin America & Caribbean ,Upper middle income,0.5041333762774082,0.3144492047019964,0.28621727620370024,0.552319309600863,0.7804218955257264,0.18592150838786037,0.34651480305250953,0.5228064058584836,0.48462702010632647,0.389077139191821,0.7787605121142875,0.4464530097840963,0.5235646749195828,0.08451056535463133,0.636550883812127,0.3682666190610349,0.5062209045048166,0.4346606044554966,0.5508215571374784,0.35150941668610347,0.636550883812127,Belize
BOL,12873.0394876629,2025.0,161966561766.575,2025.0,46.9778716148403,2024.0,0.733,2023.0,79.70469666,2024.0,16.6614294830602,,12581843.0,2025.0,1098580.0,2023.0,323299.987792969,2020.0,243000000.0,2020.0,50459.0,2023.0,0.281,2025.0,0.605,2025.0,4.41843313132273,2023.0,64768947525.3256,2025.0,0.39989085906923255,2025.0,Bolivia,-17.0,-65.0,1098581.0,True,5.0,Americas,South America,Aymara|Guaraní|Quechua|Spanish,False,True,True,Latin America & Caribbean ,Lower middle income,0.4729324136546496,0.5951285883740975,0.09563696395655688,0.5738942826321467,0.777114899381392,0.11717178502265083,0.676299595752758,0.8269402307119202,0.4393646759763831,0.4802213547967858,0.7261227002176974,0.2707886512653962,0.6539380056535724,0.3599153796783843,0.7709641566674086,0.3878993219951013,0.4893936556787299,0.7516199132323391,0.5485695769969555,0.42821401219911764,0.7709641566674086,Bolivia
BRA,23433.2897595431,2025.0,4986894750790.25,2025.0,35.2914822615074,2025.0,0.786,2023.0,84.46347227,2024.0,69.7317733764648,2024.0,212812405.0,2025.0,8510420.0,2023.0,6353000.0,2019.0,3099000000.0,2020.0,791523.0,2023.0,0.862,2025.0,0.784,2025.0,19.2752957673079,2023.0,2279920092492.13,2025.0,0.45718231613587623,2025.0,Brazil,-10.0,-55.0,8515767.0,False,10.0,Americas,South America,Portuguese,False,True,True,Latin America & Caribbean ,Upper middle income,0.5970124309668063,0.8918227793250143,0.05971130860116409,0.6691837468536498,0.8293762606868805,0.5649352557701004,0.9511988303051028,0.9879236188577188,0.7683890941499766,0.7445130683390063,0.9598973146777355,0.8641665134710051,0.8720391851057608,0.14044971871692738,0.7096888905375031,0.5161821729643282,0.6878317544368769,0.9695612245814108,0.8242664923889061,0.6255518057645645,0.7096888905375031,Brazil
BRB,25893.8676913012,2025.0,7318202568.51863,2025.0,101.75027507206201,,0.811,2023.0,70.36470032,2024.0,50.801079116886,2025.0,282623.0,2025.0,430.0,2023.0,966000.0,2019.0,1071000000.0,2016.0,118204.5,1991.0,0.927,2025.0,0.797,2025.0,7.43794627677661,2023.0,8016550000.0,2025.0,1.09542608652096,2025.0,Barbados,13.16666666,-59.53333333,430.0,False,0.0,Americas,Caribbean,English,True,True,True,Latin America & Caribbean ,High income,0.6176948034861783,0.327016117904837,0.26401527398004443,0.7141316073354909,0.6745421026538152,0.4052137852939829,0.3073352112899655,0.2100051641018842,0.5602955989665315,0.6342100709671207,0.7984134511856918,0.930551300120514,0.8878789355687688,0.28232081434313694,0.02706430934370107,0.40290873179035325,0.597962498427763,0.25867018769592487,0.664306373706448,0.7002503500108066,0.02706430934370107,Barbados
BRN,92429.9262686398,2025.0,43102847516.8548,2025.0,123.609124931602,2025.0,0.837,2023.0,96.29828801,2024.0,36.4182725443167,2023.0,466330.0,2025.0,5770.0,2023.0,1071000.0,2020.0,190000000.0,2018.0,7522.0,2023.0,0.9295,,0.7845,,0.486378957300791,2013.0,15031980994.1121,2025.0,0.3487468197602036,2025.0,Brunei,4.5,114.66666666,5765.0,False,1.0,Asia,South-Eastern Asia,Malay,False,True,True,East Asia & Pacific,High income,0.8812657961322186,0.4805258660269253,0.33121254790067994,0.7608773822366054,0.9593474196699413,0.2838636127200454,0.35601142888655435,0.41418715652479543,0.5716955227653231,0.45467876698836507,0.5644871393205487,0.933104561145495,0.8726484062774149,0.6886659615972844,0.8256645392388217,0.5643347366866079,0.6680294715421974,0.3850992927056749,0.5302871430247457,0.8314729763400647,0.8256645392388217,Brunei
BTN,19594.0028382994,2025.0,15610189369.222,2025.0,79.3625417953324,2024.0,0.698,2023.0,91.27739716,2024.0,13.011259392916,2024.0,796682.0,2025.0,38390.0,2023.0,29799.9992370605,2020.0,84000000.0,2020.0,3752.0,2023.0,0.871,2025.0,0.566,2025.0,2.46751324015657,2020.0,3579320145.13077,2025.0,0.22929383241102608,2025.0,Bhutan,27.5,90.5,38394.0,True,2.0,Asia,Southern Asia,Dzongkha,False,True,True,South Asia,Lower middle income,0.5599484680030689,0.3925987452544483,0.195192135748828,0.5109672779575691,0.90420748194397,0.08637468237593862,0.4080685239410358,0.5632066830192659,0.17596938127083053,0.3699434853172001,0.5054198505079142,0.8733582531609372,0.606418754264548,0.446712157278911,0.9534237893015098,0.3825797830021151,0.5005164807591592,0.48563760348015084,0.3504442390319816,0.6421630549014654,0.9534237893015098,Bhutan
BWA,20697.9104661898,2025.0,53030571759.4552,2025.0,69.5446677858652,2025.0,0.731,2023.0,57.45950036,2024.0,21.4087908549348,2024.0,2562122.0,2025.0,581730.0,2023.0,1830000.0,2018.0,217000000.0,2020.0,4264.0,2023.0,0.822,2025.0,0.665,2025.0,11.3681767255945,2021.0,19928479839.4476,2025.0,0.3757922869442646,2025.0,Botswana,-22.0,24.0,582000.0,True,4.0,Africa,Southern Africa,English|Tswana,True,True,True,Sub-Saharan Africa ,Upper middle income,0.5713015103733885,0.4984702541892569,0.16501056748829465,0.5702984537935993,0.5328158745013734,0.1572260761542958,0.5216123027280156,0.7769478847891124,0.630882890908883,0.4684731244908974,0.5162830291581493,0.8233143370713074,0.7270445462520714,0.21911650739580318,0.7967384430255028,0.4115941106836467,0.4201134681497562,0.649280093758564,0.5385463481859766,0.5898251302397274,0.7967384430255028,Botswana
CAF,1313.8765680523,2025.0,7243772032.86453,2025.0,52.9067459083503,2025.0,0.414,2023.0,13.78250027,2024.0,2.77519989013672,2012.0,5513282.0,2025.0,622980.0,2023.0,87000.0,2019.0,15600000.3814697,2013.0,2291.0,2001.0,0.118,2025.0,0.293,2025.0,20.120400654,2016.0,3066109226.40165,2025.0,0.42327522352869595,2025.0,Central African Republic,7.0,21.0,622984.0,True,6.0,Africa,Middle Africa,French|Sango,False,True,True,Sub-Saharan Africa ,Low income,0.00021292177097984152,0.32613113081734457,0.113863183199658,0.0003595828838546889,0.05315058462162139,1.1316445094067658e-05,0.5960996832067109,0.7823348798740233,0.29433896912818214,0.19516467933442483,0.46352750246425756,0.10431603243662806,0.2737839945413783,0.13405662969522186,0.7459537409981835,0.1467357452626608,0.01784049465019005,0.6892172815403671,0.3176770503089548,0.17071888555774276,0.7459537409981835,Central African Republic
CAN,66745.8248561648,2025.0,2780073936107.75,2025.0,63.5105049692227,2025.0,0.939,2023.0,94.353302,2024.0,76.2666931152344,2023.0,41651653.0,2025.0,15634410.0,2023.0,32430000.0,2019.0,19994000000.0,2011.0,1078620.0,2023.0,0.963,2025.0,0.84,2025.0,1.97968887560784,2023.0,2319899772425.92,2025.0,0.8344741275744277,2025.0,Canada,60.0,-95.0,9984670.0,False,1.0,Americas,North America,English|French,True,True,True,North America,High income,0.8138303087657877,0.8412362540781422,0.14646067605863766,0.9442646530025168,0.9379873840361682,0.620071479291937,0.7926574187834005,1.0,0.9484908589904436,0.9380625018567207,0.9861790430125243,0.9673182588802418,0.9402719563310263,0.4795299926762497,0.3061617795471358,0.6005090796341892,0.834107838776874,0.8963287093917003,0.9575774679532296,0.795706735962506,0.3061617795471358,Canada
CHE,102513.347221899,2025.0,932096048760.891,2025.0,147.162051317959,2025.0,0.97,2023.0,97.32103855,2025.0,73.5430526733398,2024.0,9092436.0,2025.0,41290.7,2023.0,11818000.0,2019.0,9994000000.0,2020.0,205045.0,2023.0,0.995,2025.0,0.882,2025.0,0.597481940544685,2023.0,1043529899250.92,2025.0,1.1195518966507443,2025.0,Switzerland,47.0,8.0,41284.0,True,5.0,Europe,Western Europe,French|Italian|Romansh|Swiss German,False,True,True,Europe & Central Asia,High income,0.9027132686848847,0.7466317638650988,0.4036176586995837,1.0,0.9705793708852926,0.5970916640531214,0.6447276002375836,0.5689343395278489,0.8369644383849207,0.8660716540238901,0.8451899214316557,1.0,0.9914465347499756,0.6580136969043043,0.0012608909634970126,0.6843208970831891,0.8558903449794713,0.6068309698827162,0.8494086712801555,0.8831534105514267,0.0012608909634970126,Switzerland
CHL,37774.0879069903,2025.0,750190401679.883,2025.0,64.984377042281,2025.0,0.878,2023.0,95.590243,2024.0,110.176902770996,2024.0,19859921.0,2025.0,757244.88,2023.0,5431000.0,2019.0,1034000000.0,2020.0,144494.0,2023.0,0.951,2025.0,0.839,2025.0,6.34829073035101,2023.0,357371159574.862,2025.0,0.4763739429011748,2025.0,Chile,-30.0,-71.0,756102.0,False,3.0,Americas,South America,Spanish,False,True,True,Latin America & Caribbean ,High income,0.6959134821295546,0.7278364425928067,0.15099157251722004,0.8345918734268248,0.9515715968279481,0.9061776556478899,0.7206668265569957,0.7976818785204215,0.7510652067286239,0.6305601104318969,0.8154677516277782,0.9550626059603325,0.939053513987718,0.3059219347043506,0.6891627580612151,0.5249138324131938,0.8974470419675543,0.7591743525387086,0.7323643562627663,0.733346018217467,0.6891627580612151,Chile
CHN,29333.3311051433,2025.0,41259823532528.0,2025.0,37.9563878652312,2025.0,0.797,2023.0,91.6,2025.0,76.8757843123403,2024.0,1406585000.0,2025.0,9562910.0,2023.0,30402000.0,2020.0,27755000000.0,2004.0,4909131.0,2023.0,0.209,2025.0,0.072,2025.0,0.5018560705357,2020.0,19498039388042.6,2025.0,0.4725672026365051,2025.0,China,35.0,105.0,9706961.0,False,16.0,Asia,Eastern Asia,Chinese,False,True,True,East Asia & Pacific,Upper middle income,0.6435286350565628,1.0,0.06790361482847049,0.6889608054656599,0.9077503393848605,0.6252104847780452,1.0,0.9970922982473868,0.9413564740636694,0.9721124282875965,1.0,0.1972547337459403,0.004508236670240758,0.6839988571665925,0.6932342031727216,0.5704774166283444,0.7406405432095219,0.9985461491236933,0.9711563007837553,0.2952539425275912,0.6932342031727216,China
CIV,8208.90898574972,2025.0,268526112106.074,2025.0,54.5579069336573,2025.0,0.582,2023.0,41.43219902,2024.0,12.3354902267456,2024.0,32711547.0,2025.0,322460.0,2023.0,668000.0,2020.0,199300003.051758,2020.0,13609.0,2023.0,0.395,2025.0,0.394,2025.0,3.74921291744897,,99773555666.1988,2025.0,0.37155997561528004,2025.0,Ivory Coast,8.0,-5.0,322463.0,False,5.0,Africa,Western Africa,French,False,True,True,Sub-Saharan Africa ,Lower middle income,0.3797381197318302,0.6388952567248296,0.11893909160369544,0.3024092053218266,0.3568024091214245,0.08067310358315125,0.7691724342942162,0.7305522138376138,0.5195417534532759,0.4596398344451252,0.614837658938166,0.3872173540045346,0.3968466712155181,0.3843851075223065,0.8012650516388335,0.37919082268678506,0.24662823934213415,0.749862324065915,0.5313397489455224,0.38948304424745306,0.8012650516388335,Ivory Coast
CMR,5787.85440270861,2025.0,172937252205.464,2025.0,33.3842706629963,2025.0,0.588,2023.0,46.25880051,2024.0,16.6614294830602,2024.0,29879337.0,2025.0,475440.0,2023.0,1021000.0,2019.0,437000000.0,2020.0,6200.0,2023.0,0.086,2025.0,0.26,2025.0,6.76008919336955,2022.0,58933453923.761,2025.0,0.34077940508585797,2025.0,Cameroon,6.0,12.0,475442.0,False,6.0,Africa,Middle Africa,English|French,True,True,True,Sub-Saharan Africa ,Lower middle income,0.30735218803184294,0.6008023561842922,0.05384826360871084,0.31319669183746845,0.4098086411901182,0.11717178502265083,0.760369830454732,0.7610824221383281,0.566413386145291,0.5411479659842966,0.5480730734678909,0.0716342913168699,0.23357539721220394,0.2965579451470799,0.8341859747116522,0.32066760260828203,0.28005903935007914,0.7607261262965301,0.5518781418658262,0.20058921122538456,0.8341859747116522,Cameroon
COD,1919.82250200565,2025.0,216618320622.345,2025.0,87.3342878785207,2025.0,0.522,2023.0,19.67350006,2024.0,6.37987995147705,2020.0,112832473.0,2025.0,2344860.0,2023.0,351000.0,2016.0,60500000.0,2018.0,9822.0,2023.0,0.108,2025.0,0.306,2025.0,4.408920174698675,,91030531316.9936,2025.0,0.4202346830843423,2025.0,DR Congo,0.0,25.0,2344858.0,False,9.0,Africa,Middle Africa,French|Kikongo|Lingala|Swahili|Tshiluba,False,True,True,Sub-Saharan Africa ,Low income,0.078769972937894,0.6202988387902202,0.21969843908225645,0.19453434016540816,0.11784614787297351,0.03042461202203234,0.8895242146725094,0.8865604095439145,0.4484468511422582,0.33587386935117997,0.5871438568149436,0.09410298833670364,0.28962374500438637,0.3602364997603933,0.7492057079483307,0.30625575027012353,0.11426836668680468,0.8880423121082119,0.4571548591027939,0.2479877443671611,0.7492057079483307,DR Congo
COG,7248.44439070757,2025.0,47002080999.5466,2025.0,91.6690172364453,2025.0,0.649,2023.0,47.25159836,2024.0,10.3812103271484,2023.0,6484437.0,2025.0,342000.0,2023.0,158000.0,2018.0,42900001.5258789,2016.0,1545.0,2023.0,0.182,2025.0,0.243,2025.0,3.74921291744897,,16306633778.765,2025.0,0.3469342938012106,2025.0,Congo,-1.0,15.0,342000.0,False,5.0,Africa,Middle Africa,French|Kikongo|Lingala,False,True,True,Sub-Saharan Africa ,Lower middle income,0.35396334942507784,0.48802315565728244,0.2330240256482465,0.4228694714131607,0.4207116488951111,0.06418451341284394,0.6118700283426904,0.7351783273636397,0.36026168759531535,0.30018492594819607,0.4300710324399624,0.16967951467614437,0.21286187737596257,0.3843851075223065,0.8276031006961689,0.35833684357686896,0.30258854457370526,0.6735241778531651,0.36350588199449124,0.2556421665248045,0.8276031006961689,Congo
COL,22640.4224606513,2025.0,1209578946628.56,2025.0,35.3689564685036,2025.0,0.788,2023.0,79.34543299,2024.0,59.2901382446289,2022.0,53425635.0,2025.0,1140619.1,2023.0,1396000.0,2020.0,1959000000.0,2020.0,373146.999,2023.0,0.749,2025.0,0.679,2025.0,24.9134420347488,2023.0,457410034202.523,2025.0,0.3781564117641553,2025.0,Colombia,4.0,-72.0,1141748.0,False,5.0,Americas,South America,Spanish,False,True,True,Latin America & Caribbean ,Upper middle income,0.589882605630991,0.7691914429236638,0.05994947554694397,0.672779575692197,0.7731694289493862,0.47683741347421904,0.8168555378563961,0.829893119305708,0.6009750672218481,0.6968983957806066,0.8960367025762628,0.7487591151418592,0.7441027390583878,0.10222180732675426,0.7942099268222124,0.47300784136719964,0.6409288060386008,0.823374328581052,0.7313033885262392,0.5316945538423338,0.7942099268222124,Colombia
COM,4238.26133409182,2025.0,3741736304.01896,2025.0,40.8852246183221,2025.0,0.603,2023.0,32.51750183,2024.0,18.8190281456697,2017.0,882847.0,2025.0,1861.0,2023.0,7000.0,2020.0,18500000.0,2020.0,13178.5,1996.0,0.175,2025.0,0.293,2025.0,3.74921291744897,,1814920856.27026,2025.0,0.4850477716243319,2025.0,Comoros,-12.16666666,44.25,1862.0,False,0.0,Africa,Eastern Africa,Arabic|Comorian|French,False,True,True,Sub-Saharan Africa ,Lower middle income,0.24280637771280525,0.2689430137872759,0.07690728367797214,0.34016540812657314,0.2589002912328248,0.13537580999732501,0.41805069390251137,0.3252092479162692,0.015926433699319714,0.21286526653679205,0.6121078553791418,0.16253038380619728,0.2737839945413783,0.3843851075223065,0.6798857874518202,0.19621889172601778,0.24481383645224097,0.3716299709093903,0.28029985187175116,0.2735664952899607,0.6798857874518202,Comoros
CPV,12165.2989335356,2025.0,6415078425.42562,2025.0,95.3284601191981,2025.0,0.668,2023.0,74.73519897,2024.0,24.2905954414767,2018.0,527326.0,2025.0,4030.0,2023.0,180000.0,2020.0,169000000.0,2020.0,815.0,2023.0,0.798,2025.0,0.745,2025.0,6.99464423976475,2020.0,3056630435.32463,2025.0,0.47647592634408553,2025.0,Cape Verde,16.0,-24.0,4033.0,False,0.0,Africa,Western Africa,Portuguese,False,True,True,Sub-Saharan Africa ,Upper middle income,0.4612192827937074,0.3156135504578046,0.24427368367551633,0.45702984537936,0.7225393666039849,0.18154034904232738,0.36795988535479346,0.3859652924430192,0.374664224689499,0.4425192941916906,0.3757553262312888,0.7988030312314889,0.8245199337167365,0.29147615185620024,0.6890536831148766,0.3403688389756761,0.45370318700855744,0.3769625888989063,0.3976462817041595,0.6382663722681419,0.6890536831148766,Cape Verde
CRI,33814.7696296148,2025.0,174245817162.923,2025.0,71.4919046503354,2025.0,0.833,2023.0,87.17019653,2024.0,55.0202903747559,2019.0,5152950.0,2025.0,51100.0,2023.0,1146500.0,2020.0,1479000000.0,2020.0,15698.0,2023.0,0.935,2025.0,0.862,2025.0,17.7454798727379,2023.0,102904921157.478,2025.0,0.5905732650170881,2025.0,Costa Rica,10.0,-84.0,51100.0,False,2.0,Americas,Central America,Spanish,False,True,True,Latin America & Caribbean ,High income,0.6729780413644953,0.6014549471856867,0.17099665595182176,0.7536857245595109,0.8591017838254239,0.440811984552596,0.5895298064925771,0.5856947625298602,0.5792216197789899,0.6677190768330106,0.6269647672196366,0.9387217354004536,0.9670776878838093,0.15277007678580556,0.5670224912083838,0.48180988150066795,0.6845331643125103,0.5876122845112186,0.6246351546105456,0.6861898333566895,0.5670224912083838,Costa Rica
CUB,12300.0,2022.0,137000000000.0,2022.0,124.863238865053,2024.0,0.762,2023.0,70.47699738,2024.0,43.1040700506779,2024.0,10937203.0,2025.0,109880.0,2023.0,1086000.0,2020.0,1152000000.0,2020.0,1694.0,2023.0,0.123,2025.0,0.176,2025.0,4.46315139638841,2019.0,107352000000.0,2020.0,0.35,2022.0,Cuba,21.5,-80.0,109884.0,False,0.0,Americas,Caribbean,Spanish,False,True,True,Latin America & Caribbean ,Upper middle income,0.46350022147390635,0.5806358307387246,0.3350678759739918,0.6260338007910823,0.6757753604720388,0.34027281749504923,0.6626832472382927,0.6458965983522182,0.5732321435561702,0.6417789520125581,0.4378897401740487,0.10942255448659027,0.13122624037430547,0.35841507158197106,0.8243242180699442,0.45973464272887427,0.5473606595860567,0.6542899227952554,0.5509669452475924,0.1996879554809556,0.8243242180699442,Cuba
CYP,64574.62109375,2025.0,63713325733.9056,2025.0,189.496102105437,2025.0,0.913,2023.0,89.60099246,2024.0,120.87727355957,2024.0,1370754.0,2025.0,9250.0,2023.0,4117000.0,2019.0,663000000.0,2020.0,6815.0,2023.0,0.88,2025.0,0.773,2025.0,0.81785876397005,2023.0,41225787247.3309,2025.0,0.6470512529750466,2025.0,Cyprus,35.0,33.0,9251.0,False,0.0,Europe,Southern Europe,Greek|Turkish,False,True,True,Europe & Central Asia,High income,0.806980214849116,0.5143582054756516,0.533758669101131,0.8975188781014024,0.8857970337738956,0.9964584944568496,0.4608156055960397,0.45129815838015647,0.7204620611221735,0.5844227664840987,0.5561047743682874,0.8825499928508691,0.8586363193293693,0.6112364814090779,0.5066172594374431,0.6183656964752995,0.9265914687773825,0.4560568819880981,0.6203298673248533,0.7841409311964388,0.5066172594374431,Cyprus
CZE,60487.2877495391,2025.0,658517722280.127,2025.0,128.039437374276,2025.0,0.915,2023.0,87.68776014,2024.0,66.7282867431641,2023.0,10886878.0,2025.0,78871.43,2023.0,37202000.0,2019.0,3890000000.0,2020.0,14544.636,2023.0,0.945,2025.0,0.849,2025.0,0.767827757917044,2023.0,391026962800.475,2025.0,0.5937986929896717,2025.0,Czechia,49.75,15.5,78865.0,True,4.0,Europe,Central Europe,Czech|Slovak,False,True,True,Europe & Central Asia,High income,0.7934358569681638,0.7165531625372029,0.3448319707283835,0.9011147069399498,0.8647857204170009,0.539594330865383,0.6622349679164621,0.6198242406505542,0.9636575711743663,0.7681135004806402,0.620484238145333,0.9489347795003779,0.9512379374208012,0.6206412555061792,0.5635727804221315,0.6182736634112501,0.7684982527407778,0.6410296042835082,0.7840851032667798,0.8402713241424528,0.5635727804221315,Czech Republic
DEU,75406.6888111618,2025.0,6295798631798.23,2025.0,78.5128112199127,2025.0,0.959,2023.0,93.49999579,2024.0,76.7096862792969,2024.0,83491249.0,2025.0,357680.0,2023.0,12449000.0,2020.0,58372000000.0,2019.0,655842.0,2023.0,0.991,2025.0,0.828,2025.0,0.910722780231795,2023.0,5050922925047.05,2025.0,0.802268817737645,2025.0,Germany,51.0,9.0,357114.0,False,9.0,Europe,Western Europe,German,False,True,True,Europe & Central Asia,High income,0.8391019604553908,0.9119997977435339,0.19257994075219617,0.9802229413879897,0.9286162878131574,0.6238090875700448,0.8602509737895728,0.7387032910574644,0.8427112871318156,1.0,0.9439285603195439,0.9959147823600303,0.9256506482113266,0.5952129508068635,0.3406065123586858,0.6478938996503737,0.8442161055903973,0.7994771324235186,0.9288799491504531,0.8389261271260735,0.3406065123586858,Germany
DJI,8451.96838146073,2025.0,10007772913.2465,2025.0,206.296043192215,2025.0,0.513,2023.0,65.29889679,2024.0,16.6614294830602,2011.0,1184076.0,2025.0,23200.0,2023.0,63000.0,2013.0,57000000.0,2018.0,13178.5,1991.0,0.295,2025.0,0.25,2025.0,3.74921291744897,,4624533092.31886,2025.0,0.46209412747542766,2025.0,Djibouti,11.5,43.0,23200.0,False,3.0,Africa,Eastern Africa,Arabic|French,False,True,True,"Middle East, North Africa, Afghanistan & Pakistan",Lower middle income,0.38578225357636814,0.354112600671189,0.5854041239312288,0.17835311039194535,0.618908929274592,0.11717178502265083,0.44658557127411075,0.5236035422930966,0.25867856003538403,0.3296872629499825,0.6121078553791418,0.2850869130052904,0.22139097377912076,0.3843851075223065,0.704435532315861,0.44176632605959537,0.30481127489639603,0.4850945567836037,0.40015789278816943,0.29695433143557254,0.704435532315861,Djibouti
DMA,22713.1288027433,2025.0,1496136507.3655,2025.0,79.8295815452306,,0.761,2023.0,82.04689789,2024.0,47.808470617645796,1993.0,65871.0,2025.0,750.0,2023.0,140000.0,2020.0,111000000.0,2018.0,24228.0,,0.453,,0.498,,27.063396005142,2023.0,723859259.259259,2025.0,0.4838189935849371,2025.0,Dominica,15.41666666,-61.33333333,751.0,False,0.0,Americas,Caribbean,English,True,True,True,Latin America & Caribbean ,Upper middle income,0.5905467310193592,0.18958655442577324,0.19662788365905196,0.6242358863718087,0.8028371932575661,0.3799646410468766,0.16577036057136227,0.25374780754809584,0.34689869153763353,0.39887836428214635,0.6638190887697973,0.4464530097840963,0.5235646749195828,0.08988935440151037,0.6812000095930185,0.32558705636806146,0.6023459068920838,0.20975908405972904,0.46986538152985907,0.35330234636839647,0.6812000095930185,Dominica
DNK,83218.071525634,2025.0,500071455651.622,2025.0,129.222304332118,2025.0,0.962,2023.0,99.76915157,2024.0,78.9604110717773,2024.0,6009169.0,2025.0,42920.0,2023.0,15595000.0,2020.0,9097000000.0,2018.0,118204.5,2004.0,0.997,2025.0,0.913,2025.0,0.840599404536194,2023.0,462526660468.393,2025.0,0.9249211392513776,2025.0,Denmark,56.0,10.0,43094.0,False,1.0,Europe,Northern Europe,Danish,False,True,True,Europe & Central Asia,High income,0.8595192025017797,0.692725331286774,0.34846827526812524,0.9856166846458109,0.9974647988903527,0.6427988334590592,0.6044712416278086,0.5719774891844707,0.8676038241485324,0.8563087847913851,0.7984134511856918,1.0,1.0,0.6071503937144077,0.20942545977239324,0.6335709363522263,0.8752934389984075,0.5882243654061396,0.8407753533752031,0.8690501312381359,0.20942545977239324,Denmark
DOM,28721.0964580217,2025.0,330881018370.385,2025.0,51.4949057079303,2025.0,0.776,2023.0,91.0022446,2024.0,57.6509476207267,2024.0,11520487.0,2025.0,146839.46,2023.0,2748000.0,2020.0,7561000000.0,2018.0,18437.0,2023.0,0.564,2025.0,0.735,2025.0,10.9166976980638,2023.0,127407463759.043,2025.0,0.38505522131953884,2025.0,Dominican Republic,19.0,-70.66666666,48671.0,False,1.0,Americas,Caribbean,Spanish,False,True,True,Latin America & Caribbean ,Upper middle income,0.639159581473412,0.6569722004795079,0.10952298171195793,0.6512046026609134,0.9011857283395192,0.46300728483496706,0.667733496128371,0.6686963426043498,0.6757998630599938,0.8371089468080801,0.6406225384471017,0.5598177992932573,0.8123355102836534,0.2251541737352477,0.7868314028130582,0.4685515878882926,0.6717992052784666,0.6682149193663605,0.7178437827717251,0.5324358277707195,0.7868314028130582,Dominican Republic
DZA,18586.2607480579,2025.0,881645077497.479,2025.0,38.9789440161631,2025.0,0.763,2023.0,77.4178009,2024.0,54.4283410150344,2024.0,47435312.0,2025.0,2381740.0,2023.0,591000.0,2020.0,50000000.0,2020.0,72631.0,2023.0,0.25,2025.0,0.265,2025.0,1.16107238811947,2023.0,287031225987.736,2025.0,0.325563237762825,2025.0,Algeria,28.0,3.0,2381741.0,False,7.0,Africa,Northern Africa,Arabic,False,True,True,"Middle East, North Africa, Afghanistan & Pakistan",Upper middle income,0.5490114211607393,0.7418144099477896,0.07104710070329626,0.627831715210356,0.7519999758430348,0.4358176076488396,0.8052960460387687,0.8877875272027268,0.5060108760799233,0.31608444772785516,0.7570541008799424,0.23912821455563046,0.2396676089287455,0.5590295250195859,0.8504602108706565,0.45395764393727506,0.6052164329007435,0.8465417866207477,0.5263831415625736,0.345941782834654,0.8504602108706565,Algeria
ECU,16756.6539631307,2025.0,306477458293.649,2025.0,59.3567812036511,2025.0,0.777,2023.0,77.17273115,2024.0,67.8851161961618,2023.0,18289896.0,2025.0,256370.0,2023.0,2108000.0,2019.0,705000000.0,2020.0,40797.0,2023.0,0.372,2025.0,0.607,2025.0,45.7228145164847,2023.0,130320560400.0,2025.0,0.42522070342652857,2025.0,Ecuador,-2.0,-77.5,276841.0,False,2.0,Americas,South America,Spanish,False,True,True,Latin America & Caribbean ,Upper middle income,0.5275463410783506,0.6503395966008659,0.13369152692868239,0.653002517080187,0.7493085947401137,0.5493546966918704,0.7126618587393152,0.7125171343291156,0.6465075546151152,0.5907994302300383,0.7080721930954351,0.36372735257470845,0.656374890340189,0.011757589490352697,0.7438729805394051,0.437192488202633,0.6505552695040571,0.7125894965342154,0.6484597259801963,0.3439532774684168,0.7438729805394051,Ecuador
EGY,20204.0130500153,2025.0,2391468107658.04,2025.0,51.334347878828,2025.0,0.754,2023.0,74.64839935,2024.0,38.0398346509947,2025.0,118365995.0,2025.0,1001450.0,2023.0,13026000.0,2019.0,4874000000.0,2020.0,135253.0,2023.0,0.321,2025.0,0.187,2025.0,1.31152527182627,2017.0,365254630179.737,2025.0,0.15273238602267214,2025.0,Egypt,27.0,30.0,1002450.0,False,4.0,Africa,Northern Africa,Arabic,False,True,True,"Middle East, North Africa, Afghanistan & Pakistan",Lower middle income,0.5662988289730664,0.8282012567324598,0.10902940366500588,0.6116504854368932,0.7215861242841608,0.2975450065767926,0.8941779293667637,0.8196612060342964,0.8477168681202689,0.7915245847731648,0.8098551449826648,0.3116408276650939,0.14462910615069693,0.5408757810797604,1.0,0.501176496456844,0.5435938720992822,0.85691956770053,0.8163655326253662,0.33238190496518377,1.0,Egypt
ERI,2214.235644955595,2011.0,60728599276.311554,2011.0,51.552881758394406,2011.0,0.503,2023.0,14.34939957,2020.0,3.20262002944946,2016.0,3607003.0,2025.0,121765.8,2023.0,142000.0,2016.0,48000000.0,2016.0,494.395,2020.0,0.064,2025.0,0.069,2025.0,15.6075665087306,2012.0,2065001626.01626,2011.0,0.3435617652989871,2011.0,Eritrea,15.0,39.0,117600.0,False,3.0,Africa,Eastern Africa,Arabic|English|Tigrinya,True,True,True,Sub-Saharan Africa ,Low income,0.10832321712226006,0.5102046177074194,0.10970120849739755,0.1603739661992089,0.059376330815426155,0.003617532478486215,0.5548590232784911,0.6539730552913612,0.34846582779722024,0.31184647617683675,0.33330650679944174,0.04916559429703617,0.0008529096403158278,0.17189645540420448,0.8312101407695964,0.242743014442359,0.07445594316437375,0.6044160392849262,0.33120627025783295,0.07397165311385216,0.8312101407695964,Eritrea
ESP,59867.6944716701,2025.0,2954778621729.59,2025.0,69.4508260073781,2025.0,0.918,2023.0,95.7574516,2024.0,93.7689666748047,2024.0,49355143.0,2025.0,505975.98,2023.0,36410000.0,2020.0,31592000000.0,1998.0,662492.4,2023.0,0.947,2025.0,0.822,2025.0,0.690855954769765,2023.0,1906453309985.88,2025.0,0.6452102015243129,2025.0,Spain,40.0,-4.0,505992.0,False,5.0,Europe,Southern Europe,Spanish,False,True,True,Europe & Central Asia,High income,0.7913031304203128,0.8465124264327794,0.16472208425451437,0.9065084501977705,0.9534078988043686,0.7677411226382364,0.8091524946634133,0.7659772144873163,0.9612801183233431,0.9855553314808645,0.9447853592142109,0.9509773883203627,0.9183399941514766,0.636379503936956,0.5085863299302974,0.6008458803692022,0.8758858238801251,0.7875648545753648,0.9638736030061396,0.8352322954695984,0.5085863299302974,Spain
EST,52105.5093433416,2025.0,71200875879.9427,2025.0,155.759916645579,2025.0,0.905,2023.0,92.23796204,2024.0,65.6692276000977,2024.0,1366475.0,2025.0,45340.0,2023.0,1695000.0,2020.0,865000000.0,2020.0,22.0,2019.0,0.985,2025.0,0.887,2025.0,1.53599045052794,2023.0,47030833798.5866,2025.0,0.6605372927980397,2025.0,Estonia,59.0,26.0,45227.0,False,2.0,Europe,Northern Europe,Estonian,False,True,True,Europe & Central Asia,High income,0.76253870334745,0.52397722572156,0.43004874337537075,0.8831355627472133,0.9147565038700203,0.5306588696861845,0.46051170494847726,0.5762906499208804,0.6224163560100597,0.6120330704165842,0.06900269978093632,0.9897869559000756,0.9975387464665172,0.5173379128662295,0.49219345663153513,0.572188224148127,0.7761836454344726,0.5184011774346788,0.4344840420691934,0.8348878717442741,0.49219345663153513,Estonia
ETH,3621.67487597821,2025.0,490635723503.939,2025.0,33.4597826561314,2025.0,0.497,2023.0,21.94129944,2024.0,5.9192507771213,2014.0,135472051.0,2025.0,1136239.7,2023.0,518000.0,2020.0,2282000000.0,2020.0,147319.0,2023.0,0.315,2025.0,0.257,2025.0,8.51054794891045,2012.0,126358758448.356,2025.0,0.25754088500924566,2025.0,Ethiopia,8.0,38.0,1104300.0,True,6.0,Africa,Eastern Africa,Amharic,False,True,True,Sub-Saharan Africa ,Low income,0.21024093948395714,0.6910762361800299,0.05408039842456795,0.14958647968356706,0.14275135300966685,0.026538205741128345,0.907298478697681,0.8295906269657486,0.49144494193065386,0.7127425804278996,0.817112049198389,0.30551300120513925,0.22992007018227897,0.26225036251078837,0.9232125544340154,0.3184658580295183,0.10629201281145408,0.8684445528317148,0.6737665238523141,0.26589447796606885,0.9232125544340154,Ethiopia
FIN,65884.4876972259,2025.0,372012543175.174,2025.0,83.3959439712015,2025.0,0.948,2023.0,93.72405196,2024.0,110.304496765137,2024.0,5646436.0,2025.0,338480.0,2023.0,896000.0,2020.0,1757000000.0,2020.0,103928.0,2023.0,0.985,2025.0,0.852,2025.0,0.98193498501344,2023.0,317039368819.607,2025.0,0.8522276322019574,2025.0,Finland,64.0,26.0,338424.0,False,3.0,Europe,Northern Europe,Finnish|Swedish,False,True,True,Europe & Central Asia,High income,0.8111398570017982,0.6671156103613001,0.20759139886585215,0.9604458827759799,0.9310768956275892,0.9072541877649205,0.5984193292758839,0.7343648106082843,0.5519848210678809,0.6856004938790968,0.787482405158148,0.9897869559000756,0.9548932644507261,0.5839961321674086,0.28717377022621804,0.5619489554096502,0.9329256553894965,0.6663920699420841,0.6750225733683752,0.8428921175060701,0.28717377022621804,Finland
FJI,16337.5722970567,2025.0,15245470939.2877,2025.0,118.962880886427,2024.0,0.731,2023.0,74.7052002,2024.0,75.0089752283697,2024.0,933154.0,2025.0,18270.0,2023.0,168000.0,2020.0,236000000.0,2020.0,26145.0,2023.0,0.749,2025.0,0.507,2025.0,2.0559533103824,2023.0,6198013062.06553,2025.0,0.40654782569511844,2025.0,Fiji,-18.0,175.0,18272.0,False,0.0,Oceania,Melanesia,English|Fiji Hindi|Fijian,True,True,True,East Asia & Pacific,Upper middle income,0.5222999777938685,0.390552086823369,0.31692932001760427,0.5702984537935993,0.7222099170383454,0.6094599006789393,0.423437403762479,0.5048187336926893,0.3670418057395923,0.4771868539821869,0.6702858543330964,0.7487591151418592,0.5345306560093576,0.47389824225518595,0.7638442923367709,0.4099271282116139,0.6339894238369613,0.46412806872758416,0.5048381713516252,0.5857293378021343,0.7638442923367709,Fiji
FRA,63975.353585864,2025.0,4396407858114.73,2025.0,67.1923772838849,2025.0,0.92,2023.0,88.65381638,2024.0,71.5346908569336,2024.0,68720337.0,2025.0,606410.0,2023.0,117109000.0,2020.0,35958000000.0,2020.0,497793.0,2023.0,0.967,2025.0,0.865,2025.0,1.33506280409367,2023.0,3366315927447.33,2025.0,0.7656969135003947,2025.0,France,46.0,2.0,551695.0,False,8.0,Europe,Western Europe,French,False,True,True,Europe & Central Asia,High income,0.8050489555154537,0.8809126200849148,0.15777928541178166,0.9101042790363177,0.8753950490211839,0.580146775600223,0.841326292074332,0.7802150819472848,1.0,0.998994055760538,0.9205123914222597,0.9714034765202116,0.9707330149137342,0.5382256441255968,0.3797214743399837,0.6145802870040501,0.7885487012192417,0.8107706870108085,0.9731688157275992,0.8267873785198475,0.3797214743399837,France
FSM,4604.39540764468,2025.0,523441483.12727,2025.0,93.0654112335332,2025.0,0.615,2023.0,39.52360153,2024.0,47.808470617645796,2000.0,113683.0,2025.0,700.0,2023.0,18000.0,2019.0,27000000.0,2008.0,24228.0,,0.453,,0.498,,0.906766290056401,2019.0,501797600.0,2025.0,0.9586508065849885,2025.0,Micronesia,6.91666666,158.25,702.0,False,0.0,Oceania,Micronesia,English,True,True,True,East Asia & Pacific,Upper middle income,0.2599694276376084,0.09866832339723604,0.23731674326726132,0.36174038115785684,0.3358419959424475,0.3799646410468766,0.21881438696550104,0.2483226849686273,0.12027173647526536,0.2521145373964443,0.6638190887697973,0.4464530097840963,0.5235646749195828,0.5958616169943216,0.17335037199907988,0.19865149810070193,0.35918233938239363,0.23356853596706417,0.34540178754716894,0.5219597672326669,0.17335037199907988,Micronesia
GAB,22218.341068445,2025.0,57615046774.8167,2025.0,84.8918905135603,2025.0,0.733,2023.0,68.72090149,2024.0,47.808470617645796,2003.0,2593130.0,2025.0,267670.0,2023.0,526000.0,2005.0,28700000.7629395,2015.0,2305.0,2016.0,0.416,2025.0,0.302,2025.0,3.77663964401616,,21427119323.2764,2025.0,0.3719014480196883,2025.0,Gabon,-1.0,11.75,267668.0,False,3.0,Africa,Middle Africa,French,False,True,True,Sub-Saharan Africa ,Upper middle income,0.5859845284077599,0.5056483025224922,0.21219015544378067,0.5738942826321467,0.6564897354886887,0.3799646410468766,0.522781611509328,0.715908828314542,0.4931381743658488,0.25845356484359006,0.46404487383097204,0.40866474661437585,0.2847499756311531,0.3832991758893981,0.8008998346670991,0.43460766212467755,0.5367828863892373,0.6193452199119349,0.4052122043468036,0.35890463271164236,0.8008998346670991,Gabon
GBR,64606.4955066338,2025.0,4489311553269.46,2025.0,62.4573294634195,2025.0,0.946,2023.0,95.4720993,2024.0,80.4146499633789,2023.0,69487000.0,2025.0,243610.0,2023.0,11101000.0,2020.0,31658000000.0,1998.0,839180.0,2023.0,0.955,2025.0,0.772,2025.0,1.11868407522333,2021.0,4002587541846.01,2025.0,0.8915815920441118,2025.0,United Kingdom,54.0,-2.0,242900.0,False,1.0,Europe,Northern Europe,English,True,True,True,Europe & Central Asia,High income,0.8070824339090746,0.8827229531983841,0.14322306184724423,0.9568500539374325,0.9502741306102318,0.655068493039697,0.8424046873526987,0.7085026692190459,0.8300495715366702,0.9857719908009537,0.9648624209505563,0.9591478236003023,0.857417876986061,0.5645705488881683,0.24508330009227536,0.611009482984901,0.8540642258624538,0.7754536782858723,0.9268946610960601,0.7937120831581771,0.24508330009227536,United Kingdom
GEO,29414.3813424216,2025.0,115768121998.537,2025.0,100.627997400937,2025.0,0.844,2023.0,83.79855689,2024.0,89.4861221313477,2025.0,3935766.0,2025.0,69700.0,2023.0,1513000.0,2020.0,586000000.0,2020.0,2835.0,2023.0,0.543,2025.0,0.401,2025.0,2.02806499553233,2019.0,38143612855.1367,2025.0,0.32948286796618104,2025.0,Georgia,42.0,43.5,69700.0,False,4.0,Asia,Western Asia,Georgian,False,True,True,Europe & Central Asia,Upper middle income,0.6441001825438122,0.5660579994373767,0.2605652296928933,0.773462783171521,0.8220740918603583,0.7316060385825929,0.5633376886189589,0.6101037172643439,0.6098669775354211,0.5716061553862265,0.48162055218963656,0.5383704066834161,0.4053757676186763,0.47593305118044527,0.8462680259247916,0.49024113722469403,0.7757143045381575,0.5867207029416515,0.5543645617037614,0.47322640849417913,0.8462680259247916,Georgia
GHA,8610.2796922986,2025.0,301913189126.834,2025.0,68.9668717609486,2024.0,0.628,2023.0,72.17569733,2024.0,21.330810546875,2024.0,35064272.0,2025.0,238539.0,2023.0,897000.0,2015.0,191000000.0,2020.0,11490.0,2023.0,0.568,2025.0,0.711,2025.0,1.83111773115644,2022.0,114209905278.717,2025.0,0.37828723418484816,2025.0,Ghana,8.0,-2.0,238533.0,False,3.0,Africa,Western Africa,English,True,True,True,Sub-Saharan Africa ,Lower middle income,0.3896261959666609,0.6490406265334724,0.16323433872941373,0.3851132686084142,0.6944306573618548,0.1565681431011966,0.7759234799633739,0.7068485618938394,0.5521080572812935,0.4552237335233937,0.6004641564254899,0.5639030169332271,0.7830928940442538,0.49115304072514343,0.7940700075558131,0.40063372040984907,0.41203735635715527,0.7413860209286066,0.5359319824100591,0.612716317234208,0.7940700075558131,Ghana
GIN,4934.65125959855,2025.0,74511886860.1443,2025.0,103.678013340369,2025.0,0.5,2023.0,33.30469894,2024.0,10.8547201156616,2014.0,15099727.0,2025.0,245860.0,2023.0,99000.0,2017.0,1289999.96185303,2020.0,13178.5,1999.0,0.106,2025.0,0.187,2025.0,3.74921291744897,,28346024753.2924,2025.0,0.3804228553022245,2025.0,Guinea,11.0,-10.0,245857.0,False,6.0,Africa,Western Africa,French,False,True,True,Sub-Saharan Africa ,Lower middle income,0.2743179729801617,0.5279121834215194,0.2699414209317415,0.15498022294138797,0.2675453705464818,0.06817959561474976,0.6940311639817609,0.709225596857684,0.3086144432366882,0.0,0.6121078553791418,0.09206037951671875,0.14462910615069693,0.3843851075223065,0.791785884249826,0.35739052577780756,0.16356839636753984,0.7016283804197225,0.30690743287194333,0.20702486439657405,0.791785884249826,Guinea
GMB,3705.64184038599,2025.0,10457665898.2604,2025.0,62.1713935326955,2025.0,0.524,2023.0,49.49430084,2024.0,13.4765901565552,2024.0,2822093.0,2025.0,11300.0,2023.0,246000.0,2020.0,53000000.0,2020.0,1136.0,2019.0,0.796,2025.0,0.641,2025.0,4.408920174698675,,2593673987.53306,2025.0,0.2480165280442273,2025.0,Gambia,13.46666666,-16.56666666,10689.0,False,1.0,Africa,Western Africa,English,True,True,True,Sub-Saharan Africa ,Low income,0.2149885077074254,0.3579194037350256,0.14234405333654593,0.19813016900395544,0.44534123730472197,0.09030075676111975,0.5310060844804686,0.46703886512932274,0.4091757715699149,0.3221336860818456,0.4039564484665044,0.796760422411504,0.6978019300126718,0.3602364997603933,0.9333991954731645,0.238417321592999,0.2445907210232657,0.4990224748048957,0.3784219687060883,0.6182662840615231,0.9333991954731645,Gambia
GNB,3293.09532269486,2025.0,7407867324.83194,2025.0,40.8792835027354,2025.0,0.514,2023.0,29.77739906,2024.0,6.38221001625061,2006.0,2249515.0,2025.0,36130.0,2023.0,52400.0015258789,2019.0,18920000.0762939,2019.0,2291.0,1998.0,0.169,2025.0,0.252,2025.0,1.11876398954435,2017.0,2527930272.92988,2025.0,0.341249399061994,2025.0,Guinea-Bissau,12.0,-15.0,36125.0,False,2.0,Africa,Western Africa,Portuguese|Upper Guinea Creole,False,True,True,Sub-Saharan Africa ,Low income,0.19054037375067465,0.3280703653542967,0.07688901982721882,0.180151024811219,0.22880820187769343,0.03044427117276578,0.5089644113148812,0.558435741157735,0.23832480789268662,0.21519581230324158,0.46352750246425756,0.15640255734624262,0.2238278584657374,0.5645599061361914,0.8336832993139277,0.1984999196440634,0.1464678326205594,0.5337000762363081,0.30568270755339527,0.31493010731605714,0.8336832993139277,Guinea-Bissau
GNQ,16133.1056143137,2025.0,31272912049.0597,2025.0,74.9321719146879,2025.0,0.674,2023.0,63.29930115,2024.0,47.808470617645796,2000.0,1938431.0,2025.0,28050.0,2023.0,733500.0,,14000000.0,2001.0,3063.0,2023.0,0.046,2025.0,0.172,2025.0,3.77663964401616,,12823210425.9217,2025.0,0.41004209668115194,2025.0,Equatorial Guinea,2.0,10.0,28051.0,False,2.0,Africa,Middle Africa,French|Portuguese|Spanish,False,True,True,Sub-Saharan Africa ,Upper middle income,0.5196912687148272,0.45275071584262305,0.18157253634847476,0.46781733189500185,0.5969491650891737,0.3799646410468766,0.49449744749322144,0.5385309610897946,0.5298761063081127,0.18393038757184585,0.48818955704466344,0.030782114917172212,0.12635247100107222,0.3832991758893981,0.7601070443147813,0.38467150696864166,0.4815770460103508,0.5165142042915081,0.4006653503082073,0.18014458726921415,0.7601070443147813,Equatorial Guinea
GRC,45263.6498511586,2025.0,471373929531.271,2025.0,83.4516228818392,2025.0,0.908,2023.0,86.26968886,2024.0,165.113418579102,2023.0,10413962.0,2025.0,131960.0,2023.0,7406000.0,2020.0,6193000000.0,2020.0,167624.0,2023.0,0.808,2025.0,0.741,2025.0,0.839605274224601,2023.0,280635521324.441,2025.0,0.5953564754917647,2025.0,Greece,39.0,22.0,131990.0,False,4.0,Europe,Southern Europe,Greek,False,True,True,Europe & Central Asia,High income,0.7333807019173385,0.6876090463006209,0.2077625639103886,0.8885293060050342,0.8492123163327061,1.0,0.6579181993301428,0.6602951020448892,0.7853328682735988,0.8163889740800463,0.8280775099760084,0.8090160753314133,0.8196461643435032,0.6073266982428283,0.5619066762195936,0.542917437376116,0.9125805407792468,0.6591066506875161,0.8099331174432178,0.7453296459725817,0.5619066762195936,Greece
GRD,21345.9653408221,2025.0,2503945772.37446,2025.0,79.8295815452306,,0.791,2023.0,70.16159821,2024.0,99.9891967773438,2018.0,117303.0,2025.0,340.0,2023.0,217000.0,2020.0,548000000.0,2018.0,24228.0,,0.453,,0.498,,13.6657527694502,2023.0,1420173228.56948,2025.0,0.5671741154452988,2025.0,Grenada,12.11666666,-61.66666666,344.0,False,0.0,Americas,Caribbean,English,True,True,True,Latin America & Caribbean ,Upper middle income,0.5776875579337213,0.23416901712574398,0.19662788365905196,0.678173318950018,0.6723116144731344,0.8202222564547973,0.2218612896928675,0.1915390017194689,0.39531764582121465,0.5646458709088744,0.6638190887697973,0.4464530097840963,0.5235646749195828,0.19169148251626117,0.5920487200850033,0.33616148623950576,0.7235690632926498,0.20670014570616818,0.5412608684999621,0.3872363890733134,0.5920487200850033,Grenada
GTM,15197.0831415082,2025.0,284001281295.612,2025.0,46.527609355823,2025.0,0.662,2023.0,60.22140121,2024.0,27.2948879201171,2023.0,18687881.0,2025.0,108890.0,2023.0,594000.0,2020.0,298500000.0,2020.0,1666.0,2023.0,0.695,2025.0,0.637,2025.0,23.3657267272051,2023.0,123306008821.471,2025.0,0.4341741285776944,2025.0,Guatemala,15.5,-90.25,108889.0,False,4.0,Americas,Central America,Spanish,False,True,True,Latin America & Caribbean ,Upper middle income,0.5073106815407389,0.6437458791135366,0.09425279248597493,0.4462423588637181,0.5631473526043693,0.2068880730005221,0.7147542494956795,0.645184916776541,0.5065702760288004,0.5015771640000326,0.43647433154814336,0.6936086770022672,0.6929281606394385,0.11177750551303134,0.7342969715320988,0.4151031177134168,0.40542592815620315,0.6799695831361102,0.48154059052565884,0.4994381143849124,0.7342969715320988,Guatemala
GUY,97899.0116180627,2025.0,81842203126.5377,2025.0,101.75027507206201,2005.0,0.776,2023.0,83.00080109,2024.0,26.4315792489043,2024.0,835986.0,2025.0,214970.0,2023.0,86400.0015258789,2020.0,28000000.0,2003.0,624.0,2021.0,0.52,2025.0,0.515,2025.0,19.1201580922439,2023.0,27097477218.2254,2025.0,0.3310941810343192,2025.0,Guyana,5.0,-59.0,214969.0,False,3.0,Americas,South America,English,True,True,True,Latin America & Caribbean ,High income,0.8931732296484433,0.5360355160964122,0.26401527398004443,0.6512046026609134,0.8133130559313394,0.19960419167265578,0.41274935433551857,0.6986680207711801,0.29357439187655343,0.25589007661702956,0.35307779954390833,0.5148804052535899,0.5442781947558242,0.14165370663013427,0.8445446688638267,0.5644080065749666,0.5547072834216362,0.5557086875533493,0.30084742267916376,0.40027076887984947,0.8445446688638267,Guyana
HKG,80422.8129947646,2025.0,603082632366.44,2025.0,396.645420727816,2025.0,0.955,2023.0,95.75536971,2024.0,120.08978583196,2024.0,7498900.0,2025.0,1110.0,2023.0,3569000.0,2020.0,32697000000.0,2019.0,143874.0,2023.0,0.756,2025.0,0.151,2025.0,0.376205815214825,2023.0,427310315921.993,2025.0,0.7085435610129697,2025.0,Hong Kong,22.267,114.188,1104.0,False,1.0,Asia,Eastern Asia,Chinese|English,True,False,False,East Asia & Pacific,High income,0.8524420081434394,0.7089403529131353,1.0,0.9730312837108951,0.9533850352750903,0.9898143272588018,0.6259983045418286,0.28457528778854263,0.7046809963464479,0.9891244600544572,0.8151025789098104,0.7559082460118063,0.10076518179159762,0.7269338701664495,0.44084903267402126,0.8537941203521916,0.9720768820815957,0.45528679616518564,0.8363026784369052,0.5278690993232845,0.44084903267402126,Hong Kong
HND,7871.09129065536,2025.0,86628050081.2592,2025.0,91.507337541504,2025.0,0.645,2023.0,58.62269974,2024.0,23.3177890777588,2024.0,11005850.0,2025.0,112490.0,2023.0,669000.0,2020.0,189000000.0,2020.0,16565.0,2023.0,0.526,2025.0,0.511,2025.0,31.4424316507577,2023.0,39601409103.3005,2025.0,0.4571430277624098,2025.0,Honduras,15.0,-86.5,112492.0,False,3.0,Americas,Central America,Spanish,False,True,True,Latin America & Caribbean ,Lower middle income,0.3710335168592701,0.5409553984738494,0.23252699882303898,0.41567781373606616,0.5455902492671759,0.17333261715616438,0.6632914187110804,0.6477425468752224,0.5197070208795599,0.454130924627175,0.6315300949007011,0.5210082317135446,0.5394044253825909,0.06754464964017567,0.7097309108606581,0.3815053047187195,0.37820022671980214,0.6555169827931514,0.535122680135812,0.3759857689121038,0.7097309108606581,Honduras
HRV,50946.1671131832,2025.0,197477532964.121,2025.0,100.986286636193,2025.0,0.889,2023.0,83.63240029,2024.0,81.1775207519531,2023.0,3876200.0,2025.0,88070.0,2023.0,21608000.0,2020.0,5631853027.34375,2020.0,25311.0,2023.0,0.802,2025.0,0.686,2025.0,0.667347104040825,2023.0,105060182186.274,2025.0,0.5320108095808652,2025.0,Croatia,45.16666666,15.5,56594.0,False,5.0,Europe,Southeast Europe,Croatian,False,True,True,Europe & Central Asia,High income,0.757877869387749,0.6122899772088601,0.26166666275268463,0.8543689320388349,0.8202493430557196,0.6615049629579987,0.5618553527167338,0.6284984842600412,0.9036332267271209,0.8065284270383647,0.6675327599993998,0.8028882488714587,0.752631835461546,0.6415376348592331,0.6296571356354068,0.5439448364497647,0.7787077460175177,0.5951769184883875,0.7925648045882951,0.7323525730640793,0.6296571356354068,Croatia
HTI,3133.72347930529,2025.0,37310409448.3393,2025.0,15.8854793452678,2025.0,0.554,2023.0,47.8614006,2024.0,16.6614294830602,1986.0,11906095.0,2025.0,27750.0,2023.0,938000.0,2019.0,620000000.0,2018.0,1530.0,2023.0,0.171,2025.0,0.238,2025.0,41.1518089717388,2023.0,32077278409.2339,2025.0,0.8597407233937946,2025.0,Haiti,19.0,-72.41666666,27750.0,False,1.0,Americas,Caribbean,French|Haitian Creole,False,True,True,Latin America & Caribbean ,Lower middle income,0.1802651024010501,0.46803222928967575,5.444183797168779e-05,0.25206760158216474,0.4274085595715815,0.11717178502265083,0.6709336911992664,0.5376854358608765,0.5570459160477791,0.5774613390439038,0.4292425131690378,0.1584451661662275,0.20676966565942098,0.027450458871799335,0.2791382499966914,0.21611725784289917,0.2655493153921324,0.6043095635300715,0.5212499227535736,0.13088843023248262,0.2791382499966914,Haiti
HUN,49837.6008411067,2025.0,474167443640.1,2025.0,140.779303903333,2025.0,0.87,2023.0,93.77898628,2024.0,60.5168685913086,2024.0,9514251.0,2025.0,93030.0,2023.0,31641000.0,2020.0,4224000000.0,2020.0,298017.0,2023.0,0.605,2025.0,0.421,2025.0,0.722657964901225,2023.0,246490213513.054,2025.0,0.5198379113099626,2025.0,Hungary,47.0,20.0,93028.0,True,7.0,Europe,Central Europe,Hungarian,False,True,True,Europe & Central Asia,High income,0.7533208875271953,0.6881205795559243,0.38399616767224753,0.8202085580726357,0.9316801899580802,0.48718754496769123,0.6491354572827244,0.632806796609652,0.9457696866654707,0.7766651668626031,0.8769442523628053,0.6016912801029475,0.4297446144848426,0.6296743297199429,0.6426764865004786,0.6084792115851223,0.7463587643328023,0.6409711269461882,0.8664597019636263,0.5537034081025777,0.6426764865004786,Hungary
IDN,17659.7921291587,2025.0,5045777634646.3,2025.0,43.3912070511204,2025.0,0.728,2023.0,72.78075544,2024.0,44.8813034886441,2023.0,285721236.0,2025.0,1916906.77,2023.0,4053000.0,2020.0,3533000000.0,2020.0,736333.454,2023.0,0.338,2025.0,0.462,2025.0,0.303768746039586,2022.0,1445642584163.81,2025.0,0.2865054088466875,2025.0,Indonesia,-5.0,120.0,1904569.0,False,3.0,Asia,South-Eastern Asia,Indonesian,False,True,True,East Asia & Pacific,Upper middle income,0.5384200224906576,0.8928389805280701,0.08461103703458137,0.5649047105357784,0.7010754675166092,0.35526763671292627,0.9798347476177214,0.8707148302509691,0.7187311076620676,0.7581199974903979,0.9537594643053402,0.3290030026349654,0.47970075056048356,0.7587979577354338,0.8922339583686245,0.505290013351103,0.5404159382551046,0.9252747889343452,0.810203523152602,0.5225005703102942,0.8922339583686245,Indonesia
IND,11747.9160436011,2025.0,17197369286822.0,2025.0,46.2682006859907,2025.0,0.685,2023.0,70.0,2025.0,34.4465039692543,2025.0,1463865525.0,2025.0,3287260.0,2023.0,17914000.0,2019.0,13413000000.0,2020.0,1234696.0,2023.0,0.397,2025.0,0.377,2025.0,2.81530423021647,2022.0,3956067115771.63,2025.0,0.23003908619925287,2025.0,India,20.0,77.0,3287590.0,False,6.0,Asia,Southern Asia,English|Hindi|Tamil,True,True,True,South Asia,Lower middle income,0.453987764397448,0.9989927051884551,0.09345533262161243,0.4875943905070119,0.6705369263745018,0.2672274676358148,1.0,0.9131249230610793,0.8829200812207892,0.8966183857651142,0.9976556753328004,0.3892599628245195,0.3761331513792767,0.42706663277516616,0.9526267136719828,0.5154786007358384,0.47511959483910954,0.9565624615305397,0.9257313807729012,0.3974865823263208,0.9526267136719828,India
IRL,155089.413131749,2025.0,850567259429.132,2025.0,239.958912343567,2025.0,0.949,2023.0,97.18769836,2024.0,77.5933380126953,2022.0,5484367.0,2025.0,70280.0,2023.0,10951000.0,2019.0,4160000000.0,2020.0,1108607.0,2023.0,0.983,2025.0,0.887,2025.0,0.654270171245596,2023.0,721701359046.313,2025.0,0.8484941679164693,2025.0,Ireland,53.0,-8.0,70273.0,False,1.0,Europe,Northern Europe,English|Irish,True,True,True,Europe & Central Asia,High income,0.9884700146846952,0.7387077174166334,0.688888664694048,0.9622437971952533,0.9691150152574524,0.6312646067555469,0.5955885613409109,0.6107553453885588,0.8285465383715864,0.7750801607082821,0.9885077744436898,0.9877443470800907,0.9975387464665172,0.6444861044242463,0.29116684405245485,0.8053554655984589,0.8542078064027508,0.6031719533647348,0.8640448245078528,0.8765897326569515,0.29116684405245485,Ireland
IRN,19699.2193549189,2025.0,1820556170291.92,2025.0,60.2426223967467,2025.0,0.799,2023.0,85.3404007,2024.0,58.6838607788086,2022.0,92417681.0,2025.0,1745150.0,2023.0,1550000.0,2020.0,5252000000.0,2018.0,144976.0,2023.0,0.209,2025.0,0.159,2025.0,2.37540050451863,2014.0,362682115433.364,2025.0,0.19921500986987356,2025.0,Iran,32.0,53.0,1648195.0,False,7.0,Asia,Southern Asia,Persian (Farsi),False,True,True,"Middle East, North Africa, Afghanistan & Pakistan",Upper middle income,0.5610577859203727,0.804587691102964,0.13641473119995595,0.6925566343042071,0.8390067785501266,0.4717221479150411,0.8701242962281542,0.8633333599677381,0.6125362594414029,0.7992790087300675,0.8157505630261007,0.1972547337459403,0.11051272053806414,0.45238038925861224,0.985594167756702,0.5006867360744308,0.6677618535897917,0.8667288280979462,0.7425219437325237,0.2533826145142056,0.985594167756702,Iran
IRQ,14266.7965348226,2025.0,670835815567.878,2025.0,77.1389393108395,2024.0,0.695,2023.0,81.47450256,2024.0,47.808470617645796,2005.0,47020774.0,2025.0,435050.0,2023.0,892000.0,2013.0,955000000.0,2020.0,36885.0,2023.0,0.199,2025.0,0.369,2025.0,9.46375217111484,2013.0,254367293538.462,2025.0,0.37917965564067896,2025.0,Iraq,33.0,44.0,438317.0,False,6.0,Asia,Western Asia,Arabic|Aramaic|Sorani,False,True,True,"Middle East, North Africa, Afghanistan & Pakistan",Upper middle income,0.49422609724621736,0.7181575811821224,0.18835645929735803,0.5055735346997482,0.7965510890992101,0.3799646410468766,0.8044428726358466,0.7541013982275601,0.5514904969596881,0.6223089572167635,0.699511695442999,0.18704168964601592,0.36638561263281016,0.2464333709076054,0.7931155308326524,0.4669133792418993,0.5606964216152783,0.7792721354317034,0.6244370498731502,0.26662022439547717,0.7931155308326524,Iraq
ISL,83431.2131434311,2025.0,32738741762.3349,2025.0,82.4877303813374,2025.0,0.972,2023.0,98.209198,2024.0,76.5200729370117,2023.0,392404.0,2025.0,103000.0,2023.0,488000.0,2020.0,881000000.0,2008.0,37800.0,2023.0,0.983,2025.0,0.807,2025.0,1.29013114183057,2023.0,38582528789.0033,2025.0,1.1784976059584407,2025.0,Iceland,65.0,-18.0,103000.0,False,0.0,Europe,Northern Europe,Icelandic,False,True,True,Europe & Central Asia,High income,0.8600490534976204,0.45671625898777335,0.20479941860299736,1.0,0.9803332289608437,0.6222092877192623,0.3392344027395759,0.6408121928270718,0.48485364839885764,0.6139358203394321,0.7015926493930628,0.9877443470800907,0.9000633590018521,0.5433261798698743,0.0,0.5071882436961304,0.867514172226702,0.4900232977833239,0.6001273727104509,0.810377961983939,0.0,Iceland
ISR,59716.9735387228,2025.0,604502979737.783,2025.0,52.9892163743201,2025.0,0.919,2023.0,88.18242225,2024.0,56.2561111450195,2024.0,10122800.0,2025.0,22070.0,2023.0,4905000.0,2019.0,2661000000.0,2020.0,48607.0,2023.0,0.889,2025.0,0.694,2025.0,1.62581066709758,2022.0,610777842873.595,2025.0,1.0103802021596882,2025.0,Israel,31.47,35.13,20770.0,False,5.0,Asia,Western Asia,Arabic|Hebrew,False,True,True,"Middle East, North Africa, Afghanistan & Pakistan",High income,0.7907809903593342,0.7091440004300019,0.11411670936996181,0.9083063646170444,0.8702181503892233,0.45123881348791384,0.655161864694105,0.5196771516853563,0.7398106818060662,0.7286938644586983,0.7229471426772691,0.8917417325408011,0.7623793742080124,0.5088707345225691,0.11802392992776507,0.5380139000530993,0.743254442831394,0.5874195081897307,0.7304838963140113,0.7209972804237942,0.11802392992776507,Israel
ITA,62802.5108384276,2025.0,3700051124493.07,2025.0,62.5232263591126,2025.0,0.915,2023.0,89.2207202,2024.0,75.9496536254883,2023.0,58915656.0,2025.0,302070.0,2023.0,38419000.0,2020.0,20459000000.0,2020.0,185458.0,2023.0,0.865,2025.0,0.745,2025.0,0.568072449338316,2023.0,2551556954100.35,2025.0,0.689600459088232,2025.0,Italy,42.83333333,12.83333333,301336.0,False,6.0,Europe,Southern Europe,Italian,False,True,True,Europe & Central Asia,High income,0.8012163205364691,0.8659842204174641,0.14342563845941106,0.9011147069399498,0.8816208448540919,0.617396563474963,0.8263633544935994,0.7254158754081242,0.9672139191644346,0.9404492970800352,0.8366636101193986,0.8672304267009825,0.8245199337167365,0.6655338979150641,0.4611093589284924,0.6035420598044481,0.8000440384230015,0.7758896149508618,0.9147756087879562,0.785761419444261,0.4611093589284924,Italy
JAM,13291.253767787,2025.0,37708310365.7517,2025.0,79.8295815452306,,0.72,2023.0,90.10870361,2024.0,26.2334142821948,2015.0,2837077.0,2025.0,10990.0,2023.0,1329699.95117188,2020.0,2060000000.0,2011.0,1215.272,2018.0,0.847,2025.0,0.805,2025.0,49.4403451527686,2023.0,22704903217.5631,2025.0,0.6021193470971498,2025.0,Jamaica,18.25,-77.5,10991.0,False,0.0,Americas,Caribbean,English|Jamaican Patois,True,True,True,Latin America & Caribbean ,Upper middle income,0.47955481587086307,0.4689505865023345,0.19662788365905196,0.5505213951815893,0.891372769640327,0.19793224031970016,0.5315208105406555,0.46485153185991546,0.5955993048212611,0.7021174118162286,0.4096848651994594,0.8488469473211185,0.8976264743152355,0.00011126035709583198,0.5546735427187244,0.3817110953440832,0.546608801713872,0.49818617120028547,0.5691338606123163,0.5821948939978167,0.5546735427187244,Jamaica
JOR,12631.6299394746,2025.0,145525016937.626,2025.0,79.8295815452306,2007.0,0.754,2023.0,95.62244985,2024.0,35.9184001120427,2024.0,11520684.0,2025.0,89318.0,2023.0,1240000.0,2020.0,1745000000.0,2020.0,34667.0,2023.0,0.774,2025.0,0.282,2025.0,0.987830151085125,2023.0,61610052535.2113,2025.0,0.42336399494540655,2025.0,Jordan,31.0,36.0,89342.0,False,5.0,Asia,Western Asia,Arabic,False,True,True,"Middle East, North Africa, Afghanistan & Pakistan",Upper middle income,0.4690110562350646,0.5858618677017138,0.19662788365905196,0.6116504854368932,0.9519252957543746,0.27964610443226146,0.6677351582461574,0.6296049369377598,0.5878830800994098,0.6848890172861336,0.6942450757610759,0.7742917253916702,0.2603811287649868,0.5831043368556792,0.7458587967872631,0.4171669358652768,0.6144072952078431,0.6486700475919586,0.6556723910488731,0.5392590636707787,0.7458587967872631,Jordan
JPN,55421.8797530311,2025.0,6837216297272.17,2025.0,44.8529388577573,2024.0,0.925,2023.0,85.54153081,2024.0,64.4907608032227,2023.0,123366734.0,2025.0,377969.27,2023.0,4115799.8046875,2020.0,11395000000.0,2020.0,975616.0,2023.0,0.956,2025.0,0.819,2025.0,0.229153196964695,2023.0,4435162999976.94,2025.0,0.6486796390727654,2025.0,Japan,36.0,138.0,377930.0,False,0.0,Asia,Eastern Asia,Japanese,False,True,True,East Asia & Pacific,High income,0.7753198673347997,0.919141742364712,0.0891046125538906,0.9190938511326863,0.8412156100247677,0.5207159459284404,0.8982001030059279,0.7430418059934603,0.7204298487309828,0.8796912342004176,0.9776554803894971,0.9601691280102947,0.9146846671215517,0.8007941883019075,0.504875642159602,0.5945220740844674,0.7603418023619648,0.8206209544996941,0.8592588544402991,0.8918826611445847,0.504875642159602,Japan
KAZ,44293.4839632441,2025.0,923242483532.805,2025.0,57.1613431963924,2024.0,0.837,2023.0,93.39167254,2024.0,52.8612860406142,2025.0,20843754.0,2025.0,2724902.0,2023.0,2035000.0,2020.0,589000000.0,2020.0,89366.362,2023.0,0.217,2025.0,0.259,2025.0,2.55058633787163,2022.0,306239209650.024,2025.0,0.3316996510799566,2025.0,Kazakhstan,48.0,68.0,2724900.0,True,5.0,Asia,Central Asia,Kazakh|Russian,False,True,True,Europe & Central Asia,Upper middle income,0.7288927156667295,0.745805534549209,0.1269424321639754,0.7608773822366054,0.9274266707834873,0.4225960996893699,0.7253665518911426,0.8983716314537947,0.6426137740980314,0.5721362802140467,0.7746630059276995,0.20542516902587984,0.2323569548688956,0.44177879397235825,0.8438970969555585,0.5338802274599713,0.7036333842364876,0.8118690916724687,0.6631376867465926,0.2931869726223779,0.8438970969555585,Kazakhstan
KEN,7015.93578839722,2025.0,403644276634.412,2025.0,37.5210445911226,2025.0,0.628,2023.0,34.97622513,2024.0,10.4185962462804,2024.0,57532493.0,2025.0,591969.0,2023.0,2049000.0,2019.0,1762000000.0,2019.0,69323.0,2023.0,0.64,2025.0,0.563,2025.0,4.87166844718499,2022.0,135941278878.815,2025.0,0.33678485425903737,2025.0,Kenya,1.0,38.0,580367.0,False,5.0,Africa,Eastern Africa,English|Swahili,True,True,True,Sub-Saharan Africa ,Lower middle income,0.3472100920585155,0.6741803568066523,0.06656530648069553,0.3851132686084142,0.28590224241991247,0.06449994473812895,0.824054155728759,0.7783198628170016,0.6433712391386374,0.6858955093846154,0.753095428790113,0.637436934452683,0.6027634272346232,0.34536646857958864,0.8384582899487764,0.36265191844862116,0.24517181858881854,0.8011870092728803,0.6941207257711218,0.5285222767556316,0.8384582899487764,Kenya
KGZ,9219.51443675205,2025.0,67699484557.9942,2025.0,92.4074476416439,2025.0,0.72,2023.0,92.0286026,2024.0,53.8761747562613,2025.0,7343064.0,2025.0,199950.0,2023.0,8508000.0,2019.0,195000000.0,2020.0,5514.0,2023.0,0.353,2025.0,0.313,2025.0,1.74734308054439,2020.0,22623752095.4613,2025.0,0.33417908929691853,2025.0,Kyrgyzstan,41.0,75.0,199951.0,True,4.0,Asia,Central Asia,Kyrgyz|Russian,False,True,True,Europe & Central Asia,Lower middle income,0.4037872687421075,0.519611750074719,0.23529406778350553,0.5505213951815893,0.9124572970501899,0.4311588874989481,0.6239570719392281,0.6929725358729538,0.8006584317180714,0.457375435137352,0.5381151417265189,0.344322568784852,0.2981528414075446,0.49813018992029223,0.8412452489423324,0.3862310288667774,0.6313791932435757,0.658464803906091,0.5987163361939808,0.38020186670422956,0.8412452489423324,Kyrgyzstan
KHM,8542.6965378612,2025.0,152469894039.209,2025.0,136.089748673383,2025.0,0.606,2023.0,68.47530365,2024.0,21.4437426836662,2024.0,17847982.0,2025.0,181040.0,2023.0,1306000.0,2020.0,1119000000.0,2020.0,9161.0,2023.0,0.068,2025.0,0.183,2025.0,3.74921291744897,2011.0,51267065842.9641,2025.0,0.33624386090135483,2025.0,Cambodia,13.0,105.0,181035.0,False,3.0,Asia,South-Eastern Asia,Khmer,False,True,True,East Asia & Pacific,Lower middle income,0.38799393372593477,0.5898977327897974,0.369579794927212,0.345559151384394,0.6537925548472826,0.15752097064703127,0.710284488181462,0.6851603908883169,0.5936123784308114,0.6387616332847775,0.5812273515057098,0.05325081193700595,0.13975533677746368,0.3843851075223065,0.8390369017290275,0.4491571538143147,0.38562422562623594,0.6977224395348894,0.604533787740433,0.19246375207892538,0.8390369017290275,Cambodia
KIR,3936.61263730517,2025.0,537300385.640508,2025.0,102.110426164684,2024.0,0.644,2023.0,89.44029999,2024.0,4.96087980270386,2024.0,136488.0,2025.0,810.0,2023.0,12000.0,2019.0,5170000.07629395,2017.0,4427.0,2023.0,0.346,,0.351,,7.12479070927292,2012.0,349227254.158833,2025.0,0.6499665056866174,2025.0,Kiribati,1.41666666,173.0,811.0,False,0.0,Oceania,Micronesia,English|Gilbertese,True,True,True,East Asia & Pacific,Lower middle income,0.22751289749701098,0.10093060216105798,0.2651224306593412,0.41387989931679253,0.8840322926047399,0.018452267676911317,0.23658492341960932,0.25979949191792207,0.07547544293131327,0.0805105974416227,0.519468853410785,0.3371734379149049,0.3444536504532605,0.2887294617365605,0.5034992922066631,0.19785531010580337,0.4387881531994812,0.2481922076687657,0.2251516312612403,0.323452183368242,0.5034992922066631,Kiribati
KNA,36777.262691657,2025.0,1725662720.01793,2025.0,101.75027507206201,,0.84,2023.0,76.88400269,2024.0,93.92236328125,2015.0,46922.0,2025.0,260.0,2023.0,301399.993896484,2020.0,367000000.0,2018.0,118204.5,,0.9295,,0.7845,,64.1601437187219,2023.0,1183514814.81481,2025.0,0.6858320580759333,2025.0,Saint Kitts and Nevis,17.33333333,-62.75,261.0,False,0.0,Americas,Caribbean,English,True,True,True,Latin America & Caribbean ,High income,0.690373886076811,0.20194239938746084,0.26401527398004443,0.7662711254944263,0.7461377492109551,0.769035355760991,0.1327986967800526,0.17044457588145626,0.43161525777061094,0.5230246868286018,0.7984134511856918,0.933104561145495,0.8726484062774149,0.0,0.465139798835863,0.3854438531481055,0.7604814101554576,0.15162163633075443,0.5843511319283016,0.6019176558076366,0.465139798835863,Saint Kitts and Nevis
KOR,63124.9152183625,2025.0,3262583720598.03,2025.0,86.3616006442431,2025.0,0.937,2023.0,97.89563777,2024.0,111.853302001953,2024.0,51684564.0,2025.0,100450.0,2023.0,2519000.0,2020.0,11776000000.0,2020.0,459734.8,2023.0,0.917,2025.0,0.819,2025.0,0.477306316584835,2023.0,1872374961553.15,2025.0,0.5738933072374751,2025.0,South Korea,37.0,127.5,100210.0,False,1.0,Asia,Eastern Asia,Korean,False,True,True,East Asia & Pacific,High income,0.8022769660753164,0.8550912374497489,0.21670825748803452,0.9406688241639699,0.9768896783894263,0.920321719600431,0.813635125637981,0.6388409480295143,0.6661867370293043,0.8831056244370679,0.9137581164882757,0.9203382560205895,0.9146846671215517,0.6914713539724192,0.5848623037094424,0.6246921536710333,0.9459600740512757,0.7262380368337477,0.8210168259848826,0.8421647590381869,0.5848623037094424,South Korea
KWT,56467.7272075432,2025.0,274732320247.405,2025.0,93.9909162684119,2024.0,0.852,2023.0,100.0,2025.0,51.8967176944636,2021.0,4865298.0,2025.0,17820.0,2023.0,2161000.0,2020.0,524000000.0,2020.0,68356.0,2023.0,0.691,2025.0,0.138,2025.0,0.249991818449578,2020.0,157209026926.418,2025.0,0.5722261828708264,2025.0,Kuwait,29.5,45.75,17818.0,False,2.0,Asia,Western Asia,Arabic,False,True,True,"Middle East, North Africa, Afghanistan & Pakistan",High income,0.7791922650743155,0.6408733238790095,0.24016187993928656,0.7878460985257101,1.0,0.41445787335126627,0.5839464529605041,0.5028577071566005,0.6492509639980042,0.559996621500175,0.7519024878498729,0.6895234593622975,0.08492543132858954,0.7878266258537084,0.5866453529539261,0.5534091562975372,0.7341013239589921,0.5434020800585523,0.6537166911160174,0.5207585055148652,0.5866453529539261,Kuwait
LAO,10382.9990718948,2025.0,81745829310.985,2025.0,75.0918909204124,2016.0,0.617,2023.0,65.59269714,2024.0,14.8841695785522,2023.0,7873046.0,2025.0,236800.0,2023.0,886400.024414063,2020.0,227000000.0,2020.0,10963.0,2023.0,0.346,2025.0,0.135,2025.0,3.74921291744897,,18302970218.5902,2025.0,0.22390096684884506,2025.0,Laos,18.0,105.0,236800.0,True,5.0,Asia,South-Eastern Asia,Lao,False,True,True,East Asia & Pacific,Lower middle income,0.42840501970239286,0.535933513822934,0.18206353573073716,0.36533620999640415,0.6221354748193668,0.10217674250208256,0.630730886641438,0.706273210192328,0.5507947093294986,0.47315030673843744,0.5964769470723013,0.3371734379149049,0.0812701042986646,0.3843851075223065,0.9591916522507983,0.38213402308535466,0.3632161424392845,0.668502048416883,0.5401406543800791,0.2676095499119587,0.9591916522507983,Laos
LBN,11917.4502960889,2024.0,69192263555.9809,2024.0,82.2323604617121,2024.0,0.752,2023.0,80.63400269,2024.0,54.4012561547071,2023.0,5849421.0,2025.0,10450.0,2023.0,1936000.0,2019.0,2369000000.0,2020.0,23751.0,2023.0,0.289,2025.0,0.419,2025.0,2.24466989542556,2020.0,25971643441.3408,2024.0,0.37535473052313295,2024.0,Lebanon,33.83333333,35.83333333,10452.0,False,2.0,Asia,Western Asia,Arabic|French,False,True,True,"Middle East, North Africa, Afghanistan & Pakistan",Lower middle income,0.45695560360278115,0.5214999054931637,0.20401437444237505,0.6080546565983459,0.7873206334141424,0.4355890880995934,0.6018522822274726,0.4608896988342319,0.6371038717824475,0.7166269217669764,0.662130458667566,0.2789590865453357,0.42730772979822595,0.460814259831016,0.7972064252958874,0.3941566278461066,0.6103214593706939,0.5313709905308522,0.6719537507389967,0.38902702539152595,0.7972064252958874,Lebanon
LBR,1981.09483342188,2025.0,11354062595.8765,2025.0,51.552881758394406,,0.51,2023.0,32.23360062,2024.0,10.838520055325,2012.0,5731206.0,2025.0,111370.0,2023.0,246000.0,,123000000.0,2009.0,2291.0,1992.0,0.36,2025.0,0.597,2025.0,3.08709483452429,2012.0,5245938900.0,2025.0,0.4620318811616548,2025.0,Liberia,6.5,-9.5,111369.0,False,3.0,Africa,Western Africa,English,True,True,True,Sub-Saharan Africa ,Low income,0.08527759153909165,0.3650390287990693,0.10970120849739755,0.1729593671341244,0.25578245905773817,0.06804291296469563,0.5998677611480014,0.6469557176594634,0.4091757715699149,0.4095354962918197,0.46352750246425756,0.35147169965479913,0.6441904669071059,0.4133358467850805,0.7045021069787746,0.18667260961185284,0.16559491305218607,0.6234117394037324,0.4274129234419974,0.46966600444899514,0.7045021069787746,Liberia
LBY,16521.3998152838,2025.0,123225769199.284,2025.0,137.658573201308,2025.0,0.721,2023.0,81.95449829,2024.0,47.808470617645796,2003.0,7458555.0,2025.0,1759540.0,2023.0,760000.0,2008.0,170000000.0,2010.0,11246.0,2023.0,0.125,2025.0,0.193,2025.0,3.77663964401616,,48098909613.6316,2025.0,0.3903315834518733,2025.0,Libya,25.0,17.0,1759540.0,False,6.0,Africa,Northern Africa,Arabic,False,True,True,"Middle East, North Africa, Afghanistan & Pakistan",Upper middle income,0.524617638166033,0.5714625343841329,0.37440258899980944,0.552319309600863,0.8018224513836406,0.3799646410468766,0.6254739401576686,0.8639790869817346,0.5337971783368165,0.4431317790746019,0.5986413293522578,0.11146516330657516,0.15193976021054684,0.3832991758893981,0.7811881444563985,0.49016092051665844,0.5780354673437934,0.7447265135697017,0.5251900955878921,0.21556803313550668,0.7811881444563985,Libya
LCA,28673.8437920214,2025.0,5165564285.28886,2025.0,79.8295815452306,,0.748,2023.0,68.20500183,2024.0,15.0396404266357,2023.0,180149.0,2025.0,620.0,2023.0,432500.0,2020.0,989000000.0,2018.0,24228.0,,0.453,,0.498,,39.0440891432332,2023.0,2656444444.44444,2025.0,0.5142602623318027,2025.0,Saint Lucia,13.88333333,-60.96666666,616.0,False,0.0,Americas,Caribbean,English,True,True,True,Latin America & Caribbean ,Upper middle income,0.6388185130445926,0.29685908616497086,0.19662788365905196,0.6008629989212513,0.6508240725664903,0.10348847635249328,0.2635627885352441,0.23877970594184456,0.47151490639429805,0.6259407474556183,0.6638190887697973,0.4464530097840963,0.5235646749195828,0.03528372790667103,0.6486419819340888,0.37743516095620516,0.4517251826134116,0.25117124723854434,0.587091580873238,0.3351004708701167,0.6486419819340888,Saint Lucia
LIE,197000.0,2023.0,7600000000.0,2023.0,147.162051317959,,0.938,2023.0,98.2641983,2024.0,46.0189590454102,2021.0,41024.0,2025.0,160.0,2023.0,58400.0015258789,2020.0,60000000.0,2023.0,205045.0,,0.995,,0.75,2024.0,5.12242598094458,2021.0,8905764270.4054,2024.0,1.1195518966507443,2024.0,Liechtenstein,47.26666666,9.53333333,160.0,True,2.0,Europe,Western Europe,German,False,True,True,Europe & Central Asia,High income,1.0,0.3302870721497125,0.4036176586995837,0.9424667385832434,0.9809372478904546,0.36486622913275074,0.11974176436729372,0.13226759676552116,0.25030200279229425,0.3350123217798396,0.8451899214316557,1.0,0.8306121454332781,0.33788849387885855,0.0012608909634970126,0.5779682436164321,0.7627567385354829,0.12600468056640746,0.47683474866792985,0.722833546437379,0.0012608909634970126,Liechtenstein
LKA,17065.0298635432,2025.0,371266789711.246,2025.0,41.8090026525048,2025.0,0.776,2023.0,54.59,2024.0,20.7412633848006,2023.0,21756000.0,2025.0,65610.0,2023.0,540000.0,2020.0,1076000000.0,2020.0,24228.0,2023.0,0.829,2025.0,0.783,2025.0,3.31094038448808,2019.0,108825231671.196,2025.0,0.29311868092439725,2025.0,Sri Lanka,7.0,81.0,65610.0,False,1.0,Asia,Southern Asia,Sinhala|Tamil,False,True,True,South Asia,Upper middle income,0.5313236800066491,0.6669418920317798,0.07974711129944918,0.6512046026609134,0.5013027275555376,0.15159403394543233,0.7295301748340175,0.6053486018408022,0.49604028785753107,0.6346936111357757,0.6638190887697973,0.8304634679412546,0.8708207427624525,0.4029063963498908,0.8851608269228705,0.42600422777929264,0.43470045472062774,0.6674393883374099,0.598184329254368,0.701396869017866,0.8851608269228705,Sri Lanka
LSO,3184.11725194709,2025.0,7525103904.45785,2025.0,153.981493548807,2025.0,0.55,2023.0,51.79660034,2024.0,9.93844298033582,2018.0,2363325.0,2025.0,30360.0,2023.0,1142000.0,2019.0,23100000.3814697,1999.0,13178.5,1999.0,0.716,2025.0,0.661,2025.0,3.74921291744897,2008.0,2573572920.05159,2025.0,0.3419983235749094,2025.0,Lesotho,-29.5,28.5,30355.0,True,1.0,Africa,Southern Africa,English|Sotho,True,True,True,Sub-Saharan Africa ,Lower middle income,0.18356960519652105,0.32942970539856836,0.42458161291112007,0.2448759439050702,0.4706253262939369,0.060448810393081163,0.5137617490700584,0.5447537730323728,0.578787128817064,0.23591881975289455,0.6121078553791418,0.7150560696121085,0.7221707768788381,0.3843851075223065,0.8328822977128214,0.31252697450206984,0.25865002686402944,0.5292577610512157,0.4756046013163668,0.6072039846710844,0.8328822977128214,Lesotho
LTU,56837.8067003598,2025.0,164191578213.025,2025.0,142.106304695382,2025.0,0.895,2023.0,89.16116293,2024.0,75.6177368164062,2024.0,2888774.0,2025.0,65290.0,2023.0,2284000.0,2020.0,834000000.0,2004.0,2217.0,2023.0,0.92,2025.0,0.786,2025.0,2.62779952622526,2023.0,95210150818.3512,2025.0,0.5798723165619609,2025.0,Lithuania,56.0,24.0,65300.0,False,4.0,Europe,Northern Europe,Lithuanian,False,True,True,Europe & Central Asia,High income,0.780545378356525,0.5963097627522317,0.38807556051721465,0.8651564185544768,0.8809667808130605,0.6145961251975601,0.5332760534128743,0.6049641459433012,0.6553668984411442,0.6082441949654549,0.4607392001706507,0.9234021692505668,0.8744760697923775,0.43733543340517655,0.5784675390043854,0.5883102338753238,0.7869064415216992,0.5691200996780877,0.5747834311924166,0.7450712241493737,0.5784675390043854,Lithuania
LUX,156542.075847247,2025.0,107539709844.783,2025.0,349.886879178876,2025.0,0.922,2023.0,99.12902211,2025.0,22.4103698730469,2024.0,686970.0,2025.0,2590.0,2023.0,525000.0,2020.0,4454000000.0,2020.0,48486.545,2023.0,0.979,2025.0,0.869,2025.0,1.5306610542428,2022.0,101157829491.107,2025.0,0.9406555925909855,2025.0,Luxembourg,49.75,6.16666666,2586.0,True,3.0,Europe,Western Europe,French|German|Luxembourgish,False,True,True,Europe & Central Asia,High income,0.9904011616009151,0.5596752024551165,1.0,0.9137001078748651,0.9904348315766915,0.16567656779381634,0.3936667599967881,0.3512009355526212,0.4929279340476589,0.782169487495108,0.7227364314253574,0.9836591294401209,0.9756067842869675,0.5178557537285485,0.19259689814807399,0.8500254546853437,0.6899371690817909,0.3724338477747047,0.6659446176560414,0.8257072224852123,0.19259689814807399,Luxembourg
LVA,46136.689377286,2025.0,85250682581.0084,2025.0,129.724453873327,2025.0,0.889,2023.0,92.70757011,2024.0,82.917350769043,2024.0,1847785.0,2025.0,64590.0,2023.0,3204000.0,2020.0,880000000.0,2007.0,43243.0,2023.0,0.973,2025.0,0.834,2025.0,2.49681788529087,2023.0,48618869160.3254,2025.0,0.5703047493388211,2025.0,Latvia,57.0,25.0,64559.0,False,4.0,Europe,Northern Europe,Latvian,False,True,True,Europe & Central Asia,High income,0.7373379021087042,0.5395678784411067,0.35001195576762856,0.8543689320388349,0.9199137878080716,0.6761842031854128,0.48984237582277224,0.6041165374582502,0.6927616803897064,0.6138179147202516,0.7130169633337141,0.9775313029801662,0.9329613022711765,0.44495316853595135,0.5887003949628523,0.542305912105813,0.8168223076774398,0.5469794566405113,0.6731988528145574,0.7851485912624314,0.5887003949628523,Latvia
MAC,137030.679100085,2025.0,93989342794.7481,2025.0,139.140512869582,2025.0,0.937,2023.0,89.82640076,2024.0,141.864795918367,2024.0,685900.0,2025.0,33.0,2023.0,5897000.0,2020.0,9442000000.0,2020.0,16207.0,2023.0,0.7,2024.0,0.25,2024.0,0.560293537784445,2023.0,52061007670.169,2025.0,0.5539033056530538,2025.0,Macau,22.16666666,113.55,30.0,False,1.0,Asia,Eastern Asia,Chinese|Portuguese,False,False,False,East Asia & Pacific,High income,0.962827019744187,0.5480159305978793,0.3789582864158564,0.9406688241639699,0.8882724908185189,1.0,0.3935152453671782,0.00813219329303382,0.7601600752485592,0.860173137372683,0.6296746400663438,0.6987151990522295,0.22139097377912076,0.667588170252111,0.6062423266611681,0.6299337455859743,0.9429804383274963,0.200823719330106,0.7500026175625286,0.529231447694487,0.6062423266611681,Macao
MAR,11111.7080078125,2025.0,433708561693.044,2025.0,93.1016567989424,2025.0,0.71,2023.0,91.2,2024.0,48.1839617510572,2024.0,38430770.0,2025.0,446550.0,2023.0,2802000.0,2020.0,4514000000.0,2020.0,81776.0,2023.0,0.526,2025.0,0.259,2025.0,1.70500474577332,2023.0,182374250612.28,2025.0,0.42049953983005495,2025.0,Morocco,32.0,-5.0,446550.0,False,3.0,Africa,Northern Africa,Arabic|Berber,False,True,True,"Middle East, North Africa, Afghanistan & Pakistan",Lower middle income,0.44245506562553477,0.6803995118013818,0.2374281673908022,0.5325422509888529,0.9033574984031872,0.3831327232712708,0.7848344391360559,0.7561529676804949,0.6779498363867029,0.7835586592468438,0.7671252339273337,0.5210082317135446,0.2323569548688956,0.5017846505879983,0.7489224341687695,0.4534275816059063,0.6063441575544369,0.7704937034082754,0.7428779098536268,0.4183832790568129,0.7489224341687695,Morocco
MCO,240000.0,2023.0,9000000000.0,2023.0,67.1923772838849,,0.956,2023.0,99.04489899,2024.0,77.4806900024414,2024.0,38341.0,2025.0,74.9,2023.0,159000.0,2020.0,1500000000.0,2023.0,3.0,2019.0,0.967,,0.6,2024.0,0.0,2023.0,11125788838.2812,2024.0,1.2,2023.0,Monaco,43.73333333,7.4,2.02,False,1.0,Europe,Western Europe,French,False,True,True,Europe & Central Asia,High income,1.0,0.3449241739597371,0.15777928541178166,0.974829198130169,0.989510982854086,0.6303141764333806,0.11316734665321251,0.07258351574284572,0.3609587325186593,0.6691827691665793,0.0,0.9714034765202116,0.6478457939370308,1.0,0.0,0.5009011531238395,0.8648847858058786,0.09287543119802912,0.34338050056174624,0.8730830901524141,0.0,Monaco
MDA,19995.7590923995,2025.0,47200529223.1046,2025.0,92.6661727857921,2025.0,0.785,2023.0,77.3687973,2024.0,74.7109378669046,2024.0,2360527.0,2025.0,33850.0,2023.0,29000.0,2020.0,354000000.0,2020.0,6643.666,2023.0,0.789,2025.0,0.553,2025.0,2.54314378217647,2023.0,20351796275.2943,2025.0,0.4311772899642007,2025.0,Moldova,47.0,29.0,33846.0,True,2.0,Europe,Eastern Europe,Moldavian,False,True,True,Europe & Central Asia,Upper middle income,0.5641526681086779,0.48838789885241135,0.2360894263908064,0.6673858324343761,0.7514618132872108,0.6069453090333665,0.5136466023434961,0.5533100789894959,0.1729629059601501,0.5192805736371742,0.5539424639943872,0.789611291541557,0.5905790038015402,0.4422141742598517,0.7375021978082711,0.42954333111729853,0.6752643182516511,0.533478340666496,0.4153953145305705,0.6074681565343163,0.7375021978082711,Moldova
MDG,1952.48426903369,2025.0,63925658752.4976,2025.0,54.2413796011714,2025.0,0.487,2023.0,18.67790031,2024.0,6.1466638463036,2023.0,32740678.0,2025.0,587295.0,2023.0,87099.9984741211,2020.0,202000000.0,2020.0,5367.0,2023.0,0.148,2025.0,0.361,2025.0,4.408920174698675,,19620352035.7899,2025.0,0.3069245185529407,2025.0,Madagascar,-20.0,47.0,587041.0,False,0.0,Africa,Eastern Africa,French|Malagasy,False,True,True,Sub-Saharan Africa ,Low income,0.08226434331230963,0.5146462349096863,0.11796604068834089,0.13160733549083062,0.10691236941511426,0.02845692828332486,0.7692589572057101,0.7776965367748474,0.29446588421281905,0.4610368282370047,0.5358204308251784,0.13495516473640132,0.35663807388634367,0.3602364997603933,0.8703949889053244,0.2382922063034456,0.08899221106308991,0.7734777469902787,0.43044104775833403,0.28394324612771277,0.8703949889053244,Madagascar
MDV,28554.8945669737,2025.0,15124842334.6564,2025.0,156.473955741011,2024.0,0.766,2023.0,85.23999786,2024.0,48.4968654322788,2022.0,529676.0,2025.0,300.0,2023.0,555000.0,2020.0,1409000000.0,2020.0,33484.0,2023.0,0.763,2025.0,0.556,2025.0,0.615093155858455,2019.0,7741066860.6337,2025.0,0.5118114086317554,2025.0,Maldives,3.25,73.0,300.0,False,0.0,Asia,Southern Asia,Maldivian,False,True,True,South Asia,Upper middle income,0.6379574463632336,0.3898643764218152,0.43224380308775745,0.6332254584681769,0.8379041442745557,0.3857727445719591,0.3683920934397039,0.18169703720454872,0.49906736088056053,0.6626854648652294,0.6912965212005587,0.7630573768817533,0.594234330831465,0.65368563451591,0.6512611187106078,0.4866885419576021,0.6189674491048972,0.2750445653221263,0.6176831156487829,0.6703257807430427,0.6512611187106078,Maldives
MEX,25868.4787520629,2025.0,3413265579050.57,2025.0,79.9239525815655,2025.0,0.789,2023.0,83.12233799,2024.0,48.203441619873,2024.0,131946900.0,2025.0,1957193.9,2023.0,51128000.0,2020.0,11449000000.0,2020.0,556879.0,2023.0,0.355,2025.0,0.469,2025.0,24.8589948436701,2023.0,1832641364775.52,2025.0,0.5369173075847458,2025.0,Mexico,23.0,-102.0,1964375.0,False,3.0,Americas,North America,Spanish,False,True,True,Latin America & Caribbean ,Upper middle income,0.617491605523167,0.858999920795743,0.19691799390819678,0.6745774901114707,0.8146477866191033,0.3832970782203962,0.904735701689294,0.8723503146821979,0.9987872699540378,0.8801820473955255,0.9300376150550063,0.34636517760483687,0.48822984696364163,0.10254777087662013,0.6244094602166458,0.5578031734090356,0.6241741183169901,0.8885430081857459,0.9363356441348566,0.3123809318150329,0.6244094602166458,Mexico
MHL,8964.32212870807,2025.0,325243535.473786,2025.0,115.909090909091,2025.0,0.733,2023.0,65.915802,2024.0,37.6853055916775,2024.0,36282.0,2025.0,180.0,2023.0,6099.99990463257,2019.0,20100000.3814697,2018.0,1693.0,2023.0,0.453,,0.498,,3.77663964401616,1994.0,308000000.0,2025.0,0.9469826957554525,2025.0,Marshall Islands,9.0,168.0,181.0,False,0.0,Oceania,Micronesia,English|Marshallese,True,True,True,East Asia & Pacific,Upper middle income,0.39797294393833704,0.05747344079039451,0.3075415268390177,0.5738942826321467,0.6256838454953314,0.29455378491824163,0.1078020466772711,0.14152924064910183,0.0007218495851191029,0.22147670109351872,0.4378395939950465,0.4464530097840963,0.5235646749195828,0.3832991758893981,0.1858298346086863,0.2543293038559164,0.49804397101523995,0.12466564366318647,0.22001271489122812,0.4511056201976924,0.1858298346086863,Marshall Islands
MKD,28028.5664230631,2025.0,51037468856.8534,2025.0,133.043033840548,2025.0,0.815,2023.0,93.1,2025.0,55.0082015991211,2023.0,1820909.0,2025.0,25710.0,2023.0,118000.0,2020.0,253000000.0,2020.0,24228.0,2009.0,0.368,2025.0,0.562,2025.0,1.52854990019388,2023.0,19101199817.0174,2025.0,0.37425836830958864,2025.0,North Macedonia,41.83333333,22.0,25713.0,True,5.0,Europe,Southeast Europe,Macedonian,False,True,True,Europe & Central Asia,Upper middle income,0.6341038313490264,0.4951538479139843,0.36021375176869114,0.7213232650125853,0.9242234930661354,0.44070998950718615,0.48841820845651673,0.5316813419836417,0.3280110596400272,0.4844080465806324,0.6638190887697973,0.3596421349347387,0.601544984891315,0.518061386750694,0.7983790239667775,0.4964904770105673,0.6954189158619689,0.5100497752200792,0.49207939833015235,0.4930828355255826,0.7983790239667775,North Macedonia
MLI,3502.76132351788,2025.0,88265455597.0502,2025.0,48.7722026619492,2025.0,0.419,2023.0,36.80149841,2024.0,5.12750941173932,2015.0,25198821.0,2025.0,1240190.0,2023.0,217000.0,2019.0,231000000.0,2018.0,0.0,2014.0,0.421,2025.0,0.164,2025.0,4.408920174698675,,30069148580.7688,2025.0,0.3406672336008845,2025.0,Mali,17.0,-4.0,1240192.0,True,7.0,Africa,Western Africa,French,False,True,True,Sub-Saharan Africa ,Low income,0.20332565739599523,0.5425764526606466,0.10115299776673718,0.00934915498022291,0.30594758058775556,0.01985814988149753,0.7438097229190331,0.8364741905162606,0.39531764582121465,0.47496373077704906,0.0,0.4137712686643381,0.11660493225460572,0.3602364997603933,0.8343059461340222,0.282351702607793,0.11171829514982534,0.7901419567176469,0.2900937921994213,0.29687090022644574,0.8343059461340222,Mali
MLT,72210.3392223985,2025.0,41860622488.5813,2025.0,219.014371043081,2025.0,0.924,2023.0,93.86029816,2024.0,80.5250091552734,2023.0,579704.0,2025.0,320.0,2023.0,718000.0,2020.0,1185000000.0,2007.0,16075.0,2023.0,0.83,2025.0,0.783,2025.0,0.562898250512237,2023.0,27771821560.9411,2025.0,0.6634354653592807,2025.0,Malta,35.83333333,14.58333333,316.0,False,0.0,Europe,Southern Europe,English|Maltese,True,True,True,"Middle East, North Africa, Afghanistan & Pakistan",High income,0.8301302672056043,0.47799423004740116,0.624502107855305,0.9172959367134124,0.9325731653549825,0.6559996122141047,0.3771646783487473,0.18677190045814096,0.5275164445354151,0.6447110461373112,0.6289801453450812,0.831484772351247,0.8708207427624525,0.6668971528545394,0.489093757233528,0.6442088683694368,0.8352895714274998,0.2819682894034441,0.6004025453392692,0.7897342226560796,0.489093757233528,Malta
MMR,6011.53492175516,2025.0,329736585932.9,2025.0,70.01778903800715,,0.609,2023.0,45.4477005,2020.0,20.3723297119141,2018.0,54850648.0,2025.0,676590.0,2023.0,903000.0,2020.0,2501000000.0,2019.0,43257.0,2023.0,0.062,2025.0,0.08,2025.0,2.57510107248619,2023.0,81665773809.5238,2025.0,0.24766973788629704,2025.0,Myanmar,22.0,98.0,676578.0,False,5.0,Asia,South-Eastern Asia,Burmese,False,True,True,East Asia & Pacific,Lower middle income,0.3152065222338529,0.6566722547193687,0.16646501081821127,0.35095289464221496,0.40090105777970914,0.1484812781249864,0.8194141866759073,0.7888261247644657,0.5528446017017045,0.7222561022113334,0.7130444527148424,0.04712298547705129,0.014255775416707283,0.4403536436319132,0.9337700999728299,0.37944792925714427,0.30011174351563685,0.8041201557201865,0.6627150522092934,0.1672441348418906,0.9337700999728299,Myanmar
MNE,35422.6449824931,2025.0,22072877345.296,2025.0,105.773801433894,2025.0,0.862,2023.0,88.88258428,2024.0,55.1743011474609,2023.0,623129.0,2025.0,13888.0,2023.0,351000.0,2020.0,180000000.0,2020.0,4495.0,2023.0,0.754,2025.0,0.636,2025.0,0.789201202111271,2023.0,9232801464.79257,2025.0,0.41828717300239937,2025.0,Montenegro,42.5,19.3,13812.0,False,5.0,Europe,Southeast Europe,Montenegrin,False,True,True,Europe & Central Asia,Upper middle income,0.6826003290690068,0.4225891556604349,0.27638417741276194,0.8058252427184466,0.8779074015372124,0.44211139949999867,0.38418607325192045,0.48325477192095545,0.4484468511422582,0.4490657304800105,0.5207633715308629,0.7538656371918214,0.6917097182961301,0.616550651941824,0.7512886397617583,0.4605245540474012,0.7086146812518859,0.43372042258643795,0.4727586510510438,0.6873753358099252,0.7512886397617583,Montenegro
MNG,20797.7652692242,2025.0,74226766695.0254,2025.0,130.707440813275,2025.0,0.747,2023.0,85.12349701,2024.0,69.044059753418,2024.0,3568978.0,2025.0,1564115.75,2023.0,66900.0015258789,2020.0,49000000.0,2020.0,7240.0,2023.0,0.483,2025.0,0.535,2025.0,5.91503475082916,2023.0,25369107325.4549,2025.0,0.34177842380887524,2025.0,Mongolia,46.0,105.0,1564110.0,True,2.0,Asia,Eastern Asia,Mongolian,False,True,True,East Asia & Pacific,Upper middle income,0.5722984197261971,0.5275802836932442,0.35303380015050057,0.5990650845019777,0.8366247200038561,0.559132899573686,0.5538288930647884,0.8547214748320723,0.2653145351852218,0.3139870857573929,0.5612421761269581,0.4770921420838695,0.5686470416219904,0.3164536567650516,0.8331174883917732,0.48430416785664726,0.66494090135984,0.7042751839484304,0.3801812656898576,0.45406428015697053,0.8331174883917732,Mongolia
MOZ,1697.94109338132,2025.0,60500447853.8037,2025.0,97.1038097628682,2025.0,0.493,2023.0,20.52729988,2024.0,7.4630510423433,2018.0,35631653.0,2025.0,799380.0,2023.0,2033000.0,2019.0,113000000.0,2020.0,12839.0,2023.0,0.29,2025.0,0.279,2025.0,4.408920174698675,2011.0,22337997046.1913,2025.0,0.3692203585032949,2025.0,Mozambique,-18.25,35.0,801590.0,False,6.0,Africa,Eastern Africa,Portuguese,False,True,True,Sub-Saharan Africa ,Low income,0.05333010413872104,0.5098787665418132,0.24973136589929246,0.14239482200647247,0.12722266497157678,0.03956350978447642,0.7774837143657877,0.8019398397176415,0.6425051396213641,0.40073226866383094,0.609891436210351,0.2799803909553281,0.25672580173506193,0.3602364997603933,0.8037673559703887,0.27098007885994224,0.10306033225417521,0.7897117770417146,0.5510429481651821,0.2989808974835944,0.8037673559703887,Mozambique
MRT,7675.51996658445,2025.0,40795887531.1942,2025.0,94.0242632380265,2025.0,0.563,2023.0,45.77939987,2024.0,5.97194330025359,2020.0,5315065.0,2025.0,1030700.0,2023.0,30000.0,2000.0,6400000.09536743,2020.0,4365.0,2023.0,0.117,2025.0,0.328,2025.0,0.999971522550119,2020.0,11679910946.4371,2025.0,0.2863011850767106,2025.0,Mauritania,20.0,-12.0,1030700.0,False,4.0,Africa,Western Africa,Arabic,False,True,True,Sub-Saharan Africa ,Lower middle income,0.365821797025517,0.4757637890028407,0.24026439335906918,0.2682488313556274,0.40454381424503716,0.02698278147418831,0.5925406882879954,0.8219249923680275,0.17670839189738677,0.10266753437545656,0.5182711087602746,0.10329472802663563,0.31642947655716935,0.5812842907656689,0.8924523830081101,0.3606166597958089,0.23325847569161762,0.7072328403280115,0.2658823450110393,0.3336694984498247,0.8924523830081101,Mauritania
MUS,33666.64355884,2025.0,41872584926.5152,2025.0,139.942681072644,2025.0,0.806,2023.0,73.30793533,2024.0,45.7771156388358,2024.0,1243741.0,2025.0,2010.0,2023.0,316000.0,2020.0,518000000.0,2020.0,10794.0,2023.0,0.792,2025.0,0.738,2025.0,2.27249663925174,2022.0,16157804491.7614,2025.0,0.38588027273973496,2025.0,Mauritius,-20.28333333,57.55,2040.0,False,0.0,Africa,Eastern Africa,English|French|Mauritian Creole,True,True,True,Sub-Saharan Africa ,Upper middle income,0.6720686794832513,0.4780189657499604,0.3814242677834925,0.7051420352391227,0.7068650110803745,0.3628257553924139,0.4513640677443268,0.33126562693899064,0.43684145721939555,0.5588010318578899,0.5951576291619269,0.7926752047715343,0.8159908373135782,0.45897863437345954,0.7859489807569292,0.5105039710055681,0.5916109339039703,0.3913148473416587,0.5302667060797375,0.6892148921528575,0.7859489807569292,Mauritius
MWI,1899.29166528127,2025.0,42194891550.8885,2025.0,39.3994694717291,2025.0,0.517,2023.0,18.96159935,2024.0,2.70813684546823,2022.0,22216120.0,2025.0,118480.0,2023.0,871000.0,2018.0,35000000.0,2020.0,1002.0,2023.0,0.567,2025.0,0.557,2025.0,1.77598671180007,2012.0,14918276698.303,2025.0,0.3535564650121459,2025.0,Malawi,-13.5,34.0,118484.0,True,3.0,Africa,Eastern Africa,Chewa|English,True,True,True,Sub-Saharan Africa ,Low income,0.07654288735908768,0.4786827785543116,0.07233985692834237,0.18554476806903994,0.11002798133854771,0.0,0.7315644498997049,0.6518220190236083,0.548858374362541,0.2790559222200324,0.39329736741883337,0.5628817125232346,0.5954527731747734,0.4957076740173499,0.8205204513085674,0.20918850761391386,0.09852424980252922,0.6916932344616566,0.4070705546671356,0.551347386571786,0.8205204513085674,Malawi
MYS,41497.6746089548,2025.0,1492996614457.69,2025.0,136.39642032295,2025.0,0.819,2023.0,98.0206059,2024.0,38.5013945445142,2024.0,35977838.0,2025.0,330411.0,2023.0,4333000.0,2020.0,3386000000.0,2020.0,359378.0,2023.0,0.698,2025.0,0.504,2025.0,0.734492430713877,2023.0,472193128644.597,2025.0,0.31627206925456725,2025.0,Malaysia,2.5,112.5,330803.0,False,3.0,Asia,South-Eastern Asia,English|Malay,True,True,True,East Asia & Pacific,Upper middle income,0.7153873126712805,0.7874157513545267,0.37052254804423623,0.7285149226896799,0.9782620911965941,0.3014392654927556,0.7784235267434556,0.7324675772103117,0.7261115642279564,0.753708021154989,0.8928438114957389,0.6966725902322446,0.5308753289794327,0.6272542140674081,0.8603974484999777,0.6244418706900144,0.6694054264596766,0.7554455519768837,0.7908877989595614,0.6182673777596951,0.8603974484999777,Malaysia
NAM,11985.7200318677,2025.0,37069626686.0809,2025.0,108.580501173828,2025.0,0.665,2023.0,64.87460327,2024.0,26.1092654658031,2022.0,3092816.0,2025.0,824290.0,2023.0,187100.006103516,2020.0,155000000.0,2020.0,2960.0,2023.0,0.817,2025.0,0.633,2025.0,11.2077806904171,2021.0,15080340653.5276,2025.0,0.40681123608914155,2025.0,Namibia,-22.0,17.0,825615.0,False,4.0,Africa,Southern Africa,Afrikaans|English|German|Herero|Khoekhoe|Kwangali|Lozi|Ndonga|Tswana,True,True,True,Sub-Saharan Africa ,Lower middle income,0.4581388157260725,0.46747173292362565,0.285012379374404,0.45163610212153904,0.6142492943673058,0.19688477575025268,0.5399099940682279,0.8043527733028434,0.37893834832767037,0.43354196095353686,0.48528473364928854,0.8182078150213452,0.6880543912662053,0.2212335863242504,0.7635625654821654,0.403540976008034,0.42092339074636587,0.6721313836855356,0.43258834764349857,0.5758319308706003,0.7635625654821654,Namibia
NER,2177.25014417163,2025.0,60784101569.7092,2025.0,33.9056863589743,2025.0,0.419,2023.0,15.55760002,2024.0,4.15170730347346,2019.0,27917831.0,2025.0,1267000.0,2023.0,85000.0,2020.0,130000000.0,2019.0,165.0,2023.0,0.578,2025.0,0.227,2025.0,4.41784034939735,2012.0,21646191388.2507,2025.0,0.3561160045020348,2025.0,Niger,16.0,8.0,1267000.0,True,7.0,Africa,Western Africa,French,False,True,True,Sub-Saharan Africa ,Low income,0.10483407223057536,0.5102837022417794,0.05545117106149527,0.00934915498022291,0.0726449119425165,0.011625142391713767,0.7537697380042135,0.8381559405748424,0.2917695218352136,0.41528171548236475,0.2401134056582252,0.5741160610331515,0.19336679988302954,0.3599353694621146,0.8177829321138556,0.2235229818446167,0.031206403104817728,0.7959628392895279,0.3157215476586012,0.3758060767927652,0.8177829321138556,Niger
NGA,9531.61073275049,2025.0,2264022356237.62,2025.0,70.01778903800715,1960.0,0.56,2023.0,41.21139908,2024.0,16.6614294830602,2011.0,237527782.0,2025.0,923770.0,2023.0,5265000.0,2016.0,321000000.0,2020.0,61466.0,2023.0,0.289,2025.0,0.505,2025.0,15.7466808233499,2023.0,290794361542.112,2025.0,0.1284414708807724,2025.0,Nigeria,10.0,8.0,923768.0,False,4.0,Africa,Western Africa,English,True,True,True,Sub-Saharan Africa ,Lower middle income,0.41068315523365384,0.8234602483718605,0.16646501081821127,0.2628550880978066,0.354377561558467,0.11717178502265083,0.9618786335890224,0.8133122835015572,0.7476356329004439,0.5091215880458996,0.7428798772183355,0.2789590865453357,0.5320937713227409,0.17057436674181012,1.0,0.4668694714745752,0.24480147822630816,0.8875954585452898,0.6665456993882263,0.32720907486996226,1.0,Nigeria
NIC,9283.92301511154,2025.0,65057109096.2401,2025.0,96.4496947305229,2025.0,0.706,2023.0,61.39550018,2024.0,30.3635101318359,2023.0,7007502.0,2025.0,130370.0,2023.0,474000.0,2020.0,128000000.0,1999.0,13178.5,2000.0,0.008,2025.0,0.151,2025.0,11.3473196321723,2021.0,22237167113.0916,2025.0,0.3418099485514454,2025.0,Nicaragua,13.0,-85.0,130373.0,False,2.0,Americas,Central America,Spanish,False,True,True,Latin America & Caribbean ,Lower middle income,0.4052293235444817,0.5161650930854003,0.24772052144560183,0.5253505933117583,0.5760414277842603,0.23277855780106774,0.6194105108173644,0.6593418893586259,0.4816377507633474,0.41367213461221614,0.6121078553791418,0.0,0.10076518179159762,0.2193901060570351,0.8330837715500385,0.3897049793584946,0.4447235262990287,0.6393762000879952,0.5024725802515685,0.10671842928287757,0.8330837715500385,Nicaragua
NLD,87320.1477254029,2025.0,1579414785562.87,2025.0,150.119970359267,2025.0,0.955,2023.0,97.00679779,2024.0,86.5938262939453,2023.0,18087633.0,2025.0,41540.0,2023.0,7265000.0,2020.0,10926200195.3125,2020.0,307432.0,2023.0,0.969,2025.0,0.832,2025.0,0.690893081283378,2023.0,1332767651100.39,2025.0,0.8438363774247052,2025.0,Netherlands,52.5,5.75,41850.0,False,2.0,Europe,Western Europe,Dutch,False,True,True,Europe & Central Asia,High income,0.8694859738019013,0.7922870252355659,0.412710730719889,0.9730312837108951,0.9671283466636922,0.7072032492359678,0.7115809529520524,0.5694076734050733,0.7832091771208604,0.8753298177185674,0.8795856318384648,0.9734460853401965,0.9305244175845598,0.6363714975368606,0.29614851787562524,0.6914945765857854,0.8824542932035183,0.6404943131785628,0.8460415422259642,0.846780666820539,0.29614851787562524,Netherlands
NOR,104043.666429243,2025.0,583775486657.848,2025.0,79.0528319312867,2025.0,0.97,2023.0,99.0,2024.0,95.4987564086914,2024.0,5610870.0,2025.0,624500.0,2023.0,1397000.0,2020.0,2196000000.0,2020.0,118204.5,2004.0,0.986,2025.0,0.89,2025.0,0.724747049690651,2023.0,530755719438.879,2025.0,0.9091778116232483,2025.0,Norway,62.0,10.0,323802.0,False,3.0,Europe,Northern Europe,Norwegian Bokmål|Norwegian Nynorsk|Sami,False,True,True,Europe & Central Asia,High income,0.9057825644728231,0.7061235279597149,0.19424004271996634,1.0,0.9890178975458167,0.782335651297484,0.5978051401606477,0.7825265019503511,0.6010541801889732,0.7087545214063254,0.7984134511856918,0.990808260310068,1.0,0.6292442503743632,0.2262635127662588,0.6020487117175014,0.9237845162811004,0.6901658210554994,0.7027407175936635,0.8733508368948103,0.2262635127662588,Norway
NPL,6175.15897150244,2025.0,182896587086.718,2025.0,42.5520448428369,2025.0,0.622,2023.0,46.32189941,2024.0,21.2915596292014,2024.0,29618118.0,2025.0,147180.0,2023.0,230000.0,2020.0,238000000.0,2020.0,67501.0,2023.0,0.662,2025.0,0.656,2025.0,2.13004129984372,2020.0,45489810283.1132,2025.0,0.24871874870767713,2025.0,Nepal,28.0,84.0,147181.0,True,2.0,Asia,Southern Asia,Nepali,False,True,True,South Asia,Lower middle income,0.3207690993853754,0.6056496440144953,0.08203133073090035,0.37432578209277234,0.41050159977466444,0.15623697646766482,0.7595163191423213,0.668878491935424,0.40174566120445415,0.47806294261196247,0.7508335736194702,0.6599056314725167,0.7160785651622965,0.4686237969925353,0.9326481453124964,0.33615002471025707,0.31368811944503383,0.7141974055388727,0.5435473924786289,0.6148693312091161,0.9326481453124964,Nepal
NRU,14200.486778198,2025.0,170760853.507831,2025.0,165.441176470588,2025.0,0.703,2023.0,83.01170349,2024.0,76.39338302612305,,12025.0,2025.0,20.0,2023.0,3204000.0,,1600000.0,2018.0,947.0,2023.0,0.9295,,0.7845,,0.935259944754359,,176040043.932346,2025.0,1.0309156947629854,2025.0,Nauru,-0.53333333,166.91666666,21.0,False,0.0,Oceania,Micronesia,English|Nauru,True,True,True,East Asia & Pacific,High income,0.4932611114745369,0.0016948837272664557,0.4598103398243279,0.5199568500539373,0.8134327872051359,0.6211403835055996,0.00045983488411298595,0.0,0.6927616803897064,0.0,0.3885031336823117,0.933104561145495,0.8726484062774149,0.5912519529055734,0.0960604847859873,0.31825544500871045,0.6515100069215576,0.00022991744205649297,0.36042160469067275,0.7990016401094944,0.0960604847859873,Nauru
NZL,57350.3627657521,2025.0,305373476618.8,2025.0,50.6607664427853,2024.0,0.938,2023.0,93.51930237,2024.0,77.2406463623047,2024.0,5324700.0,2025.0,267710.0,2023.0,996000.0,2020.0,10961000000.0,2018.0,178456.983,2023.0,0.989,2025.0,0.849,2025.0,1.46149415952832,2022.0,264057413739.965,2025.0,0.8647031715514372,2025.0,New Zealand,-41.0,174.0,270467.0,False,0.0,Oceania,Australia and New Zealand,English|Māori|New Zealand Sign Language,True,True,True,East Asia & Pacific,High income,0.782404945641606,0.6500271908753679,0.10695871666379288,0.9424667385832434,0.9288283146527574,0.6282888876269929,0.5927167317577094,0.7159205781877224,0.5636744939282878,0.8756599445129299,0.8333957172350145,0.9938721735400453,0.9512379374208012,0.5247450335378085,0.2738307338837447,0.5131302843935889,0.8331946469543312,0.6543186549727159,0.757576718558744,0.8232850481662183,0.2738307338837447,New Zealand
OMN,42295.1761223734,2025.0,232398923583.02,2025.0,114.852671596819,2024.0,0.858,2023.0,95.25174678,2024.0,42.226921081543,2024.0,5494691.0,2025.0,309500.0,2023.0,869000.0,2020.0,669000000.0,2020.0,63371.0,2023.0,0.613,2025.0,0.175,2025.0,0.138633928990513,2023.0,109604780696.23,2025.0,0.4716234438886109,2025.0,Oman,21.0,57.0,309500.0,False,3.0,Asia,Western Asia,Arabic,False,True,True,"Middle East, North Africa, Afghanistan & Pakistan",High income,0.7193303090471949,0.6263863777329031,0.3042939406961992,0.798633585041352,0.9478541966595544,0.33287216323188357,0.5957713642750698,0.727326605482851,0.5486043943567381,0.5853580510669708,0.7454718975344451,0.609861715382887,0.13000779803099716,0.8756688630834565,0.6942435869691987,0.550003542492099,0.6931199816442634,0.6615489848789604,0.6264781143193847,0.5385127921657803,0.6942435869691987,Oman
PAK,6573.41613369925,2025.0,1677664333899.13,2025.0,27.1935373787664,2025.0,0.544,2023.0,57.253,2024.0,10.8564126844434,2024.0,255219554.0,2025.0,796100.0,2023.0,966000.0,2012.0,765000000.0,2020.0,41823.0,2023.0,0.261,2025.0,0.302,2025.0,4.33487075793336,2023.0,407307214476.222,2025.0,0.24278230528366915,2025.0,Pakistan,30.0,70.0,881912.0,False,4.0,Asia,Southern Asia,English|Urdu,True,True,True,"Middle East, North Africa, Afghanistan & Pakistan",Lower middle income,0.33371499191415993,0.7975114238757361,0.03481705185955128,0.23408845738942832,0.5305480663910277,0.06819387610393858,0.9688615025223877,0.801616530250769,0.5602955989665315,0.5992789074297601,0.7101814890855678,0.25036256306554733,0.2847499756311531,0.362760065082247,0.9389973842618232,0.3886811558831491,0.27761013329479817,0.8852390163865783,0.6232519984939532,0.2992908679263158,0.9389973842618232,Pakistan
PAN,43902.1632084954,2025.0,200685085534.879,2025.0,83.6737788620216,2024.0,0.839,2023.0,72.77149963,2024.0,53.6949637061742,2023.0,4571189.0,2025.0,75320.0,2023.0,647000.0,2020.0,1841000000.0,2020.0,123804.0,2023.0,0.692,2025.0,0.728,2025.0,11.7072934419645,2023.0,90462600000.0,2025.0,0.4507689236541578,2025.0,Panama,9.0,-80.0,75417.0,False,2.0,Americas,Central America,Spanish,False,True,True,Latin America & Caribbean ,High income,0.7270545811298451,0.6136848190648895,0.20844550360526506,0.7644732110751528,0.7009738192628928,0.42962997920907975,0.5778855299212641,0.616201350477417,0.5160127746064722,0.6904488092555574,0.8023439636468492,0.6905447637722899,0.8038064138804951,0.214737131755391,0.7165482435935039,0.5163949679333332,0.6316923365157084,0.5970434401993405,0.6696018491696263,0.5696961031360587,0.7165482435935039,Panama
PER,18816.1045522938,2025.0,650598143709.638,2025.0,51.8154829678647,2025.0,0.794,2023.0,81.95705992,2024.0,71.2404708862305,2017.0,34576665.0,2025.0,1285215.6,2023.0,1119000.0,2020.0,1002000000.0,2020.0,125564.0,2023.0,0.592,2025.0,0.667,2025.0,8.60480803979216,2021.0,334854659181.893,2025.0,0.5146873879359525,2025.0,Peru,-10.0,-76.0,1285216.0,False,5.0,Americas,South America,Aymara|Quechua|Spanish,False,True,True,Latin America & Caribbean ,Upper middle income,0.5515572424539391,0.715505716735712,0.11050848269151368,0.6835670622078389,0.8018505834667503,0.5776643919263986,0.7745623094242159,0.8392783952853023,0.5765393123694854,0.6272964739293057,0.8035427234939003,0.5884143227730457,0.729481430938688,0.26060928687046775,0.6481851557962106,0.45919048062705486,0.6876940125336626,0.8069203523547591,0.6691261699308972,0.5261683468607338,0.6481851557962106,Peru
PHL,12576.9867435109,2025.0,1468828072888.91,2025.0,66.7936053314343,2025.0,0.72,2023.0,67.26300914,2024.0,47.4134996154186,2024.0,116786962.0,2025.0,300000.0,2023.0,1483000.0,2020.0,2769000000.0,2020.0,283131.0,2023.0,0.386,2025.0,0.392,2025.0,4.34759149828352,2023.0,487086123720.417,2025.0,0.3316154781562758,2025.0,Philippines,13.0,122.0,342353.0,False,0.0,Asia,South-Eastern Asia,English|Filipino,True,True,True,East Asia & Pacific,Upper middle income,0.46811305595496727,0.7860028787259118,0.15655340260948986,0.5505213951815893,0.6404790123338185,0.37663220387335705,0.8928725179473959,0.7248751703909088,0.6076543284037801,0.732824101870052,0.8725927491580954,0.37802561431460263,0.39440978652890146,0.36232349689511856,0.8439871229134158,0.470223112430123,0.522544203796255,0.8088738441691523,0.7376903931439758,0.3782529659128742,0.8439871229134158,Philippines
PLW,23051.6787122681,2025.0,407161801.094792,2025.0,105.811955583144,2024.0,0.786,2023.0,83.92549896,2024.0,71.8428437792329,2024.0,17663.0,2025.0,460.0,2023.0,18399.9996185303,2020.0,123000000.0,2017.0,118204.5,,0.9295,,0.7845,,11.2268096213758,2018.0,345000000.0,2025.0,0.8473289956777649,2025.0,Palau,7.5,134.5,459.0,False,0.0,Oceania,Micronesia,English|Palauan,True,True,True,East Asia & Pacific,High income,0.5936114291147845,0.07692043263016389,0.27650146879976706,0.6691837468536498,0.8234681826788445,0.5827467139440718,0.03783203494999044,0.2153082803129745,0.12269999135772425,0.4095354962918197,0.7984134511856918,0.933104561145495,0.8726484062774149,0.22098084361182357,0.2924130375107699,0.31567777684823844,0.691799547825522,0.12657015763148247,0.4435496462784119,0.6755779370115778,0.2924130375107699,Palau
PNG,5214.768271628,2025.0,56125596604.9384,2025.0,70.01778903800715,2004.0,0.576,2023.0,18.81159973,2024.0,16.6614294830602,1999.0,10762817.0,2025.0,462840.0,2023.0,39000.0,2020.0,4230000.01907349,2018.0,34416.0,2023.0,0.511,2025.0,0.467,2025.0,3.74921291744897,2010.0,32498658653.8415,2025.0,0.5790345336121023,2025.0,Papua New Guinea,-6.0,147.0,462840.0,False,1.0,Oceania,Melanesia,English|Hiri Motu|Tok Pisin,True,True,True,East Asia & Pacific,Lower middle income,0.28575458271860377,0.5033808541829384,0.16646501081821127,0.2916217188061847,0.10838067014361917,0.11717178502265083,0.661120959770304,0.7589703948541731,0.20569472480619402,0.05967779022784846,0.6936279730218852,0.5056886655636579,0.4857929622770251,0.3843851075223065,0.579363577887669,0.31853348257325115,0.17239139132415157,0.7100456773122386,0.3196668293519759,0.4586222451209965,0.579363577887669,Papua New Guinea
POL,54262.4040405236,2025.0,1977097411146.36,2025.0,97.0301822542829,2025.0,0.906,2023.0,88.58496367,2024.0,80.9149627685547,2024.0,36435861.0,2025.0,313930.0,2023.0,88515000.0,2019.0,8379000000.0,2020.0,102938.0,2023.0,0.879,2025.0,0.768,2025.0,0.802314721828908,2023.0,1035491784197.44,2025.0,0.5237434323466346,2025.0,Poland,52.0,20.0,312679.0,False,7.0,Europe,Central Europe,Polish,False,True,True,Europe & Central Asia,High income,0.7709403914025413,0.8117287375567818,0.24950502426218474,0.8849334771664868,0.8746389015057157,0.659289716828163,0.7796531511194339,0.7284441341416326,1.0,0.8477734461116146,0.7866695701054263,0.8815286884408767,0.8525441076128277,0.6140953754568901,0.6384993918139245,0.6107247177405026,0.8062873651667885,0.7540486426305333,0.878147672072347,0.7827227238368648,0.6384993918139245,Poland
PRK,1700.0,2023.0,44000000000.0,2023.0,15.0,2023.0,0.55,2023.0,19.317549704999998,2004.0,26.7206192016602,2018.0,26571036.0,2025.0,120540.0,2023.0,20000.0,2019.0,30000000.0,2019.0,74.0,2023.0,0.033,2025.0,0.083,2025.0,4.4,2020.0,,,0.3,2023.0,North Korea,40.0,127.0,120538.0,False,3.0,Asia,Eastern Asia,Korean,False,True,True,East Asia & Pacific,Low income,0.05358112485891857,0.48230927745770624,0.0,0.2448759439050702,0.1139370646057606,0.2020428706586185,0.7489637542396792,0.6531774551666872,0.13191209835343468,0.2630526327346559,0.17201567759328593,0.017505157587270465,0.01791110244663223,0.36053823992609035,0.8778010096085392,0.1786301341055416,0.1869519597231498,0.7010706047031832,0.18899346956045884,0.1319848333199977,0.8778010096085392,North Korea
PRT,53145.7317498942,2025.0,574232775758.211,2025.0,86.3988769792664,2025.0,0.89,2023.0,88.48704454,2024.0,77.6778182983398,2023.0,10804871.0,2025.0,92230.0,2023.0,4208000.0,2020.0,10522000000.0,2020.0,178916.4,2023.0,0.887,2025.0,0.822,2025.0,0.719971949892832,2022.0,346639825141.821,2025.0,0.6036573316180383,2025.0,Portugal,39.5,-8.0,92090.0,False,1.0,Europe,Southern Europe,Portuguese,False,True,True,Europe & Central Asia,High income,0.7666332123822086,0.7046966980107462,0.2168228503468269,0.8561668464581086,0.8735635435878313,0.6319773812193019,0.6615000166525333,0.6321276768651578,0.7228774832380893,0.8714164478384144,0.8336140596593236,0.8896991237208163,0.9183399941514766,0.6302291295173409,0.5530286131664616,0.5627175869132605,0.7872359237550807,0.6468138467588456,0.8093026635786091,0.8127560824632112,0.5530286131664616,Portugal
PRY,20181.4242826808,2025.0,141533902645.534,2025.0,76.4780703309698,2025.0,0.756,2023.0,81.57806793,2024.0,47.808470617645796,2010.0,7013078.0,2025.0,406752.0,2023.0,1077000.0,2020.0,104000000.0,2020.0,5926.0,2023.0,0.391,2025.0,0.581,2025.0,6.7795163925492,2023.0,49278227554.3339,2025.0,0.3481726048192796,2025.0,Paraguay,-23.0,-58.0,406752.0,True,3.0,Americas,South America,Guaraní|Spanish,False,True,True,Latin America & Caribbean ,Upper middle income,0.5660671127177821,0.5834544392887573,0.18632485222967993,0.6152463142754405,0.7976884546032555,0.3799646410468766,0.619487824600712,0.7488127486880223,0.572312738079367,0.3921158698793619,0.5442345874736498,0.38313213636456483,0.6246953894141728,0.2961303952875475,0.8262786826927044,0.4452821347454064,0.5976331366418576,0.6841502866443672,0.5028877318107929,0.43465264035542833,0.8262786826927044,Paraguay
PSE,4999.71301859773,2025.0,27066426398.6286,2025.0,74.7604429402753,2025.0,0.674,2023.0,86.63765334,2023.0,44.4904623709098,2023.0,5413596.0,2025.0,6025.0,2023.0,93000.0,2020.0,245000000.0,2018.0,13178.5,,0.346,1948.0,0.351,1948.0,0.622023007311598,2022.0,17167100000.0,2025.0,0.6342580932985605,2025.0,Palestine,31.9,35.2,6220.0,False,3.0,Asia,Western Asia,Arabic,False,False,False,"Middle East, North Africa, Afghanistan & Pakistan",Lower middle income,0.2770311657002617,0.4402448284184691,0.18104461658106408,0.46781733189500185,0.8532533399515664,0.3519700440736355,0.5943261054126563,0.41758767580655964,0.3017071158050479,0.4810723094507628,0.6121078553791418,0.3371734379149049,0.3444536504532605,0.6520164656431078,0.5203000021002312,0.2994402035665983,0.557680238640068,0.5059568906096079,0.46496242687831746,0.44454785133709107,0.5203000021002312,Palestine
QAT,128882.934242572,2025.0,383067790399.785,2025.0,100.213647199618,2022.0,0.886,2023.0,98.08540344,2024.0,43.0178909301758,2024.0,2972215.0,2025.0,11490.0,2023.0,582000.0,2020.0,14318000000.0,2020.0,207019.636,2023.0,0.573,2025.0,0.034,2025.0,0.0691454145354033,2022.0,215559615384.615,2025.0,0.5627192387009314,2025.0,Qatar,25.5,51.25,11586.0,False,1.0,Asia,Western Asia,Arabic,False,True,True,"Middle East, North Africa, Afghanistan & Pakistan",High income,0.9501294229993108,0.6696507892631951,0.25929145709479146,0.848975188781014,0.978973704419653,0.33954570967416364,0.53604387476726,0.46835002204028553,0.5043154783009315,0.9033968469352931,0.8460038345740093,0.5690095389831893,0.0,0.9793088968127213,0.5968133703847768,0.6263572231190991,0.7224982009582769,0.5021969484037727,0.7512387199367447,0.5161061452653035,0.5968133703847768,Qatar
ROU,50895.081617639,2025.0,968038244934.612,2025.0,76.214786342907,2025.0,0.845,2023.0,91.29048551,2024.0,55.1682891845703,2023.0,19020271.0,2025.0,238400.0,2023.0,5023000.0,2020.0,1611000000.0,2020.0,32353.999,2023.0,0.694,2025.0,0.605,2025.0,1.10887485110282,2023.0,428677977854.826,2025.0,0.44283165473878755,2025.0,Romania,46.0,25.0,238391.0,False,5.0,Europe,Southeast Europe,Romanian,False,True,True,Europe & Central Asia,High income,0.75767006120467,0.7499072396701264,0.1855154790751701,0.7752606975907946,0.9043512195446262,0.44206067555188727,0.7164679071571861,0.7068027279417783,0.742437072196387,0.6765941848996475,0.6883811229701878,0.6925873725922748,0.6539380056535724,0.5658827202461776,0.7250374370969644,0.5643642599833222,0.7072241975624362,0.7116353175494823,0.7024707933554075,0.6374693661640083,0.7250374370969644,Romania
RUS,49568.140625,2025.0,7235550375977.6,2025.0,33.7100508676248,2025.0,0.832,2023.0,94.36495368,2024.0,60.3891235376867,2024.0,143513328.0,2025.0,17125190.0,2023.0,6359000.0,2020.0,4961000000.0,2020.0,783868.0,2023.0,0.121,2025.0,0.17,2025.0,6.76512531955806,2021.0,2561310169358.74,2025.0,0.3539896809871467,2025.0,Russia,60.0,100.0,17098242.0,False,14.0,Europe,Eastern Europe,Russian,False,True,True,Europe & Central Asia,High income,0.7521979050943909,0.9240438887686943,0.054849759194664,0.7518878101402372,0.9381153439796915,0.4861097383362616,0.9129033288788218,1.0,0.7684933873489129,0.7933613346920803,0.9590720119440256,0.10737994566660539,0.12391558631445561,0.29644699324488133,0.8200571113008412,0.5770305176859164,0.7253709641520635,0.9564516644394109,0.8403089113283396,0.17591417507531412,0.8200571113008412,Russia
RWA,4164.436605809,2025.0,60673096982.9139,2025.0,56.673349749538,2025.0,0.578,2023.0,31.70330048,2024.0,9.41173924647801,2024.0,14569341.0,2025.0,26338.0,2023.0,1634000.0,2019.0,212000000.0,2020.0,14403.0,2023.0,0.377,2025.0,0.193,2025.0,3.61247427164444,2020.0,16372132990.2271,2025.0,0.269841722350808,2025.0,Rwanda,-2.0,30.0,26338.0,True,4.0,Africa,Eastern Africa,English|French|Kinyarwanda,True,True,True,Sub-Saharan Africa ,Low income,0.2391665318377302,0.5101254608614894,0.12544226955109947,0.295217547644732,0.24995864858879047,0.056004921874071155,0.6905555259900146,0.5335789740253657,0.6183670253328549,0.4660530641722126,0.6196532074861407,0.36883387462467065,0.15193976021054684,0.38992047117733014,0.9100563681487175,0.291578087416773,0.2003937060358645,0.6120672500076901,0.5680244323304028,0.3035647020041825,0.9100563681487175,Rwanda
SAU,73783.5613906833,2025.0,2728040565174.31,2025.0,57.9182238579808,2025.0,0.9,2023.0,100.0,2024.0,83.884129573915,2024.0,36973555.0,2025.0,2149690.0,2023.0,20292000.0,2019.0,5960000000.0,2020.0,302451.4,2023.0,0.396,2025.0,0.016,2025.0,0.935259944754359,2019.0,1276942933333.33,2025.0,0.4680806252057102,2025.0,Saudi Arabia,25.0,45.0,2149690.0,False,7.0,Asia,Western Asia,Arabic,False,True,True,"Middle East, North Africa, Afghanistan & Pakistan",High income,0.8345946442930351,0.839600589688993,0.1292691930625956,0.874145990650845,1.0,0.6843410795377509,0.7810770898596189,0.8797270327127802,0.8966909275809758,0.8124077240220868,0.8781985645270766,0.38823865841452704,0.0,0.5912519529055734,0.6980327584924892,0.6011548090148745,0.8528290233961986,0.8304020612861995,0.8624324053767131,0.3264968704400335,0.6980327584924892,Saudi Arabia
SDN,2192.27221679688,2025.0,113257494657.248,2025.0,2.38193028387697,2025.0,0.511,2023.0,18.60000038,2017.0,15.8645696640015,2015.0,51662147.0,2025.0,1878000.0,2023.0,836000.0,2018.0,1043000000.0,2018.0,9330.0,2023.0,0.174,2025.0,0.13,2025.0,4.408920174698675,2008.0,60162634574.4689,2025.0,0.5312022374902388,2025.0,Sudan,15.0,30.0,1886068.0,False,7.0,Africa,Northern Africa,Arabic|English,True,True,True,Sub-Saharan Africa ,Low income,0.10625832251938354,0.5641599047788813,0.0,0.17475728155339806,0.10605686440268058,0.11044854390332486,0.8135929578366954,0.8691024234767124,0.5443271665080857,0.631459820423897,0.5827797078809268,0.16150907939620485,0.07517789258212301,0.3602364997603933,0.630521932458094,0.22347274243275494,0.1304208966198012,0.8413476906567039,0.5861888982709699,0.19897449057957373,0.630521932458094,Sudan
SEN,5463.21828561328,2025.0,103429462833.809,2025.0,71.0687063150657,2025.0,0.53,2023.0,60.11780167,2024.0,15.3302400879779,2024.0,18931966.0,2025.0,196710.0,2023.0,1376000.0,2017.0,557000000.0,2018.0,10655.0,2023.0,0.691,2025.0,0.633,2025.0,0.267518151792543,2015.0,37006536238.3731,2025.0,0.35779491862812235,2025.0,Senegal,14.0,-14.0,196722.0,False,5.0,Africa,Western Africa,French,False,True,True,Sub-Saharan Africa ,Lower middle income,0.2953954645665162,0.5563015048148372,0.1696956829070088,0.2089176555195973,0.562009611841883,0.10594031486369591,0.7160155840057553,0.6916879250046559,0.5993807934698742,0.5663370268189396,0.5940569344970861,0.6895234593622975,0.6880543912662053,0.7777312903300748,0.8159872732992158,0.3404642174294541,0.29228919407505877,0.7038517545052057,0.5865915849286333,0.7184363803195258,0.8159872732992158,Senegal
SGP,163353.990260152,2025.0,998284821428.084,2025.0,320.306025413626,2025.0,0.946,2023.0,94.37757178,2024.0,97.2886546863037,2023.0,6111175.0,2025.0,728.0,2023.0,2742000.0,2020.0,20416000000.0,2018.0,218963.0,2023.0,0.974,2025.0,0.434,2025.0,0.0690954942050905,2023.0,603869516998.738,2025.0,0.6049070405927639,2025.0,Singapore,1.36666666,103.8,710.0,False,0.0,Asia,South-Eastern Asia,Chinese|English|Malay|Tamil,True,True,True,East Asia & Pacific,High income,0.9992241285536926,0.7525707714657894,0.9358873403057324,0.9568500539374325,0.9382539172466686,0.7974373259103023,0.6061073841939852,0.2514067307827078,0.6755583738843518,0.9402308709140397,0.85076706551932,0.9785526073901587,0.4455843649478507,0.9794164995154016,0.5516920046399553,0.8958940801084049,0.8975137656981346,0.4287570574883465,0.8221854367725706,0.8011844906178037,0.5516920046399553,Singapore
SLB,2787.61656406214,2025.0,2337820693.36789,2025.0,111.352972154204,2024.0,0.584,2023.0,29.04070091,2024.0,16.6614294830602,,838645.0,2025.0,28900.0,2023.0,4400.00009536743,2020.0,7000000.0,2020.0,6974.0,2023.0,0.669,2025.0,0.696,2025.0,3.74921291744897,2008.0,1749572442.95016,2025.0,0.7483775158263771,2025.0,Solomon Islands,-8.0,159.0,28896.0,False,0.0,Oceania,Melanesia,English,True,True,True,East Asia & Pacific,Lower middle income,0.15602277509265894,0.22822603877543365,0.29353535716612117,0.3060050341603739,0.2207177073165862,0.11717178502265083,0.4130580280823718,0.5408783917874429,0.0,0.11197069852666235,0.5580633332504878,0.6670547623424639,0.764816258894629,0.3843851075223065,0.3982451907197331,0.22592805701140461,0.21463150883320362,0.47696820993490735,0.22334467725905005,0.6054187095864664,0.3982451907197331,Solomon Islands
SLE,3716.89410482498,2025.0,32782240324.3707,2025.0,49.0960746822456,2025.0,0.467,2023.0,25.10499954,2024.0,6.38221001625061,2002.0,8819794.0,2025.0,72300.0,2023.0,71000.0,2019.0,39000000.0,2018.0,2145.0,2012.0,0.535,2025.0,0.471,2025.0,2.22431228940123,2020.0,7464157904.43509,2025.0,0.2276890728205097,2025.0,Sierra Leone,8.5,-11.5,71740.0,False,2.0,Africa,Western Africa,English,True,True,True,Sub-Saharan Africa ,Low income,0.21561653232434616,0.4568312057764279,0.10214862731737379,0.09564904710535782,0.1774954316421767,0.03044427117276578,0.6417683835874399,0.6129835606725192,0.2718860581731401,0.29029021144398215,0.45793545000486835,0.5301999714034765,0.49066673165025826,0.46217164586513504,0.955140137183342,0.25819878847271593,0.10119624997343345,0.6273759721299796,0.3400372398739968,0.49434611630628994,0.955140137183342,Sierra Leone
SLV,14101.1774819291,2025.0,89761087564.7524,2025.0,88.1580664327311,2025.0,0.678,2023.0,66.47769928,2024.0,32.8347079463918,2024.0,6365503.0,2025.0,21040.0,2023.0,707000.0,2020.0,755000000.0,2020.0,25109.0,2023.0,0.082,2025.0,0.321,2025.0,7.89768799960639,2022.0,36708110000.0,2025.0,0.4089534897125581,2025.0,El Salvador,13.83333333,-88.91666666,21041.0,False,2.0,Americas,Central America,Spanish,False,True,True,Latin America & Caribbean ,Upper middle income,0.49180743277700933,0.5440310824417732,0.2222308538027438,0.4750089895720964,0.6318546589930183,0.25362847188060655,0.6100706708973249,0.5159189750256573,0.5258107351568573,0.597912889214317,0.666852297991498,0.06754907367690013,0.30790038015401117,0.2733851958084603,0.7612713484733203,0.4193564563405088,0.45349737348190705,0.5629948229614912,0.5968586407875575,0.2162782165464572,0.7612713484733203,El Salvador
SMR,78810.3378046111,2023.0,2668518038.06413,2023.0,340.983400117352,2023.0,0.915,2023.0,97.35220337,2024.0,57.5487465181059,2024.0,34109.0,2025.0,60.0,2023.0,1904000.0,2019.0,100000000.0,2023.0,185458.0,,0.865,,0.8,2024.0,0.0,2022.0,2027243193.5116,2023.0,0.7596887727925042,2023.0,San Marino,43.76666666,12.41666666,61.0,True,1.0,Europe,Southern Europe,Italian,False,True,True,Europe & Central Asia,High income,0.8482467072716846,0.23967973372484402,0.9994525882878664,0.9011147069399498,0.9709216261314988,0.462144996840082,0.10179887553685743,0.05514196316838178,0.6352624749255794,0.38804413677303884,0.8366636101193986,0.8672304267009825,0.8915342625986938,1.0,0.3861473961033918,0.695793009761465,0.7780604433038435,0.07847041935261961,0.619990073939339,0.9195882297665587,0.3861473961033918,San Marino
SOM,1642.77032278186,2025.0,32288221931.2232,2025.0,128.063438809135,2025.0,0.404,2023.0,27.94020081,2024.0,6.38221001625061,1987.0,19654739.0,2025.0,637660.0,2023.0,246000.0,,94000000.0,,1060.0,2019.0,0.168,2025.0,0.165,2025.0,4.408920174698675,,12995200000.2658,2025.0,0.40247493429482545,2025.0,Somalia,10.0,49.0,637657.0,False,3.0,Africa,Eastern Africa,Arabic|Somali,False,True,True,Sub-Saharan Africa ,Low income,0.04648786435268975,0.4555166777559969,0.3449057546192594,0.0,0.20863190246754723,0.03044427117276578,0.7196573760502659,0.7841663082321007,0.4091757715699149,0.3816204868816809,0.39807603629553523,0.15538125293625019,0.11782337459791403,0.3602364997603933,0.7682003956242269,0.2823034322426487,0.07969205788010433,0.7519118421411832,0.39629076491571036,0.21114704243151916,0.7682003956242269,Somalia
SRB,33909.7605745332,2025.0,222079871098.38,2025.0,112.923490609083,2025.0,0.833,2023.0,87.69071294,2024.0,70.582649230957,2024.0,6549143.0,2025.0,84990.0,2023.0,446000.0,2020.0,1422000000.0,2020.0,43287.0,2023.0,0.367,2025.0,0.3,2025.0,1.31400205013848,2023.0,99953324472.9042,2025.0,0.4500782712928787,2025.0,Serbia,44.0,21.0,88361.0,True,8.0,Europe,Southeast Europe,Serbian,False,True,True,Europe & Central Asia,Upper middle income,0.6735591070184668,0.6224544717865215,0.2983633586157884,0.7536857245595109,0.8648181483691276,0.5721142393197053,0.6128351554578176,0.6256992760247678,0.47491072733560796,0.6636389201892956,0.7131033285849715,0.3586208305247462,0.2823130909445365,0.5405946861491054,0.7172869210404993,0.5314589791402589,0.7302060374161146,0.6192672157412927,0.6172176587032917,0.3938428692061294,0.7172869210404993,Serbia
SSD,1154.88686304107,2015.0,12827976279.3273,2015.0,65.5513491845003,2015.0,0.388,2023.0,6.671000004,2019.0,6.38221001625061,,12188788.0,2025.0,646883.0,2023.0,246000.0,,12000000.0,2018.0,2291.0,,0.076,2025.0,0.133,2025.0,13.9825812737537,2012.0,11997800760.2242,2015.0,0.935283983924966,2015.0,South Sudan,7.0,30.0,619745.0,True,6.0,Africa,Middle Africa,English,True,True,True,Sub-Saharan Africa ,Low income,0.0,0.3756052593099303,0.15273452709126648,0.0,0.0,0.03044427117276578,0.6732146123844047,0.7852954964950126,0.4091757715699149,0.16792709808646974,0.46352750246425756,0.06142124721694548,0.07883321961204796,0.18827675086185908,0.1983420260852667,0.17611326213373224,0.010148090390921927,0.7292550544397087,0.34687679070688077,0.10951040589695084,0.1983420260852667,South Sudan
STP,6388.47738664299,2025.0,1534857246.05052,2025.0,46.5686308941032,2025.0,0.637,2023.0,59.11759949,2024.0,12.8210802078247,2015.0,240254.0,2025.0,960.0,2023.0,33400.0015258789,2018.0,71900000.0,2018.0,1199.0,2023.0,0.742,2025.0,0.632,2025.0,3.74921291744897,2011.0,981293586.906408,2025.0,0.6393386677695683,2025.0,São Tomé and Príncipe,1.0,7.0,964.0,False,0.0,Africa,Middle Africa,Portuguese,False,True,True,Sub-Saharan Africa ,Lower middle income,0.3278037647632518,0.1917985512364125,0.09437889864261964,0.40129449838187703,0.5510252890262256,0.08477010841366239,0.2915481234147275,0.273159177938861,0.18856950066229763,0.35379590687665907,0.40854010546588554,0.741609984271912,0.6868359489228969,0.3843851075223065,0.5148661456625834,0.20466040488076132,0.34569663194058836,0.2823536506767943,0.31696850433494744,0.6042770135723718,0.5148661456625834,Sao Tome and Principe
SUR,22652.3952637959,2025.0,14494135109.5398,2025.0,79.8295815452306,2010.0,0.722,2023.0,87.4,2023.0,2.56642457392281,2024.0,639850.0,2025.0,163820.0,2023.0,279000.0,2017.0,19000000.0,2020.0,1867.0,2023.0,0.803,2025.0,0.781,2025.0,6.51946457704576,2023.0,4523657796.86421,2025.0,0.3121026375617827,2025.0,Suriname,4.0,-56.0,163820.0,False,3.0,Americas,South America,Dutch,False,True,True,Latin America & Caribbean ,Upper middle income,0.589992115996021,0.38617693036060535,0.19662788365905196,0.5541172240201365,0.8616255090772909,0.0,0.3867599729059724,0.6773010343401057,0.42308317897307995,0.2156338542498119,0.44614763188593765,0.8039095532814511,0.8683838580758358,0.30195785364635036,0.8648568050893668,0.39093231000522616,0.47191424436580914,0.532030503623039,0.36162155503627647,0.6580837550012124,0.8648568050893668,Suriname
SVK,49308.7048471448,2025.0,266948107314.636,2025.0,170.342496403331,2025.0,0.88,2023.0,89.82507032,2024.0,54.4743194580078,2024.0,5413813.0,2025.0,49030.0,2023.0,15299000.0,2018.0,1303000000.0,2020.0,17.454,2022.0,0.727,2025.0,0.733,2025.0,1.12358440823663,2023.0,154530066506.895,2025.0,0.5788768014180355,2025.0,Slovakia,48.66666666,19.5,49037.0,True,5.0,Europe,Central Europe,Slovak,False,True,True,Europe & Central Asia,High income,0.7511109165274134,0.6383850181543751,0.4748777079708482,0.8381877022653721,0.8882578797901297,0.43620553555159985,0.5943300015594328,0.5824431159179951,0.865486684776616,0.6545659273353911,0.04934537063198823,0.7262904181220254,0.8098986255970367,0.5639193390338721,0.5795322781208897,0.6214578808842123,0.7208837058690339,0.588386558738714,0.523132660914665,0.7000361275843114,0.5795322781208897,Slovakia
SVN,59244.7106359661,2025.0,126249648939.295,2025.0,151.915368839135,2025.0,0.931,2023.0,90.76355487,2024.0,80.0806884765625,2023.0,2130986.0,2025.0,20480.0,2023.0,1216000.0,2020.0,1418000000.0,2020.0,100.0,2022.0,0.9,2025.0,0.692,2025.0,0.566466326409227,2023.0,79648204979.3618,2025.0,0.6308786253945093,2025.0,Slovenia,46.11666666,14.81666666,20273.0,False,4.0,Europe,Central Europe,Slovene,False,True,True,Europe & Central Asia,High income,0.7891363621932819,0.5735612824197779,0.4182300459731446,0.929881337648328,0.8985644132698978,0.6522508034702975,0.5037029427749251,0.5137977226138598,0.5857237686189033,0.6633464808789373,0.19758629039411313,0.902976081050718,0.7599424895213958,0.6659557323405997,0.5239144641125576,0.5936425635287348,0.826898851462841,0.5087503326943925,0.48221884663065123,0.7762914343042379,0.5239144641125576,Slovenia
SWE,72528.8892631159,2025.0,768561078543.32,2025.0,104.335210186728,2025.0,0.959,2023.0,95.76629783,2025.0,83.9988098144531,2024.0,10596620.0,2025.0,528660.0,2023.0,1957000.0,2020.0,10674000000.0,2010.0,180974.0,2023.0,0.989,2025.0,0.889,2025.0,1.14675703743944,2023.0,668998664082.081,2025.0,0.8704560805369653,2025.0,Sweden,62.0,15.0,450295.0,False,2.0,Europe,Northern Europe,Swedish,False,True,True,Europe & Central Asia,High income,0.8310420278177993,0.7299308535567284,0.2719617393285619,0.9802229413879897,0.9535050490085619,0.6853086561306713,0.6596082965008117,0.7694257712297236,0.6382958208374038,0.8729054349359532,0.8345851249962083,0.9938721735400453,0.9999756311531338,0.5608778832495268,0.26767779159255267,0.6109782069010298,0.8730122155090743,0.7145170338652675,0.781928793589855,0.8515752293142352,0.26767779159255267,Sweden
SWZ,12529.2796629252,2025.0,15738955351.2953,2025.0,107.480621053879,2024.0,0.695,2023.0,63.40309906,2024.0,6.43545771863543,2013.0,1256174.0,2025.0,17360.0,2023.0,345299.987792969,2020.0,7300000.19073486,2020.0,2599.2,2023.0,0.225,2025.0,0.128,2025.0,12.5145709802017,2021.0,5160679612.81734,2025.0,0.32789213118853033,2025.0,Eswatini,-26.5,31.5,17364.0,True,2.0,Africa,Southern Africa,English|Swazi,True,True,True,Sub-Saharan Africa ,Lower middle income,0.4673258471467996,0.3933099262896161,0.2816311884071301,0.5055735346997482,0.5980890843713239,0.030893531047113742,0.45233090725464786,0.5008012385718829,0.44663797975256403,0.11632725177113262,0.4742460279618522,0.2135956043058194,0.07274100789550639,0.20480234680573126,0.8479693759058156,0.38075565394784855,0.3781853833727286,0.47656607291326536,0.3457370864951829,0.16371298633568568,0.8479693759058156,Swaziland
SYC,35854.0281615068,2025.0,4400364876.26173,2025.0,172.28733997155,2025.0,0.848,2023.0,87.81800079,2024.0,14.5342502593994,2024.0,122730.0,2025.0,460.0,2023.0,124500.0,2020.0,228000000.0,2020.0,12934.0,2023.0,0.976,2025.0,0.76,2025.0,7.96669919735506,2022.0,2387022853.48583,2025.0,0.5424602096891775,2025.0,Seychelles,-4.58333333,55.66666666,452.0,False,0.0,Africa,Eastern Africa,English|French|Seychellois Creole,True,True,True,Sub-Saharan Africa ,High income,0.685107649287355,0.28297943234296624,0.48085643909468,0.7806544408486156,0.8662160365790003,0.09922441400125077,0.22625734354773105,0.2153082803129745,0.3339351850560473,0.4736066410403495,0.61051749285467,0.9805952162101436,0.8427965688663612,0.27208896812029465,0.618481127809495,0.4829811735750004,0.5820316304762889,0.22078281193035276,0.4726864396503556,0.6984935843989332,0.618481127809495,Seychelles
SYR,4905.15252202552,2022.0,110180384541.124,2022.0,35.4372421451582,2022.0,0.564,2023.0,33.77000046,2018.0,43.7606582641602,2016.0,25620427.0,2025.0,185180.0,2023.0,2424000.0,2019.0,1816000000.0,2011.0,5131.0,2023.0,0.282,2025.0,0.128,2025.0,4.408920174698675,2010.0,23737634644.3994,2022.0,0.2154433817168201,2022.0,Syria,35.0,38.0,185180.0,False,5.0,Asia,Western Asia,Arabic,False,True,True,"Middle East, North Africa, Afghanistan & Pakistan",Low income,0.2730760146998163,0.5617753024025376,0.06015939561815086,0.270046745774901,0.272655359511209,0.34581256334465615,0.7454225530573131,0.6869383104756754,0.6619395140129312,0.6890293738739878,0.53200158925697,0.27180995567538857,0.07274100789550639,0.3602364997603933,0.9682373425913027,0.2983369042401683,0.2961715562102554,0.7161804317664943,0.6276568257146297,0.23492915444376275,0.9682373425913027,Syria
TCD,2902.7406157583,2025.0,60968307584.9057,2025.0,46.1321498031281,2025.0,0.416,2023.0,12.62689972,2024.0,4.39665967267065,2020.0,21003705.0,2025.0,1284000.0,2023.0,10399.9996185303,2020.0,25000000.0,2002.0,72.0,2014.0,0.016,2025.0,0.242,2025.0,4.408920174698675,,21472835225.4338,2025.0,0.3521966752239316,2025.0,Chad,15.0,19.0,1284000.0,True,6.0,Africa,Middle Africa,Arabic|French,False,True,True,Sub-Saharan Africa ,Low income,0.16440529351575642,0.5105456585447421,0.09303709248081782,0.0039554117224019775,0.04045966098541086,0.013691846975724866,0.7261096054178798,0.8392039862791536,0.059665478243740654,0.24412475868267183,0.16968888679201935,0.0001429826173989432,0.21164343503265426,0.3602364997603933,0.8219747952093803,0.25599601484710544,0.019368973227845903,0.7826567958485167,0.1578263745728106,0.19067430580348219,0.8219747952093803,Chad
TGO,4079.36376686718,2025.0,35048367802.874,2025.0,59.9291777017427,2023.0,0.571,2023.0,39.48320007,2024.0,14.9029897765252,2020.0,8591626.0,2025.0,56790.0,2023.0,482000.0,2020.0,264000000.0,2019.0,15446.666,2023.0,0.207,2025.0,0.351,2025.0,3.74921291744897,,11889949067.4697,2025.0,0.33924401656429526,2025.0,Togo,8.0,1.16666666,56785.0,False,3.0,Africa,Western Africa,French,False,True,True,Sub-Saharan Africa ,Lower middle income,0.23489122203480062,0.46261779372945133,0.1354511567591918,0.2826321467098165,0.33539830296942896,0.10233553169669321,0.6392206997982575,0.5939965103635584,0.4834868525685321,0.488826410681869,0.6255941063207353,0.1952121249259554,0.3444536504532605,0.3843851075223065,0.8358281277496195,0.27765339084114793,0.24012199379197954,0.6166086050809079,0.5326357898570454,0.3080169609671741,0.8358281277496195,Togo
THA,26250.0723587304,2025.0,1880026586072.36,2025.0,138.413686011523,2025.0,0.798,2023.0,90.86718789,2024.0,49.0776442074561,2025.0,71619863.0,2025.0,513115.021,2023.0,39916000.0,2019.0,15360000000.0,2020.0,335160.0,2023.0,0.416,2025.0,0.424,2025.0,3.77663964401616,2011.0,577009981112.015,2025.0,0.30691586245994,2025.0,Thailand,15.0,100.0,513120.0,False,4.0,Asia,South-Eastern Asia,Thai,False,True,True,East Asia & Pacific,Upper middle income,0.6205248347395933,0.8073704175934205,0.37672391526697585,0.6907587198849335,0.8997025217131742,0.3906728733638918,0.845343338402711,0.7670789296950158,0.9714370780343327,0.9106898341413077,0.8869190427964433,0.40866474661437585,0.4333999415147675,0.3832991758893981,0.8704042469069432,0.60153972253333,0.6603780383206664,0.8062111340488634,0.923015318324028,0.40845462133951377,0.8704042469069432,Thailand
TJK,5923.47183321348,2025.0,63894915021.3661,2025.0,59.0899316296485,2024.0,0.691,2023.0,55.79339981,2024.0,35.6398418742497,2024.0,10786734.0,2025.0,141379.0,2023.0,1035000.0,2018.0,102400001.525879,2020.0,5341.0,2023.0,0.039,2025.0,0.158,2025.0,0.892370798940089,2020.0,17660626562.4832,2025.0,0.2764011276418098,2025.0,Tajikistan,39.0,71.0,143100.0,True,4.0,Asia,Central Asia,Russian|Tajik,False,True,True,Europe & Central Asia,Lower middle income,0.3121497164987838,0.5146045903671438,0.13287119264599678,0.4983818770226536,0.5145185875623023,0.2772958614489107,0.661336718697418,0.6657164903180798,0.5679180179164381,0.39050629055619057,0.5354080306229637,0.023632984047225115,0.10929427819475583,0.5982458779567155,0.9030408491614362,0.3198751665039748,0.4300654420112889,0.6635266045077488,0.4979441130318641,0.24372438006623212,0.9030408491614362,Tajikistan
TKM,22601.5518373128,2025.0,172197765411.055,2025.0,28.1660712907997,2025.0,0.764,2023.0,17.99029922,2016.0,20.4250351701637,2024.0,7618847.0,2025.0,491209.0,2023.0,380000.0,1998.0,46000000.0,1997.0,10676.0,2023.0,0.053,2025.0,0.148,2025.0,1.01355101620555,2015.0,49828621355.6516,2025.0,0.2893685712860745,2025.0,Turkmenistan,40.0,60.0,488100.0,True,4.0,Asia,Central Asia,Russian|Turkmen,False,True,True,Europe & Central Asia,Upper middle income,0.5895266722029268,0.6004313814444685,0.037806762118963076,0.6296296296296297,0.09936106379712618,0.14892596299381966,0.6275407561527218,0.7636481418232395,0.4572174087127363,0.30742811207560017,0.5942241441132576,0.03793124578711931,0.09710985476167266,0.5792746614552227,0.8891717035503798,0.4092549385887861,0.2926388854735252,0.6955944489879806,0.45295655496719806,0.2381052540013382,0.8891717035503798,Turkmenistan
TLS,4809.49016945191,2025.0,6822343566.70042,2025.0,95.4485030105899,2024.0,0.634,2023.0,35.04199982,2021.0,30.9611108169641,2023.0,1418517.0,2025.0,14870.0,2023.0,74800.0030517578,2019.0,78000000.0,2018.0,13178.5,,0.717,2025.0,0.736,2025.0,4.06594633033822,2015.0,1902180257.82737,2025.0,0.27881625122367537,2025.0,Timor-Leste,-8.83333333,125.91666666,14874.0,False,1.0,Asia,South-Eastern Asia,Portuguese|Tetum,False,True,True,East Asia & Pacific,Lower middle income,0.2689964203881242,0.32094215127542175,0.24464271292943016,0.3959007551240561,0.2866245868043846,0.23782061589346523,0.46414483297464365,0.48862703191783163,0.27764633517200327,0.3622499004891655,0.6121078553791418,0.716077374022101,0.8135539526269616,0.37230206543088906,0.9004577879548888,0.278193761530992,0.3067819859406353,0.4763859324462376,0.4173346970134369,0.6339777973599839,0.9004577879548888,Timor-Leste
TON,8674.68048447494,2025.0,899928702.820399,2025.0,77.5794710114187,2024.0,0.769,2023.0,67.4417038,2024.0,42.8611738148984,2023.0,103742.0,2025.0,750.0,2023.0,94000.0,2019.0,47700000.7629395,2020.0,24228.0,2004.0,0.453,,0.498,,0.946346864516251,2019.0,679218218.578017,2025.0,0.7547466998767015,2025.0,Tonga,-20.0,-175.0,747.0,False,0.0,Oceania,Polynesia,English|Tongan,True,True,True,East Asia & Pacific,Upper middle income,0.3911697205469394,0.1455802917768513,0.18971071762040626,0.6386192017259978,0.642441455397954,0.33822346085657384,0.20991984452025172,0.25374780754809584,0.30288874475715855,0.31119559240412104,0.6638190887697973,0.4464530097840963,0.5235646749195828,0.5894961759481422,0.39143312016513027,0.24215357664806567,0.5397613726601752,0.2318338260341738,0.42596780864369227,0.5198379535506071,0.39143312016513027,Tonga
TTO,37121.2050020847,2025.0,50773047838.4714,2025.0,101.75027507206201,,0.807,2023.0,82.15989685,2024.0,23.8493010569383,2024.0,1367764.0,2025.0,5130.0,2023.0,141000.0,2020.0,151000000.0,2020.0,27936.0,2023.0,0.886,2025.0,0.786,2025.0,40.4432986623964,2022.0,25942749718.4685,2025.0,0.5109551390533491,2025.0,Trinidad and Tobago,11.0,-61.0,5130.0,False,0.0,Americas,Caribbean,English,True,True,True,Latin America & Caribbean ,High income,0.692302041423712,0.49470416479423357,0.26401527398004443,0.7069399496583963,0.8040781594135022,0.177817073654492,0.46060335159828275,0.40494254569416643,0.34768503830111047,0.4308276655209471,0.6759126707668528,0.8886778193108238,0.8744760697923775,0.030037928497336015,0.6521769297055132,0.4836738267326634,0.5629450609087968,0.4327729486462246,0.48480845819630347,0.5977306058668458,0.6521769297055132,Trinidad and Tobago
TUN,15233.4885842318,2025.0,188111845827.052,2025.0,101.446205451707,2025.0,0.746,2023.0,76.5,2024.0,38.1219482421875,2023.0,12348573.0,2025.0,163610.0,2023.0,2012000.0,2020.0,1007000000.0,2020.0,35726.0,2023.0,0.596,2025.0,0.395,2025.0,4.69348024650292,2020.0,57502836548.0878,2025.0,0.30568429274228315,2025.0,Tunisia,34.0,9.0,163610.0,False,2.0,Africa,Northern Africa,Arabic,False,True,True,"Middle East, North Africa, Afghanistan & Pakistan",Lower middle income,0.5078062973215366,0.6080836574046097,0.26308051987810244,0.597267170082704,0.741920592326693,0.2982378128390221,0.6744805561409145,0.6772001703332675,0.6413579815615724,0.6278132290357258,0.6968004368862943,0.5924995404130154,0.3980651135588264,0.3509180888580231,0.8717214548480707,0.45965682486808285,0.5458085250828064,0.6758403632370911,0.6553238824945309,0.4471609142766216,0.8717214548480707,Tunisia
TUR,45288.4750285273,2025.0,3889308838891.98,2025.0,49.9346783626928,2025.0,0.853,2023.0,89.77024003,2025.0,105.88606262207,2023.0,85878556.0,2025.0,785350.0,2023.0,15971000.0,2020.0,13771000000.0,2020.0,810474.0,2023.0,0.157,2025.0,0.293,2025.0,3.22789482308636,2023.0,1597293229287.0,2025.0,0.41068819562862247,2025.0,Türkiye,39.0,35.0,783562.0,False,8.0,Asia,Western Asia,Turkish,False,True,True,Europe & Central Asia,Upper middle income,0.7334942768372391,0.8703027983820305,0.10472661662550152,0.7896440129449838,0.8876557279277572,0.8699751113160756,0.8629912930644235,0.8005474876342896,0.8702359546878347,0.8993529528816085,0.9619066097694204,0.1441469044263333,0.2737839945413783,0.40669101108226036,0.7594160183402376,0.5695078972815903,0.8490916173962723,0.8317693903493566,0.9104985057796213,0.2748739700166573,0.7594160183402376,Turkey
TUV,6759.27941373717,2025.0,64159080.1951932,2025.0,79.8295815452306,,0.689,2023.0,35.20000076,2017.0,19.3509615384615,2023.0,9492.0,2025.0,30.0,2023.0,3599.99990463257,2019.0,2400000.0,2013.0,24228.0,,0.453,,0.498,,18.2907311719786,2012.0,57345434.7234984,2025.0,0.8938007613113306,2025.0,Tuvalu,-8.0,178.0,26.0,False,0.0,Oceania,Polynesia,English|Tuvaluan,True,True,True,East Asia & Pacific,Upper middle income,0.33949053042935895,0.0,0.19662788365905196,0.4947860481841063,0.28835976931532187,0.13986382203360134,0.0,0.000637659475762016,0.0,0.0008418743930997157,0.6638190887697973,0.4464530097840963,0.5235646749195828,0.14826115166355933,0.24270981904643707,0.1787061380294703,0.3076698798443432,0.000318829737881008,0.22155365438763233,0.3727596121224128,0.24270981904643707,Tuvalu
TWN,79800.0,2024.0,1870000000000.0,2024.0,128.0,2024.0,0.926,2023.0,92.0,2024.0,90.0,2023.0,23400000.0,2024.0,36197.0,2024.0,7860000.0,2024.0,5400000000.0,2024.0,235000.0,2023.0,0.917,2025.0,0.801,2025.0,0.8,2023.0,,,0.43,2024.0,Taiwan,23.5,121.0,36193.0,False,0.0,Asia,Eastern Asia,Chinese,False,False,False,,,0.8508316435451293,0.8069074804245784,0.3447107345215857,0.9208917655519596,0.9121431803665339,0.7359417131067719,0.736610911767447,0.5585814244695316,0.7919060746479113,0.8021640519187346,0.8567696248703852,0.9203382560205895,0.8927527049420022,0.6145258362256841,0.738761351608192,0.6674832861637645,0.8563255530084217,0.6475961681184893,0.8169465838123436,0.8092055990627586,0.738761351608192,Taiwan
TZA,4470.9541015625,2025.0,305597202859.277,2025.0,38.9715711395739,2025.0,0.555,2023.0,31.16209984,2024.0,4.01880979537964,2024.0,70545865.0,2025.0,947300.0,2023.0,1527000.0,2019.0,2624500000.0,2019.0,81604.0,2023.0,0.712,2025.0,0.365,2025.0,3.74921291744897,2020.0,90143496090.4411,2025.0,0.29497487296030933,2025.0,Tanzania,-6.0,35.0,945087.0,False,8.0,Africa,Eastern Africa,English|Swahili,True,True,True,Sub-Saharan Africa ,Lower middle income,0.25387760936097037,0.6500905922759753,0.07102443541162123,0.2538655160014384,0.24401512771204092,0.010503863630127081,0.8438746930370469,0.815290118774582,0.6108845752255138,0.7272600019688453,0.7669464276562613,0.7109708519721388,0.3615118432595769,0.3843851075223065,0.8831755630316691,0.3249975456828556,0.1694615024478688,0.8295824059058144,0.7016970016168735,0.4856226009180074,0.8831755630316691,Tanzania
UGA,3487.69797525182,2025.0,179214990762.33,2025.0,50.1990176084385,2025.0,0.582,2023.0,8.949831061,2024.0,4.61899995803833,2014.0,51384894.0,2025.0,241550.0,2023.0,473000.0,2020.0,518000000.0,2020.0,1425.0,2023.0,0.214,2025.0,0.253,2025.0,8.97308867739149,2023.0,61985829288.1496,2025.0,0.3458741315359802,2025.0,Uganda,1.0,32.0,241550.0,True,5.0,Africa,Eastern Africa,English|Swahili,True,True,True,Sub-Saharan Africa ,Low income,0.20243295810059192,0.6038892454794136,0.10553923379513709,0.3024092053218266,7.771624120654516e-05,0.015567769582579936,0.8130699094169331,0.707834909568321,0.4814044217349763,0.5588010318578899,0.4232048660861397,0.2023612557959025,0.22504630080904572,0.2543653597329816,0.8287369822252652,0.3039538124583809,0.10601823038187103,0.760452409492627,0.487803439893002,0.22725763877930993,0.8287369822252652,Uganda
UKR,18904.98046875,2025.0,690445995589.257,2025.0,77.1802739924807,2025.0,0.779,2023.0,82.47489929,2024.0,87.1920013427734,2024.0,38980376.0,2025.0,603550.0,2023.0,3382000.0,2020.0,687000000.0,2020.0,4910.333,2022.0,0.387,2025.0,0.386,2025.0,3.77663964401616,2021.0,214233312784.397,2025.0,0.3102825045738166,2025.0,Ukraine,49.0,32.0,603500.0,False,7.0,Europe,Eastern Europe,Ukrainian,False,True,True,Europe & Central Asia,Upper middle income,0.5525333314872184,0.7206519798182403,0.1884835281020991,0.6565983459187342,0.8075375484828999,0.7122501533320816,0.7862146815968147,0.7798433489108924,0.6987350947888634,0.5881143869493831,0.5282684948006774,0.37904691872459506,0.38709913246905153,0.3832991758893981,0.8668035025367663,0.4872229464691859,0.7254620159112387,0.7830290152538535,0.6050393255129746,0.3831484090276816,0.8668035025367663,Ukraine
URY,38314.8861221656,2025.0,129683935279.061,2025.0,49.7171497188849,2025.0,0.862,2023.0,91.99109007,2024.0,79.9536903496537,2023.0,3384688.0,2025.0,176220.0,2023.0,3480000.0,2019.0,1085000000.0,2020.0,118204.5,2009.0,0.945,2025.0,0.862,2025.0,11.2453054170348,2023.0,85347696277.6859,2025.0,0.658120808055601,2025.0,Uruguay,-33.0,-56.0,181034.0,False,2.0,Americas,South America,Spanish,False,True,True,Latin America & Caribbean ,High income,0.6988579685012676,0.5758847550921723,0.10405790203358696,0.8058252427184466,0.9120453306024142,0.6511792987859237,0.5486755414815654,0.6830384937490037,0.7018909965905762,0.6355583481842673,0.7984134511856918,0.9489347795003779,0.9670776878838093,0.2207355922328888,0.49477797364808696,0.4596002085423423,0.7896832907022615,0.6158570176152846,0.7119542653201784,0.712249353205692,0.49477797364808696,Uruguay
USA,90026.5163005744,2025.0,30769700000000.0,2025.0,25.0160172978284,2024.0,0.938,2023.0,94.69380188,2024.0,79.361930847168,2022.0,341784857.0,2025.0,9831510.0,2023.0,45037000.0,2020.0,84205000000.0,2020.0,9267193.0,2023.0,0.924,2025.0,0.735,2025.0,5.76340794073065,2023.0,30769700000000.0,2025.0,1.0,2025.0,United States,38.0,-97.0,9372610.0,False,2.0,Americas,North America,English,True,True,True,North America,High income,0.8758084375578978,1.0,0.02812303939838721,0.9424667385832434,0.9417267886039653,0.6461865237397889,0.9972497237471611,0.999270470950881,0.9847729529011764,1.0,1.0,0.9274873868905367,0.8123355102836534,0.32032264812600997,0.12912592806820744,0.634643825652095,0.843460016975666,0.998260097349021,0.9949243176337254,0.6867151817667333,0.12912592806820744,United States
UZB,13601.2917473678,2025.0,503974484468.086,2025.0,57.4005392040216,2025.0,0.74,2023.0,89.50550079,2024.0,59.8086982926392,2025.0,37053428.0,2025.0,448920.0,2023.0,6749000.0,2019.0,395000000.0,2020.0,29916.0,2023.0,0.147,2025.0,0.218,2025.0,1.39879762685076,2021.0,147038081129.405,2025.0,0.2917569949688914,2025.0,Uzbekistan,41.0,64.0,447400.0,True,5.0,Asia,Central Asia,Russian|Uzbek,False,True,True,Europe & Central Asia,Lower middle income,0.4843311086662945,0.693398389514628,0.12767775537396425,0.5864796835670621,0.8847483344704345,0.48121259233785013,0.7812868438507038,0.7565691979399723,0.7750695866080581,0.5306576374371402,0.6817279356636043,0.13393386032640886,0.1824008187932547,0.5312776181690058,0.886617198842543,0.4351357511849623,0.6508135367917823,0.7689280208953381,0.6624850532362676,0.2825374324295564,0.886617198842543,Uzbekistan
VAT,62802.5108384276,,41000000.0,2024.0,62.5232263591126,,0.915,,89.2207202,,75.9496536254883,,764.0,2023.0,0.49,2024.0,6800000.0,2024.0,120000000.0,2024.0,185458.0,,0.865,1870.0,0.1,2024.0,0.568072449338316,,,,0.689600459088232,,Vatican City,41.9,12.45,0.44,True,1.0,Europe,Southern Europe,Italian|Latin,False,True,True,,,0.8012163205364691,0.0,0.14342563845941106,0.9011147069399498,0.8816208448540919,0.617396563474963,0.0,0.0,0.7759013189216877,0.40697201082502293,0.8366636101193986,0.8672304267009825,0.03862462228287358,0.6655338979150641,0.4611093589284924,0.3148806529986267,0.8000440384230015,0.0,0.6731789799553698,0.5237963156329734,0.4611093589284924,Vatican
VCT,22799.4005332261,2025.0,2278207298.88209,2025.0,79.8295815452306,,0.798,2023.0,76.19010162,2024.0,41.4983277591973,2022.0,99924.0,2025.0,390.0,2023.0,392000.0,2019.0,85000000.0,2020.0,24228.0,,0.453,,0.498,,51.3212761232698,2023.0,1255222222.22222,2025.0,0.5509692743229091,2025.0,Saint Vincent and the Grenadines,13.25,-61.2,389.0,False,0.0,Americas,Caribbean,English,True,True,True,Latin America & Caribbean ,Upper middle income,0.5913320150607829,0.2259898840975446,0.19662788365905196,0.6907587198849335,0.7385172565671476,0.3267248980957806,0.20627508910506634,0.20232754966955652,0.4606523357557591,0.3711720900294186,0.6638190887697973,0.4464530097840963,0.5235646749195828,0.0,0.6093803782973651,0.3379832609391265,0.5853336248492872,0.20430131938731144,0.49854783818499165,0.3233392282345597,0.6093803782973651,Saint Vincent and the Grenadines
VEN,7132.190089552395,2011.0,78128858085.56465,2011.0,25.0115313779011,2025.0,0.709,2023.0,76.67890167,2024.0,16.6614294830602,2009.0,28516896.0,2025.0,912050.0,2023.0,429000.0,2017.0,546000000.0,2016.0,23302.0,2023.0,0.009,2025.0,0.181,2025.0,12.6466448562847,2022.0,99661244155.6306,2025.0,0.34129467681865167,2011.0,Venezuela,8.0,-66.0,916445.0,False,3.0,Americas,South America,Spanish,False,True,True,Latin America & Caribbean ,Lower middle income,0.35061424139026537,0.5320157185804706,0.028109249030088882,0.5307443365695792,0.7438853087958576,0.11717178502265083,0.7558334255793931,0.8123082718672051,0.47061720119169703,0.5642662877198963,0.6605096743129829,0.0,0.13731845209084706,0.20323822136565084,0.8336348731308454,0.3035797363336083,0.46393381012936247,0.7840708487232991,0.5651310544081921,0.11351889115216596,0.8336348731308454,Venezuela
VNM,18088.491587163,2025.0,1837764100907.65,2025.0,190.336808817292,2025.0,0.766,2023.0,84.15,2024.0,37.5923642016718,2024.0,101598527.0,2025.0,331338.31,2023.0,3837000.0,2020.0,3232000000.0,2020.0,331806.0,2023.0,0.319,2025.0,0.146,2025.0,3.77663964401616,2011.0,514697215165.065,2025.0,0.28006707439266126,2025.0,Vietnam,16.16666666,107.83333333,331212.0,False,3.0,Asia,South-Eastern Asia,Vietnamese,False,True,True,East Asia & Pacific,Upper middle income,0.5433883163223254,0.8054021185521318,0.5363431234327382,0.6332254584681769,0.8259336761011952,0.2937696226854016,0.8793302603490945,0.7326879546132252,0.7126804320525888,0.7488755844177387,0.8860649283759215,0.30959821884510896,0.09467297007505604,0.3832991758893981,0.8991199877576989,0.6283778527690651,0.5843095857515913,0.8060091074811598,0.7825403149487498,0.262523454936521,0.8991199877576989,Vietnam
VUT,4525.23645747645,2025.0,1516718978.21593,2025.0,73.3835043414732,2024.0,0.621,2023.0,22.35140038,2015.0,16.6614294830602,2004.0,335169.0,2025.0,12190.0,2023.0,82400.0015258789,2020.0,67000000.0,2020.0,8307.0,2023.0,0.822,2025.0,0.729,2025.0,0.3346065111081,2020.0,1353658840.63993,2025.0,0.8924915294672434,2025.0,Vanuatu,-16.0,167.0,12189.0,False,0.0,Oceania,Melanesia,Bislama|English|French,True,True,True,East Asia & Pacific,Lower middle income,0.2563773446825147,0.1907694005230804,0.17681170767734064,0.3725278676734987,0.1472551235493037,0.11717178502265083,0.32391000243693263,0.4730002926030361,0.2883373331819951,0.34646820316162186,0.5729171014870104,0.8233143370713074,0.8050248562238034,0.7443924922690651,0.24411008941447584,0.20798615096097858,0.21231825874848442,0.39845514751998434,0.40257421261020915,0.7909105618547253,0.24411008941447584,Vanuatu
WSM,9318.95775945515,2025.0,2043703350.39507,2025.0,70.6296323498584,2025.0,0.708,2023.0,21.20000076,2014.0,16.0263900756836,2024.0,219306.0,2025.0,2840.0,2023.0,23899.9996185303,2020.0,23059999.4659424,2020.0,3540.0,2023.0,0.453,,0.498,,6.26258538794308,2018.0,1287936621.64619,2025.0,0.63019744103136,2025.0,Samoa,-13.58333333,-172.33333333,2842.0,False,0.0,Oceania,Polynesia,English|Samoan,True,True,True,East Asia & Pacific,Upper middle income,0.40600952719413763,0.21658608385001094,0.16834590587386,0.5289464221503055,0.13461033495675603,0.1118138500961412,0.2826806167478944,0.35844667401457864,0.15159391052319487,0.23573889204229337,0.5004805592412213,0.4464530097840963,0.5235646749195828,0.30794705866394406,0.5246430151963073,0.2636471723060029,0.25845686906773424,0.3205636453812365,0.29593778726890313,0.4259882477892077,0.5246430151963073,Samoa
XKX,19263.3268800963,2025.0,30375877837.3787,2025.0,118.190884160552,2025.0,0.762,2023.0,89.4430319734879,2018.0,45.0,2022.0,1576876.0,2025.0,10887.0,2024.0,350000.0,2023.0,1700000000.0,2023.0,12000.0,2023.0,0.55,2024.0,0.62,2024.0,1.89497747704421,2021.0,12456403306.8191,2025.0,0.4100755004844999,2025.0,,,,,,,,,,,,,Europe & Central Asia,Upper middle income,0.5564229018633494,0.450231198336362,0.3145560901455936,0.6260338007910823,0.8840622955273072,0.35626909926227557,0.4744319614271154,0.46411109505641224,0.448131640503707,0.6821766918131554,0.6041523053026925,0.5455195375533632,0.6722146408031971,0.48604566208414796,0.7600713177502166,0.4404033967817684,0.6221217318602217,0.4692715282417638,0.5781535458731849,0.5679266134802361,0.7600713177502166,Kosovo
YEM,3164.32154223615,2013.0,92755605480.1343,2013.0,56.0778227215077,2018.0,0.47,2023.0,17.49099922,2019.0,6.38221001625061,2011.0,41773878.0,2025.0,527970.0,2023.0,398000.0,2015.0,116000000.0,2016.0,4979.0,2023.0,0.065,2025.0,0.127,2025.0,5.80971851623815,2013.0,21606160663.0318,2018.0,0.23293644142789027,2013.0,Yemen,15.0,48.0,527968.0,False,2.0,Asia,Western Asia,Arabic,False,True,True,"Middle East, North Africa, Afghanistan & Pakistan",Low income,0.1822778082270409,0.5468720454181649,0.12361153311771714,0.10104279036317866,0.09387770004175246,0.03044427117276578,0.7929422328894205,0.7693230733338149,0.4623305642860122,0.40345249118309007,0.5294478403791988,0.05018689870702862,0.07152256555219808,0.31913026975915104,0.9495278884404807,0.28425379558764097,0.07512158719256563,0.7811326531116176,0.46507696528276704,0.1469465780061259,0.9495278884404807,Yemen
ZAF,15905.6794419658,2025.0,1029850100740.7,2025.0,60.9110971393628,2025.0,0.741,2023.0,78.35759735,2024.0,23.493768799339,2023.0,64747319.0,2025.0,1219090.0,2023.0,3886600.09765625,2020.0,2716000000.0,2020.0,169154.0,2023.0,0.694,2025.0,0.743,2025.0,43.7202551331462,2022.0,427184325997.307,2025.0,0.4148024316257899,2025.0,South Africa,-29.0,24.0,1221037.0,False,6.0,Africa,Southern Africa,Afrikaans|English|Northern Sotho|Southern Ndebele|Southern Sotho|Swazi|Tsonga|Tswana|Venda|Xhosa|Zulu,True,True,True,Sub-Saharan Africa ,Upper middle income,0.5167505030983274,0.7552657179169266,0.13846971948512396,0.5882775979863358,0.7623209167430125,0.1748173878422973,0.8355377000170489,0.835124853406582,0.7140994481189187,0.7308177524661286,0.8288491304379717,0.6925873725922748,0.8220830490301199,0.018430166293445703,0.7550156955250155,0.4701619801667926,0.5084719675238819,0.8353312767118155,0.7579221103410063,0.51103352930528,0.7550156955250155,South Africa
ZMB,4379.26131013191,2025.0,95966580563.3056,2025.0,62.5348874064443,2024.0,0.595,2023.0,17.10099983,2024.0,3.96159738763825,2012.0,21913874.0,2025.0,752610.0,2023.0,502000.0,2020.0,208599998.47412097,,12748.0,2023.0,0.654,2025.0,0.497,2025.0,5.20150860823759,2015.0,28879806220.1264,2025.0,0.30093607639875697,2025.0,Zambia,-15.0,30.0,752612.0,True,8.0,Africa,Eastern Africa,English,True,True,True,Sub-Saharan Africa ,Lower middle income,0.24958535345619537,0.5498182178844941,0.14346148620971746,0.32578209277238396,0.08959468678370348,0.010021152865871295,0.7302329731037567,0.7971991088456278,0.4879785790490723,0.4643745959711289,0.6092873806520467,0.6517351961925772,0.5223462325762744,0.33560591060778544,0.8767998423597287,0.3142883525168023,0.14179931080731958,0.7637160409746923,0.5205468518907493,0.5032291131255456,0.8767998423597287,Zambia
ZWE,6470.41613223905,2025.0,109678697422.277,2025.0,41.5039527238816,2024.0,0.598,2023.0,41.64279938,2024.0,7.74912957845971,2024.0,16950795.0,2025.0,390760.0,2023.0,639000.0,2020.0,66000000.0,2020.0,2085.0,2023.0,0.177,2025.0,0.268,2025.0,6.75833125350771,2022.0,51215643905.5886,2025.0,0.4669607235432586,2025.0,Zimbabwe,-20.0,30.0,390757.0,True,4.0,Africa,Eastern Africa,Chewa|Chibarwe|English|Kalanga|Khoisan|Ndau|Northern Ndebele|Shona|Sotho|Tonga|Tsonga|Tswana|Venda|Xhosa|Zimbabwean Sign Language,True,True,True,Sub-Saharan Africa ,Lower middle income,0.33044362116315185,0.561380216466097,0.0788093435877497,0.3311758360302049,0.3591152438518324,0.041977202797190305,0.7052712843306768,0.745658767456165,0.5146381845092042,0.344907032591502,0.4555261380119247,0.16457299262618216,0.24332293595867047,0.2965966941344349,0.6992305334474221,0.3235443937389995,0.24408942755974253,0.7254650258934209,0.438357118370877,0.23483087423976254,0.6992305334474221,Zimbabwe
