"Data Source","World Development Indicators",

"Last Updated Date","2026-07-01",

"Country Name","Country Code","Indicator Name","Indicator Code","1960","1961","1962","1963","1964","1965","1966","1967","1968","1969","1970","1971","1972","1973","1974","1975","1976","1977","1978","1979","1980","1981","1982","1983","1984","1985","1986","1987","1988","1989","1990","1991","1992","1993","1994","1995","1996","1997","1998","1999","2000","2001","2002","2003","2004","2005","2006","2007","2008","2009","2010","2011","2012","2013","2014","2015","2016","2017","2018","2019","2020","2021","2022","2023","2024","2025",
"Aruba","ABW","GDP, PPP (current international $)","NY.GDP.MKTP.PP.CD","","","","","","","","","","","","","","","","","","","","","","","","","","","","","","","1363802057.82932","1522193651.8637","1648463551.4576","1810857555.70578","2001255995.48195","2095259749.45466","2158919231.50221","2350908521.51772","2424685609.58266","2489440705.42339","2739898103.35414","2918754740.61725","2936102553.44684","3027319748.07174","3335469123.95673","3426871110.42673","3572376596.74459","3782521886.32566","3926175809.15729","3489075178.00144","3434946033.94178","3623931877.15193","3549697827.01878","3793906436.882","3808447873.65564","3881687394.68026","3926951256.42967","4080271623.86488","4278675099.18117","4209110308.18345","3133234156.9919","3780785538.74098","4481147103.64658","5000176438.22858","5469871318.00027","",
"Africa Eastern and Southern","AFE","GDP, PPP (current international $)","NY.GDP.MKTP.PP.CD","","","","","","","","","","","","","","","","","","","","","","","","","","","","","","","577100601053.5","597998959309.335","598951199193.157","611435980033.065","636570098414.722","678867181310.464","730384501465.473","775054989550.12","798719535262.972","832650790359.872","880150654058.224","933005580035.362","983668352620.627","1033801801176.58","1121048165479.82","1226920731943.57","1348745499957.6","1477348420232.4","1572754718986.31","1597086660063.01","1702474592459.02","1808548214571.79","1815746487409.02","1940632551664.47","2076855413176.87","2149104361702.58","2265599728957.27","2456370311843.14","2449135802502.57","2569565959806.3","2575071867636.88","2872598739483.37","3197467485121.92","3378412777153.98","3566223281573.67","",
"Afghanistan","AFG","GDP, PPP (current international $)","NY.GDP.MKTP.PP.CD","","","","","","","","","","","","","","","","","","","","","","","","","","","","","","","","","","","","","","","","","16377032684.0049","15166333854.9981","19806995164.3761","21981995255.8636","22892320780.0904","26261445894.5918","28521625037.4871","33344679966.8373","35321124705.4034","43140953896.0125","49936634725.4957","51184181904.4289","60766467131.1993","67458857272.9888","72946664022.0665","77274315044.0326","76798750471.4042","83362066704.4832","89369237677.5116","97800733345.013","100094011602.726","85767546197.7544","86148711748.6848","91271896894.46","","",
"Africa Western and Central","AFW","GDP, PPP (current international $)","NY.GDP.MKTP.PP.CD","","","","","","","","","","","","","","","","","","","","","","","","","","","","","","","446126736127.422","466490178517.364","489690312246.225","494741185916.622","503700809521.585","522873824352.597","556859717130.507","590279741761.023","617924448080.152","635960702366.402","675719863251.628","728165156701.825","816511096536.118","881901582782.146","979902985007.426","1070138443051.37","1162368419954.3","1260250617638.05","1365730529507.08","1460907570091.88","1583804782448.02","1698475074371.2","1796232131060.1","1925162487120.03","2081639052409.18","2114363564241.94","2132384617455.24","2216163397724.63","2342085429827.22","2541211584140.38","2569338654649.25","2765360719691.51","3093809375860.86","3321421591092.65","3556339225869.39","",
"Angola","AGO","GDP, PPP (current international $)","NY.GDP.MKTP.PP.CD","","","","","","","","","","","","","","","","","","","","","","","","","","","","","","","43074073049.4434","44972216732.724","43311630089.5044","33704427290.6791","34885147280.3125","40959067179.8915","47358143134.6612","51679178936.747","54711575821.2443","56696215287.6417","59751581478.7583","63666740830.5725","73491822510.3902","77556271312.7064","88736815277.8388","104473445323.963","120448309494.207","139797395597.277","157860858808.494","162004198386.909","172653197073.284","182548166821.753","207621875217.7","222514926605.751","244927399936.622","227162636842.903","226660173392.231","242085415953.133","259089393411.945","277552374263.455","261836328695.531","306036100914.862","341677256610.31","358443900347.246","383352092457.214","",
"Albania","ALB","GDP, PPP (current international $)","NY.GDP.MKTP.PP.CD","","","","","","","","","","","","","","","","","","","","","","","","","","","","","","","8727981289.02122","6496471262.7701","6166967619.22255","6916644283.3857","7650870122.86281","8851930465.5959","9675284316.43274","8689461343.43019","9653973741.86614","11033900449.8991","12287444703.681","13619343345.1793","14767901361.0631","15712348856.0292","16935092961.9811","18112037368.8111","20208375084.4722","22526655930.528","24961525464.6329","26437281054.889","28416061889.2111","29846288353.936","30348807239.5289","30653601166.3675","32696763099.3817","33831412752.3915","35113281648.3064","37369110770.0988","39260152566.101","42220107429.1219","41182895542.0584","45345712251.0862","54275343252.3649","59923521425.5842","63473299185.7041","",
"Andorra","AND","GDP, PPP (current international $)","NY.GDP.MKTP.PP.CD","","","","","","","","","","","","","","","","","","","","","","","","","","","","","","","1310131885.03024","1388922114.71548","1433773796.37606","1452619188.84507","1518993228.47527","1593606271.86624","1698236547.21999","1884167759.81747","1966215054.51796","2075776156.14411","2197696491.5043","2429638531.0406","2579571697.17073","2859201638.01081","3174958697.51878","3451259350.68147","3728768817.98712","3889274660.19026","3743831887.45967","3567168967.98064","3539214037.97724","3611940399.90852","3496180919.82724","3429540494.942","3576657555.21929","3661620791.67048","3833543204.91048","3915698820.58319","4152298789.83756","4395348448.44156","4031176207.5678","4649508748.84024","5457407403.46601","5799854946.96513","6140390670.0909","",
"Arab World","ARB","GDP, PPP (current international $)","NY.GDP.MKTP.PP.CD","","","","","","","","","","","","","","","","","","","","","","","","","","","","","","","1519402324903.7","1627290823463.51","1769869022661.29","1868929744857.66","1965787640920.22","2058341273371.03","2195163921160.76","2353538053787.47","2502904976123","2616807217398.96","2849573725995.69","2976138464586.04","3052768695166.1","3222214001627.58","3619260393408.75","3936981667471.26","4303074804182.8","4615888202289.1","4968012583844.74","5029883294572.11","5336016064638.3","5671975904345.14","6137074221159.11","6268506159587.04","6330486979070.97","5879208123546.4","5818822071567.91","6199159896981.97","6783314844554.52","6995655755950.55","6492504052490.06","7382615294488.8","8463659709320.79","8913532832303.65","9295755445740.28","",
"United Arab Emirates","ARE","GDP, PPP (current international $)","NY.GDP.MKTP.PP.CD","","","","","","","","","","","","","","","","","","","","","","","","","","","","","","","167907198978.276","175078481236.012","185057999544.239","191833731830.083","209441370135.498","228133591638.991","245780463533.669","270496357749.178","274335084052.506","286291652042.917","324550907808.85","336501774532.64","350046870275.679","388372122533.905","436968248894.769","472549815265.604","535042276089.907","567037386974.021","596410169665.133","568626530008.777","584761967138.496","637031255028.397","659302466674.815","673342735231.469","705021550091.443","629269005951.834","625340346939.844","648225675214.747","723866727281.628","753927619595.568","627901742033.062","656665346475.563","756345234049.455","817263903757.606","870438615966.339","",
"Argentina","ARG","GDP, PPP (current international $)","NY.GDP.MKTP.PP.CD","","","","","","","","","","","","","","","","","","","","","","","","","","","","","","","234476844277.352","264545654095.111","292050532479.084","323509736778.801","349701129033.532","346874927371.834","372747062317.193","409929944205.048","430497422050.132","421808836974.514","427960175928.847","418303583400.374","378523791536.921","420107758525.601","470358838992.398","528046724347.489","588133949216.688","658480356265.582","698398185512.872","661115953562.315","736904550750.838","797263881242.037","819219854484.205","848625298160.51","838428063163.02","865155580188.784","882649216798.351","1035699067575.93","1090043170151.08","1057633159930.82","1011999397129.76","1191725417699.43","1353555462358.02","1376238680576.58","1390588639479.49","",
"Armenia","ARM","GDP, PPP (current international $)","NY.GDP.MKTP.PP.CD","","","","","","","","","","","","","","","","","","","","","","","","","","","","","","","9804759536.81031","8950386612.80216","5327833129.30445","4974157579.66486","5354705603.50387","5844198432.94977","6300253203.34117","6621742394.57029","7184981697.30371","7527115894.1806","8151779326.30288","9135524003.17559","10502118179.3831","12208787869.163","13853487621.1931","16273869613.1272","18990125434.4095","22176749551.127","24163709284.131","20884649142.4407","21603503567.4249","23085520248.3701","27043423649.5481","28572642912.7207","29343064966.5336","29315404012.9832","31629425029.462","35949453239.3726","38233278956.681","44365671088.179","43552758696.8095","47164867556.762","56893939956.673","63833326718.2117","69234115090.8145","",
"American Samoa","ASM","GDP, PPP (current international $)","NY.GDP.MKTP.PP.CD","","","","","","","","","","","","","","","","","","","","","","","","","","","","","","","","","","","","","","","","","","","","","","","","","","","","","","","","","","","","","","","","","","",
"Antigua and Barbuda","ATG","GDP, PPP (current international $)","NY.GDP.MKTP.PP.CD","","","","","","","","","","","","","","","","","","","","","","","","","","","","","","","819608596.224663","865771251.663144","895759895.279394","965408471.006148","1051852685.30775","1027086737.24417","1114970753.50882","1196252709.36757","1266931123.39748","1332498765.77347","1447217180.44904","1412500912.42759","1449186282.88348","1567598182.54281","1702588348.57241","1869648421.17262","2172230129.35438","2438910773.02227","2485553313.20349","2201706020.73879","2053740262.1647","2055053749.15776","2008004315.57078","1916318722.69576","1923668370.58425","1876287100.28153","1918178442.04757","1938005691.19943","2229888663.55951","2425768090.57419","2054603457.83519","2377570792.25983","2779062289.10061","2948949156.32379","3130689969.29169","",
"Australia","AUS","GDP, PPP (current international $)","NY.GDP.MKTP.PP.CD","","","","","","","","","","","","","","","","","","","","","","","","","","","","","","","296685757962.007","308330911527.991","319137562500.518","338947046000.544","359200986391.002","378995834548.066","403384154791.237","426343322558.765","453770601195.903","480293766143.645","505877260697.377","533673271158.645","566921563199.126","594920232985.354","634149683390.803","667645762326.089","713538801396.708","764543805901.331","799310108426.021","877090906570.653","870350207285.626","941694925125.012","977704262344.046","1066749681955.16","1105906481907.95","1106600366019.74","1147766860944.62","1194334822507.21","1257430105896.14","1339853335919.13","1389782994669.37","1498163677059.36","1719920190001.38","1926784790365.08","1961194326932.44","",
"Austria","AUT","GDP, PPP (current international $)","NY.GDP.MKTP.PP.CD","","","","","","","","","","","","","","","","","","","","","","","","","","","","","","","148918502923.265","159253082350.696","166292336559.966","171130733844.562","178983328210.697","187611378026.528","194413030697.316","201596567961.196","211631673691.272","219789588984.161","234105852348.313","237675761705.927","250154113650.079","259551414495.312","273912173141.677","286136493567.015","309148607379.8","325119816177.868","341570699090.85","339462059937.129","349050492029.011","370671977954.567","389098738029.221","402959936317.639","413263298435.022","428239825841.592","457782737463.172","473923403470.153","500696126093.052","535946931732.608","521841933098.152","563937063927.258","651605489975.913","671592228021.923","678357862822.348","",
"Azerbaijan","AZE","GDP, PPP (current international $)","NY.GDP.MKTP.PP.CD","","","","","","","","","","","","","","","","","","","","","","","","","","","","","","","38334014117.2191","39352985292.7483","31153331532.2016","24524768989.7362","20113882129.8122","18112406069.6773","18683773490.5938","20108311464.5866","22367731971.4269","24362892663.1387","27680297849.022","31105625947.8011","34570665511.9989","38851951372.1388","43588677251.5417","57525596247.4924","79737913302.8317","102752139793.116","115824486305.493","127457981799.49","135184888971.312","135803575412.212","148678132524.431","162604723251.662","167470430285.624","145466446321.068","141837623390.756","141069643128.845","151909515454.014","167158106107.002","153047750160.236","203884098954.124","228717780440.05","240157347806.31","255978795500.51","",
"Burundi","BDI","GDP, PPP (current international $)","NY.GDP.MKTP.PP.CD","","","","","","","","","","","","","","","","","","","","","","","","","","","","","","","3342761403.8318","3628488325.80262","3748659110.03456","3598053602.44722","3534131313.46634","3322459139.54421","3112622700.35615","3115954116.71255","3300644483.18359","3313543587.75695","3359566106.16378","3505834473.00903","3718625048.88467","3745638126.82853","4032281574.38001","4196140338.26024","4559718981.96212","4844567926.57905","5180297879.78918","5409640778.50353","5754285052.3185","6109356995.9024","6417733187.52282","7175699931.70619","7823061365.2092","7976716207.48418","8590112580.25926","9106376594.50655","9760479443.32744","10642824621.8774","12088831351.648","13426255704.0112","14716844080.0566","15742649268.591","16786357120.2939","",
"Belgium","BEL","GDP, PPP (current international $)","NY.GDP.MKTP.PP.CD","","","","","","","","","","","","","","","","","","","","","","","","","","","","","","","186267645657.78","196096893219.268","203635622335.812","206457217111.656","217670116118.938","227533645375.045","231014888043.209","241636062512.265","248651104225.033","260168701709.78","284923766985.587","296186500026.332","312900377877.018","320940313361.699","334098399405.687","347658412088.972","371830762035.128","391006547520.158","405729462246.522","409248174632.69","434079898662.779","455271537460.137","471861624035.897","489497572460.263","506062503280.372","519423798559.496","548605717461.086","571670659099.524","599540192091.147","651568428663.064","647547562363.422","702925341289.817","807431179125.495","847521699698.349","871779584488.161","",
"Benin","BEN","GDP, PPP (current international $)","NY.GDP.MKTP.PP.CD","","","","","","","","","","","","","","","","","","","","","","","","","","","","","","","6264447110.1242","6749974293.25169","7107990709.16455","7701140674.38752","8024491427.21248","8688007424.04865","9229636576.82599","9927215098.12597","10436421094.8374","11149451394.142","12069905284.8706","12999880781.759","13814866444.8602","14572733236.281","15627491674.7869","16393603609.2827","17565614139.7533","19121539964.5388","20444297274.8221","21047481282.7312","21753633405.3039","22860459982.9645","24393778410.0812","26896876069.4006","29454694903.9928","30961687093.8936","33245555033.1574","34745526935.4768","36720416644.3096","40076293090.6914","42407309934.6404","46467947984.7692","52893642973.6996","58278092338.3684","64135878351.0355","",
"Burkina Faso","BFA","GDP, PPP (current international $)","NY.GDP.MKTP.PP.CD","","","","","","","","","","","","","","","","","","","","","","","","","","","","","","","5192843277.16224","5855373513.42645","6002745550.54567","6357733265.99342","6578873266.36329","7100769815.78973","8027218788.85307","8681454235.75325","9420568438.15163","10260410776.0297","10690983443.7214","11654669659.5725","12350989938.8874","13577548764.0047","14567076341.3202","16325164677.7767","17880926557.468","19120436926.0912","20619182899.137","21360854972.6256","23446574734.3389","25515102554.621","26992067760.1929","29071648205.4878","30284926912.3411","31763609326.839","36383537964.2514","40632395597.0095","42375183591.2275","46790489892.5012","51134807594.6267","54689652540.5665","59541822984.503","63535071031.2249","68194715212.1648","",
"Bangladesh","BGD","GDP, PPP (current international $)","NY.GDP.MKTP.PP.CD","","","","","","","","","","","","","","","","","","","","","","","","","","","","","","","105008754992.418","112343514642.75","121157504599.86","129873049504.622","137806197692.128","147900975216.151","157420603401.486","167325146303.572","177965478384.521","188912743218.433","203418206731.376","218559239143.377","230463472736.244","246152172425.973","266015461711.794","292288029438.599","321404279211.061","353413232026.431","381885501594.424","403626330533.373","431294060080.085","468647816773.515","532553859722.85","577776460458.473","627516703644.248","671359529456.477","736379109928.489","791891204668.818","897767805988.755","997249695284.319","1104316059486.83","1247561124482.2","1431395376250.57","1568541874255.92","1674316179059.49","",
"Bulgaria","BGR","GDP, PPP (current international $)","NY.GDP.MKTP.PP.CD","","","","","","","","","","","","","","","","","","","","","","","","","","","","","","","65805488715.7009","62285454511.616","59071985493.0514","59577065182.742","61955398239.7569","65086978216.6182","57277012870.0282","47800026553.8142","51010900318.0362","47685666562.5838","52486372650.0776","55745919746.8959","61023304611.7677","65440322298.3149","70998834811.1033","78821761124.5911","86694129639.4151","96745119684.4275","107494637211.737","105622538073.04","110595668299.787","115716675723.153","119285704781.212","120959470191.01","127258951402.059","131974634008.914","143024754334.641","151834729524.658","161043634552.116","177101430172.335","179173724773.912","201460259474.462","234813242567.638","250316109451.97","270342906713.719","",
"Bahrain","BHR","GDP, PPP (current international $)","NY.GDP.MKTP.PP.CD","","","","","","","","","","","","","","","","","","","","","","","","","","","","","","","13849100371.6826","15925300297.0046","17377895954.1868","20079358095.9532","20456821719.1415","21706545441.9508","23012414560.7456","24133299648.4367","25573503154.9677","27050614774.8075","29129541486.3927","30527388692.4569","32039893083.1749","34729663754.4617","38153235357.4752","42013080198.8788","46109468096.963","51286604420.6927","55539312164.1959","57301203503.1051","60511365801.66","62950607636.3072","68563454589.6353","70567575887.0546","71379476259.9094","65822385264.1269","67525760773.3312","75332756767.7388","78150406940.0445","83979879528.4482","78668739612.8244","82671890844.1512","94039487080.4043","101201588299.581","106347544575.271","",
"Bahamas, The","BHS","GDP, PPP (current international $)","NY.GDP.MKTP.PP.CD","","","","","","","","","","","","","","","","","","","","","","","","","","","","","","","5468500283.54551","5417020162.32837","5328511069.42535","5471604368.05009","5764409068.24657","6142972183.18174","6519635759.81108","6717468095.61792","7113373810.08572","7729413187.54712","8232411264.78487","8638831359.98772","9010386268.18601","9072055567.76163","9398213125.08261","10022068527.4574","10591125241.2235","11035373906.35","10986629741.2135","10592824921.2258","10886526704.5643","11179257851.7336","11652886944.3095","11480182878.3561","12128852901.2596","12384087314.253","12528462792.3855","13386673556.9062","13834540972.566","14254082379.9356","10769304826.4195","12313201284.2481","14625979989.0631","15614158121.4937","16532030651.588","",
"Bosnia and Herzegovina","BIH","GDP, PPP (current international $)","NY.GDP.MKTP.PP.CD","","","","","","","","","","","","","","","","","","","","","","","","","","","","","","","4638907683.62212","4347475441.23638","4160327878.71362","4166038814.73387","4728656251.67755","5598719307.0506","8791239298.76867","12219597008.3015","14410202433.5548","16005614719.4706","17254397740.3553","17999386828.6961","19535646828.8992","20546809359.0154","22392088205.1382","24398013650.3393","27910721798.3485","30847693414.7288","33896614280.9061","33746972249.9396","34630054822.8531","36525472288.6155","37145912935.5475","39027144666.7873","39811432589.5984","41678709566.3771","44799641792.1197","46722973566.7609","50325939492.1583","54963138243.7256","54010129727.3927","59338761977.1417","69388114279.6861","74454975915.7299","79242668357.1604","",
"Belarus","BLR","GDP, PPP (current international $)","NY.GDP.MKTP.PP.CD","","","","","","","","","","","","","","","","","","","","","","","","","","","","","","","53193233753.6635","54332225356.0198","50235620781.0825","47517963155.0714","42854253863.5143","39202485402.1902","41037957769.0012","46504640751.2889","50977578757.454","53456725796.4682","57838349008.2995","61935267852.5117","66071097821.0895","72120938828.0041","82540052120.3146","93130096685.2146","105602279440.587","117791170675.551","132306851756.369","133389134342.179","145473507873.332","156715098657.899","171127080561.616","179553714196.485","179879739572.13","171562717858.933","168862491607.69","174175435650.665","189020934305.568","210075611346.388","233301042735.647","256855349956.29","262349397266.918","283005268457.448","301471104003.261","",
"Belize","BLZ","GDP, PPP (current international $)","NY.GDP.MKTP.PP.CD","","","","","","","","","","","","","","","","","","","","","","","","","","","","","","","817820519.670275","945063972.222555","1089709015.57974","1184009143.74207","1209048395.46679","1243428714.19667","1280188270.47656","1357410348.17035","1426103971.10662","1582570968.93203","1816523717.07142","1950177928.48179","2087411348.09095","2334359698.21674","2511731559.50723","2647973576.07295","2852778900.61182","3027914671.01889","3036025702.36923","3041105454.80186","3121692416.30007","3181952157.00315","3111180042.63032","3254281029.56249","3311248639.34568","3398842023.32131","3427875304.21987","3403846084.01415","3611095600.75079","4051189866.74028","3766995886.26518","4632002927.90342","5421273424.57134","5644441004.69254","5983531291.028","",
"Bermuda","BMU","GDP, PPP (current international $)","NY.GDP.MKTP.PP.CD","","","","","","","","","","","","","","","","","","","","","","","","","","","","","","","2068931682.90361","2063302183.94067","2109061166.99141","2224009319.29989","2285116526.7961","2435661677.54241","2544751275.64251","2707711381.44924","2844929975.68212","2982784270.00168","3334556050.41131","3655898957.66493","3657845331.61154","3857284207.79327","4052955585.05347","4250016553.30314","4623961353.15661","4908105011.79343","4909322335.7464","4661665611.4008","4600224450.62097","4519405326.5993","4401060438.48103","4546789583.9929","4573359853.64919","4819676018.15066","5102072630.22836","5447424722.84928","5488075615.45772","5832740627.90402","5481895565.20419","5968282122.23481","6807865902.96515","7399642886.20114","8031206288.47236","",
"Bolivia","BOL","GDP, PPP (current international $)","NY.GDP.MKTP.PP.CD","","","","","","","","","","","","","","","","","","","","","","","","","","","","","","","19940570632.6914","21700613532.4895","22560581467.4719","24081349008.6991","25743472348.6864","27512835097.5637","29238427021.2252","31216140379.2222","33154582647.6764","33767287421.7017","35398184189.4909","36804696696.0126","38305660666.3329","40121036761.4974","42919321305.4365","46222186137.0432","49933262607.7145","53626977701.487","58020995971.0039","60338636307.7332","63592192592.6149","68281842104.6132","75543727995.4408","86194974662.4563","93614432490.7136","96459271840.5195","103326049867.124","118215047306.154","123811713287.561","128447735965.211","113211838075.465","133727570900.831","148630265147.84","157853227832.123","159854141180.224","",
"Brazil","BRA","GDP, PPP (current international $)","NY.GDP.MKTP.PP.CD","","","","","","","","","","","","","","","","","","","","","","","","","","","","","","","997458383698.202","1041834385723.12","1059778771283.52","1138326881832.12","1230679787763.94","1309554571224.56","1362985284358.19","1433558431104.95","1454571004308.98","1482057413847.92","1582133937059.7","1640243857280.16","1716595685809.46","1770456746610.5","1922785831197.7","2046574552605.36","2193273153799.11","2389430239797.43","2559535104821.96","2572081759722.11","2799325235337.53","2970630762000.35","2992140131483.82","3120542014227.65","3166808963776.93","2989121457690.69","2907889886403.3","2980287463663.11","3187189640210.35","3333775621490.88","3359777233354.22","3787769507579.26","4180229770179.53","4471035569095.19","4735725154575.41","",
"Barbados","BRB","GDP, PPP (current international $)","NY.GDP.MKTP.PP.CD","","","","","","","","","","","","","","","","","","","","","","","","","","","","","","","3022090796.1918","3002447717.42703","2896059258.92492","2988217406.96272","3113391299.20055","3242687760.06674","3433359125.08886","3658116835.39044","3837153591.42743","3904476063.23792","4170492793.69153","4163526499.43616","4261520627.81811","4440195377.83367","4623959302.83802","4957574883.75171","5420691138.17741","5683311308.74735","5829507401.47234","5571176263.73668","5513827928.08931","5610120704.5114","5429374177.12222","5284649507.27278","5175853276.09134","5352567845.59468","5361451074.10162","5165458116.15795","5551638099.74952","5616018339.67792","4663612425.10684","4989129631.48072","6265553590.03786","6680184035.86102","7011546804.87199","",
"Brunei Darussalam","BRN","GDP, PPP (current international $)","NY.GDP.MKTP.PP.CD","","","","","","","","","","","","","","","","","","","","","","","","","","","","","","","17921687480.1464","19067044652.1087","18892985637.7128","19218257786.3535","19823465754.1336","20511782238.761","20881599212.7898","22589252749.7736","21322422332.4975","22545500717.3791","23857328634.2893","24752160223.2825","26132586739.6003","27603457286.5475","28375370607.5638","29263918712.4255","31402712496.3186","31039593178.2262","30403543276.3409","30009758603.4925","31207137922.799","33043605255.0477","35387298721.4889","34227281356.8655","33850747356.1201","26475996818.4788","24234121657.4006","26683717606.9096","28522807687.7392","30701487040.9233","31223413923.1335","35346624887.2816","37250061040.7016","39025627138.613","41589068031.7511","",
"Bhutan","BTN","GDP, PPP (current international $)","NY.GDP.MKTP.PP.CD","","","","","","","","","","","","","","","","","","","","","","","","","","","","","","","965176566.543021","993747163.645532","1063156360.58508","1109975371.75386","1189809535.36958","1300689410.73931","1398212795.96047","1498757656.64256","1605234830.82161","1757925585.78984","1858061640.01543","2039131169.07037","2287090949.69857","2513847013.57348","2714578404.78015","2993853472.10641","3260264370.77942","3887877075.97384","4142277505.58571","4487394036.54647","5083865945.59751","5629238206.58806","6152394144.3722","6285876277.6316","6835344112.57439","7564534468.08804","8430904600.97512","8808682290.34117","9093982075.92963","9873190251.01731","9605861812.92756","10436528611.9245","11763540572.3864","12751352311.2726","","",
"Botswana","BWA","GDP, PPP (current international $)","NY.GDP.MKTP.PP.CD","","","","","","","","","","","","","","","","","","","","","","","","","","","","","","","7969467155.31781","8853501021.8562","9319407688.08539","9723110435.58837","10290996263.3312","11245435178.8891","12118901244.7842","13354291675.5943","13564289967.308","15086086616.8665","15734473977.3088","16129079797.1861","17373897291.5558","18536478435.0997","19549992132.2852","21081728496.1733","23549478887.3288","25588569289.6833","26929778965.2994","23263372283.5706","25928888003.9823","28273534640.5122","26856576256.1748","29158549495.4532","32587870647.0545","31162419272.1222","36266220081.5912","35589435395.4775","36293825138.6309","37220081094.0541","36179872017.8699","43131382328.6508","48741318387.7386","52115142887.3206","51779485617.4484","",
"Central African Republic","CAF","GDP, PPP (current international $)","NY.GDP.MKTP.PP.CD","","","","","","","","","","","","","","","","","","","","","","","","","","","","","","","1781707623.71705","1831783983.92755","1753170790.18083","1800743914.77326","1929312915.11141","2111588545.26029","2064234890.52897","2211121275.41068","2341065142.24431","2459663881.65548","2452761381.77711","2619965169.22436","2756903876.95614","2659592507.39177","2894838239.10494","3012720151.35312","3253799664.32576","3495935180.53637","3636486380.86625","3973116132.62416","4207624657.26252","4474567487.04114","4897034572.03065","3295437288.55","3231436576.44185","3559349379.23233","3893548336.23769","4236556479.54651","4419174296.74199","4869757044.86639","5359843442.72162","5769272621.61696","6208645630.79717","6477079364.87011","6733207024.20623","",
"Canada","CAN","GDP, PPP (current international $)","NY.GDP.MKTP.PP.CD","","","","","","","","","","","","","","","","","","","","","","","","","","","","","","","560079852535.334","566913377990.183","584995582625.264","614777970806.488","656123037360.569","687848319876.131","712271325047.301","755539948697.313","793793559778.068","846412945809.995","900558298058.048","938102688981.544","971003788233.131","1023629909844.94","1083661162596.55","1171326187910.13","1241700144864.77","1301509598020.75","1342395839240.43","1306973730504.57","1363742477522.61","1430806739876.64","1468097961846.59","1554125000000","1621395561291.92","1594851775821.65","1678092366067.55","1765762548007.76","1852985933143.48","1899695367283.6","1847837502049.2","2179485548675.88","2489723452361.1","2574133981207.77","2667672051123.37","",
"Central Europe and the Baltics","CEB","GDP, PPP (current international $)","NY.GDP.MKTP.PP.CD","","","","","","","","","","","","","","","","","","","","","","","","","","","","","","","835129554668.645","771720120096.204","753237273014.818","773735870244.884","819422720397.47","881527262412.227","924131981605.222","955236646653.158","996170092388.533","1027436691826.06","1088625615972.03","1164637363683.15","1244012798300.27","1313507276041.45","1432036107644.12","1514222038310.99","1678452869907.34","1864536074826.72","2058867390785.83","2059769859123.42","2173281874600.7","2324407238866.25","2400901276281.36","2472123579942.18","2579070120464.73","2698033966765.69","2860216375885.44","3067806043261.35","3297238910605.64","3653025403574.78","3689742262626.87","4020501562583.03","4532311744465.87","4807719287209.61","5051861394649.83","",
"Switzerland","CHE","GDP, PPP (current international $)","NY.GDP.MKTP.PP.CD","","","","","","","","","","","","","","","","","","","","","","","","","","","","","","","191131982980.292","195786098860.536","200160132475.453","204646445786.963","211670086569.994","217147299348.863","222830312918.766","232060161097.852","240743886803.748","248201049346.696","263684003093.48","273425179315.573","281956062254.352","284257011890.132","296849960253.785","308825076428.302","346249311061.35","384560499138.291","411512093039.143","410415209832.448","425880710190.872","454912095759.708","475340741851.246","498760487993.313","519299912386.162","540550953723.454","563950610001.631","576360598319.814","601867859451.371","632274562999.588","630567393919.535","705080509164.276","828745442926.581","845696712478.69","869017903306.548","",
"Channel Islands","CHI","GDP, PPP (current international $)","NY.GDP.MKTP.PP.CD","","","","","","","","","","","","","","","","","","","","","","","","","","","","","","","","","","","","","","","","","","","","","","","","","","","","","","","","","","","","","","","","","","",
"Chile","CHL","GDP, PPP (current international $)","NY.GDP.MKTP.PP.CD","","","","","","","","","","","","","","","","","","","","","","","","","","","","","","","59721081632.0001","66748307793.5581","77242418497.9311","85471162462.1387","92705524536.5219","105056063294.375","116328214574.279","127081192393.564","133882247419.518","135405286598.02","145356809142.534","153317625285.349","160686939028.576","171598885379.002","187974254950.122","205184272361.174","256070327750.926","278373990855.263","275754675658.211","271327840689.37","307855669989.43","349147748338.746","374316599654.072","392670388758.784","402902197372.116","405499679728.348","424831691025.604","450891850914.83","478093905184.167","491687970151.703","491062045094.545","565981846554.521","604814530813.34","651600019437.673","715112275049.686","",
"China","CHN","GDP, PPP (current international $)","NY.GDP.MKTP.PP.CD","","","","","","","","","","","","","","","","","","","","","","","","","","","","","","","1124714270244.46","1271603174925.87","1486559204370.66","1733767566844.74","2002276771718.44","2269797454129.8","2541937207865.67","2825928917621.83","3084040130395.79","3369671201404.2","3741889349546.51","4144198719283.08","4597616734437.15","5162768313736.27","5838726336302.17","6711788800929.8","7795700957640.29","9139882776535.16","10216860129733.1","11246461601887.2","12589326651290.3","14064750800821.1","15465192010738.5","16670208037942.1","17754058548307.5","18577514881891.3","19647292057520.3","20974552138879.6","22862470132646.1","24777565958500.9","25777238693451.8","29438240129870.1","32525464028395.1","35520435397067.7","38190084585497.8","",
"Cote d'Ivoire","CIV","GDP, PPP (current international $)","NY.GDP.MKTP.PP.CD","","","","","","","","","","","","","","","","","","","","","","","","","","","","","","","32831478344.3631","33955667728.9533","34644533342.1783","35397455090.2632","36446538660.6394","39862249179.0228","43729524252.3578","48775770205.2226","51427070911.4958","52763388083.7264","53815165580.1811","53841629590.2099","53185319479.1529","51672274067.2947","54751824974.7097","57031007284.5916","60445022065.3369","62766430565.9511","67035504258.6861","69879369469.742","75572133892.1689","72988975599.248","77223654948.2285","86638474451.6252","99929867262.254","111175876370.327","117748858729.37","125384273717.75","135827506244.13","155523648459.422","160302939789.704","179178274483.428","204237508213.331","225551501028.241","244911017243.198","",
"Cameroon","CMR","GDP, PPP (current international $)","NY.GDP.MKTP.PP.CD","","","","","","","","","","","","","","","","","","","","","","","","","","","","","","","23025240277.2584","22897314876.9068","22693118130.3963","21388318871.8445","22254990930.0794","23379172433.5651","24810680272.2513","26381154873.172","27938304948.2009","29611876948.0094","31443201183.6588","33541506637.7022","35587737861.9363","38269320461.9491","42068507448.1673","44354338153.5252","47463977040.9871","50859594132.2503","53315733154.1031","55028202949.659","57311621819.4057","60470659956.2005","63669714457.3458","69319477137.6358","75494717689.7735","79618697991.1036","85068226004.8733","90902832851.2771","99492538001.3058","108174199180.862","114420802871.501","129022200845.744","143385827220.975","153518061490.602","162772210840.299","",
"Congo, Dem. Rep.","COD","GDP, PPP (current international $)","NY.GDP.MKTP.PP.CD","","","","","","","","","","","","","","","","","","","","","","","","","","","","","","","30523640528.7919","28898554506.9115","26453611342.9729","23433141715.0636","23000080606.4056","23646696618.5451","23833235956.5538","22882418139.3525","22763763251.7476","22100092701.4291","21038784782.0534","21060712983.8545","22018463218.0573","23705575290.2352","25983363969.0501","28442162060.0838","30817177181.8141","34351995564.3637","37605487765.7737","38051394856.4463","41534470964.1773","45610283959.9443","47454468511.5253","57649194207.4464","67376360420.2708","73774190841.0914","79760466323.4569","86260028947.5421","94447824695.5254","98168491901.6185","104512854274.501","139045034784.888","162827976543.449","183082066392.317","198997398918.247","",
"Congo, Rep.","COG","GDP, PPP (current international $)","NY.GDP.MKTP.PP.CD","","","","","","","","","","","","","","","","","","","","","","","","","","","","","","","8181388861.20526","8660669804.47275","9089401098.33082","9213691382.18273","8893500368.04331","9441835599.15986","10027210024.8818","10136392428.759","10633422673.212","10505434343.3612","11557321035.3433","12266930679.6649","13028347252.9641","13393614579.1367","14231948893.8471","15816589849.5564","17606451725.0369","16887417171.3163","18298291842.2703","20553711138.7706","22869548224.0282","23856263885.5927","28717951831.4077","28335651923.6335","28527635281.5358","24035779100.7529","20973960925.5018","23783312191.5778","30668141085.6866","32125052982.7686","27446361623.0188","36903988991.0873","40118334632.1584","42354479275.5663","44497677992.2899","",
"Colombia","COL","GDP, PPP (current international $)","NY.GDP.MKTP.PP.CD","","","","","","","","","","","","","","","","","","","","","","","","","","","","","","","165749937387.653","174785147998.733","185999296401.352","200662339786.921","216863846995.112","232929565332.473","242070320398.97","254691613370.804","259021506590.755","251643517113.581","264870681669.891","275379079767.317","286661049059.153","303774557821.871","328579327980.956","355245575263.737","390797993626.05","428431872801.996","451024877848.402","458978514355.876","485436645886.159","529875186711.481","552844741595.573","589812009091.885","621898180361.74","626205847138.119","665398390495.011","693117074956.624","747103674534.628","807590595866.731","785737564322.414","889808627041.398","1078943239346.48","1111634882246.75","1181980408417.77","",
"Comoros","COM","GDP, PPP (current international $)","NY.GDP.MKTP.PP.CD","","","","","","","","","","","","","","","","","","","","","","","","","","","","","","","687545985.244127","666962793.452376","732355481.336796","768812510.972671","753924924.390785","813124345.596285","823784829.188376","874949520.682889","885004334.222261","921740505.667015","933127368.589882","1005848991.14011","1068444231.47598","1110615025.75478","1175840030.21121","1281410320.52883","1297751962.66278","1343622691.16644","1423806162.42054","1479012396.9283","1553541007.00887","1651292301.29228","1825884072.46405","1971985571.96847","2090119700.28358","2143329245.54369","2328363278.32794","2532916585.07953","2527736067.44752","2590245416.12128","2602928089.78732","2763697833.20972","3037803382.34588","3241378330.37901","3430574919.59549","",
"Cabo Verde","CPV","GDP, PPP (current international $)","NY.GDP.MKTP.PP.CD","","","","","","","","","","","","","","","","","","","","","","","","","","","","","","","392118599.493749","411071432.067085","466425301.464336","519061637.732674","631840378.824759","736765678.027619","835381892.756581","944270626.784676","1074408388.73386","1211895681.9297","1416386647.12635","1480599872.93237","1582561152.10677","1681202608.62193","1902455066.32188","2097735410.67232","2335068852.97119","2762175353.74715","3013570387.84164","2986566391.01946","3078374146.42847","3265194483.4151","3234562963.9147","3261480004.77418","3287510389.45475","3470693995.24233","3767658154.16819","4070196657.81328","4064409366.40188","4444817983.52976","3526877323.02085","3970664151.46117","4927702546.11045","5349794123.69483","5876061279.10313","",
"Costa Rica","CRI","GDP, PPP (current international $)","NY.GDP.MKTP.PP.CD","","","","","","","","","","","","","","","","","","","","","","","","","","","","","","","15672949340.6086","16570082512.9487","18507065148.2776","20290358301.0671","21660102972.3154","23032863329.8078","23771284900.1703","25505411392.3585","27637559276.9321","29210012861.4524","31027327622.0431","32833574233.4156","34483122864.6513","36682018260.0367","39335107060.7106","42181713036.3957","46668360605.7997","51870463922.3305","55374923472.4617","55229806542.8488","58897493038.3217","62759466862.0172","67457930827.7184","71836714968.6521","78151240954.0173","84436792703.7324","93454856085.2032","100716906502.777","106583345257.898","116687612853.612","111257806527.03","120695515793.017","133275768822.727","147594442207.058","159574901535.81","",
"Caribbean small states","CSS","GDP, PPP (current international $)","NY.GDP.MKTP.PP.CD","","","","","","","","","","","","","","","","","","","","","","","","","","","","","","","26228652958.1199","27382169091.0818","29039334947.535","29896923071.8087","31625688699.3808","33289930151.5345","35666824157.9116","38150327488.908","40501691761.0967","43241696094.1941","46333424160.113","48548205438.9832","51508587021.3474","56390000519.7262","60967782642.0192","65702685902.3655","73595999042.0905","78795612458.7965","82013462405.342","79890146869.5771","82650213349.9514","85154547939.3266","87811695626.0603","88998576342.3144","90901033874.2155","89011845550.2977","86722043129.9372","90652141497.7064","93703633432.4779","98446528406.6623","89907046546.6194","105230438436.764","130309541732.237","148561149317.178","175316928253.619","",
"Cuba","CUB","GDP, PPP (current international $)","NY.GDP.MKTP.PP.CD","","","","","","","","","","","","","","","","","","","","","","","","","","","","","","","","","","","","","","","","","","","","","","","","","","","","","","","","","","","","","","","","","","",
"Curacao","CUW","GDP, PPP (current international $)","NY.GDP.MKTP.PP.CD","","","","","","","","","","","","","","","","","","","","","","","","","","","","","","","","","","","","","","","","","2930335331.30988","2975470407.33067","3033707214.05656","3102517491.05891","3192588363.33682","3314963113.95397","3473094179.87941","3655297542.13512","3807244971.83478","3810374354.50255","3859855630.23038","3959519305.93206","3818320182.99285","3818138350.65042","3796035004.79032","3797467722.39564","3775988401.75341","3895735794.78522","3923336929.33818","3998528544.69044","3377382703.96868","3834193240.62081","4391218807.34319","4740390775.77289","5099074981.63111","",
"Cayman Islands","CYM","GDP, PPP (current international $)","NY.GDP.MKTP.PP.CD","","","","","","","","","","","","","","","","","","","","","","","","","","","","","","","","","","","","","","","","","","","","","","","3626596021.34732","3842652927.97891","3902691391.90293","3644016586.32219","3588140951.85293","3704981270.37559","3698215048.60772","3733288382.43835","3823800508.55371","3945662324.95845","4144412690.10995","4389520699.72228","4735348003.09182","4894495640.67658","4541293637.23615","5199243731.07254","5891623016.00761","6458588682.89615","","",
"Cyprus","CYP","GDP, PPP (current international $)","NY.GDP.MKTP.PP.CD","","","","","","","","","","","","","","","","","","","","","","","","","","","","","","","7740539653.58283","8061487298.46648","9020245217.21094","9298692780.4542","10057575314.9917","11127147384.146","11454112692.2586","11927166948.0123","12738724382.1948","13501944562.7396","14779764653.0921","16041626028.759","16716241390.1912","17439087345.9604","18885255723.896","20504202546.9564","22535501774.8201","25229106407.4449","27398481899.8128","27393476717.1873","27788236053.363","28424509621.7916","27580665885.1184","26247458039.3545","25720853791.033","27059302771.398","30552756741.6535","33018400366.8057","35607906085.74","39790869251.8853","38671986003.8933","43923129044.8892","52491420423.3057","57343371563.2863","61312679637.1462","",
"Czechia","CZE","GDP, PPP (current international $)","NY.GDP.MKTP.PP.CD","","","","","","","","","","","","","","","","","","","","","","","","","","","","","","","132765511974.255","121313267083.907","123449320046.385","126453699317.137","132911206917.45","144140261202.337","152467794902.305","153646246487.603","155071968252.375","159337917754.5","167488673558.384","180930479020.972","187052563018.901","199844071801.176","214017984353.934","225819370350.942","244855081108.525","270525568037.342","290123393361.636","289435341011.692","294894987471.384","306876088631.92","309706664288.31","326079204734.886","344636591853.555","359547085402.822","385090482980.625","416849081359.126","442610888485.238","486786860810.414","479686413475.523","502134232985.641","565056269805.88","605793972441.702","624699149441.868","",
"Germany","DEU","GDP, PPP (current international $)","NY.GDP.MKTP.PP.CD","","","","","","","","","","","","","","","","","","","","","","","","","","","","","","","1546387515961.92","1680347469517.76","1753247818552.81","1777340411652.32","1862430881564.67","1930097422717.07","1979805279864","2022112713988.2","2087761317297.27","2177128848707.55","2258651592444.51","2361315607485.98","2434539237038.42","2500901226672.74","2620153001468.31","2664895195600.89","2861867908526.11","3036781051743.85","3156602685759.77","3077396547215.52","3248678391941.08","3483801358877.91","3557185428697","3700747563191.81","3882203613560.02","3965509264614.03","4246712764148.14","4472591345398.59","4665360433368.5","4924980320308.75","4880368289108.08","5202314428956.09","5743343845281.17","5970367475258.68","6142807000522.21","",
"Djibouti","DJI","GDP, PPP (current international $)","NY.GDP.MKTP.PP.CD","","","","","","","","","","","","","","","","","","","","","","","","","","","","","","","","","","","","","","","","","","","","","","","","","","","","","","3705185569.99916","3989155838.83044","4350576767.06687","4598427635.85082","4933188997.99709","5448494938.69266","5876851582.36168","6108376123.1385","6682759257.72075","7529088292.28275","8330987484.49825","9128044531.91479","",
"Dominica","DMA","GDP, PPP (current international $)","NY.GDP.MKTP.PP.CD","","","","","","","","","","","","","","","","","","","","","","","","","","","","","","","324979496.563341","340497785.86269","355324813.397076","371609274.72501","379674727.431343","399384030.433517","419320445.69599","435874233.119276","457408657.74109","465523939.601634","487210023.598866","497862427.020393","489989209.599085","528668357.400165","565131241.223927","588185427.872681","633007064.624845","684991860.943692","747909931.243396","743976105.704769","752222279.953232","768069573.236969","754831354.250727","786822291.960244","850337552.355282","851449231.904434","901049875.836377","869638618.013813","1027375174.54409","1087477952.76083","962493750.735115","1062394694.29521","1256467931.15199","1349220673.88532","1410211841.8057","",
"Denmark","DNK","GDP, PPP (current international $)","NY.GDP.MKTP.PP.CD","","","","","","","","","","","","","","","","","","","","","","","","","","","","","","","93696062489.2858","98277148392.4382","102550014732.968","104897949846.963","112810346811.071","118674693327.726","124854747066.08","131527940183.127","136842656416.169","141784548049.729","152968402265.577","157864325238.972","164861508226.377","166375281667.993","178433307921.784","185552256869.12","203312220757.082","213597362493.228","227806103577.384","223819626924.37","238758955885.134","247576922067.284","250251713083.953","263167333211.328","270207300529.4","277906461655.467","296830932013.306","318639654733.581","331590779599.814","352324705726.531","365525756328.655","408303200976.802","465830216364.398","463221729193.033","489385555478.976","",
"Dominican Republic","DOM","GDP, PPP (current international $)","NY.GDP.MKTP.PP.CD","","","","","","","","","","","","","","","","","","","","","","","","","","","","","","","26036949700.9352","27171608519.8548","30913792197.7229","33977854355.0679","35603478551.4287","38421916878.2713","41457668324.5729","45925755429.9029","49556225954.8953","53251088028.6879","56990534571.4268","59712780189.6312","63361361443.933","63740463047.6798","67146869673.662","75783953623.3001","85285645905.6986","94094500109.773","99041765879.8478","100652603689.509","110434557272.35","116310697708.575","118595431892.257","126545325604.148","138896444676.232","154478224941.033","171800387111.103","179695847689.553","194021299999.646","215339964553.46","209139062581.87","245311121758.829","276565908801.115","292799158645.68","314733918417.351","",
"Algeria","DZA","GDP, PPP (current international $)","NY.GDP.MKTP.PP.CD","","","","","","","","","","","","","","","","","","","","","","","","","","","","","","","192911659414.822","197042339784.732","205160240021.411","205612715259.34","208112935355.586","220550508027.251","233796384129.909","240444189842.112","255546937639.482","267456403258.492","283908375690.268","299010145324.46","320054211340.025","347587339467.358","372996309553.193","405464777070.416","430089739623.741","455435983850.628","475816185949.483","484495939553.449","513922383993.713","540260920347.765","543660681589.814","552043162307.88","576084364271.011","552563707134.997","548945698735.394","562537088659.901","583471998103.511","601470923945.205","558300141593.952","648895630480.26","720184226953.645","776689344138.301","824902861696.865","",
"East Asia & Pacific (excluding high income)","EAP","GDP, PPP (current international $)","NY.GDP.MKTP.PP.CD","","","","","","","","","","","","","","","","","","","","","","","","","","","","","","","2347236772603.95","2614349529232.95","2948564974037.35","3332335067377.82","3751798373869.18","4198247525692.55","4651750049455.19","5051444435917.91","5153980413991.63","5533821173706.97","6077843700187.21","6616748315121.48","7237894024055.71","8012416161455.69","8945029143821.09","10097985054844.2","11488617570609.6","13178610233553","14536880707669.1","15713031205181.6","17421427953322.9","19237435292707.6","21111964563030.8","22620664962737.7","23981654665139.3","24973578044913","26394862688676.4","28153493995328.9","30645992380405.8","33127175208514","33978840163259.6","38242090839544.7","42513548146765.6","46312929434507.3","49776864166236.6","",
"Early-demographic dividend","EAR","GDP, PPP (current international $)","NY.GDP.MKTP.PP.CD","","","","","","","","","","","","","","","","","","","","","","","","","","","","","","","6053299243649.43","6537817897670","6970002767972.8","7302139704980.81","7681010338143.5","8120867562033.79","8737382817877.76","9298425864812.37","9391457346865.35","9784103145424.69","10468746496045.1","10929179854636.3","11336714665049.7","12153309669058.9","13319636053031.9","14576584393279","16051621229316.4","17510943191311","18604691443916","19153070230683.8","20654591231542.5","22228038792293.9","23696426242129.1","24762429870190.2","25838862681660.3","26543175728321.1","27917811763099.3","29841219659464.1","31832703240540.6","33349139449344","32884562335501.9","37110897684970.5","42602053808185.6","46534562462355.9","49715579716903.3","",
"East Asia & Pacific","EAS","GDP, PPP (current international $)","NY.GDP.MKTP.PP.CD","","","","","","","","","","","","","","","","","","","","","","","","","","","","","","","5934479987564.55","6485095120712.47","6996698404799.72","7548167159294.28","8195130519599.93","8914999766595.09","9657968490218.87","10281389024017.5","10387810263586.7","10980995688032.8","11926253765832.2","12666550227602.4","13563008476832.3","14576950649046.2","15940069545667.1","17484040302054.8","19338859630758.2","21524950407065.5","23063572177754.4","24073866316171.2","26320103092088.3","28496679169749.1","30715309977569.8","32678752259335.8","34249714992345.2","35608595246565.2","37191116680856.7","39297920945792.1","42173163540454.2","44956476104302.6","45922263590359","51085209331184.3","56377914872610","61097707044546.5","65165801890456.7","",
"Europe & Central Asia (excluding high income)","ECA","GDP, PPP (current international $)","NY.GDP.MKTP.PP.CD","","","","","","","","","","","","","","","","","","","","","","","","","","","","","","","1317524737619.51","1294532178698.55","1255531529199.74","1245154776967.69","1124748058582.53","1143376499928.5","1192149693674.06","1278066124914.46","1128819585787.97","1134707898747.76","1249989638126.88","1301691580792.17","1375683999278.07","1479687392101.58","1679158118701.14","1859678849094.29","2132539450838.02","2383643321055.15","2587978767957.59","2528174856755.09","2778966037237.94","3081555402762.19","3281108227497.45","3602259611641.63","3758694229353.89","3860181730419.21","4039715484507.01","4314927289937.28","4513913034207.21","4838678807949.49","4953726898610.74","5571773989707.12","6292417554518.62","6850240780664.84","7341571901698.13","",
"Europe & Central Asia","ECS","GDP, PPP (current international $)","NY.GDP.MKTP.PP.CD","","","","","","","","","","","","","","","","","","","","","","","","","","","","","","","10022835219587.6","10278033167844.4","10331494376379.5","10444982504242.4","10655932989141.3","11089307440318.5","11486577330171.9","12004375879758.3","12262382379237.7","12760490396085.6","13764758310824","14478693538698.5","15196101386202.4","15823919481631.5","16852806456179.5","17817321957538.4","19791125846830.2","21289143404410.8","22834668028596.6","22305532986717.4","23337830540788.7","24809352462524.9","25578918543514.2","26851895406586.2","27648414485314.7","28166592163483.5","29584306983217.5","31295265801100.9","33000249185039.5","35536779301758.8","35128225463603.6","39115541530494.3","44030575251339.2","46472134312822.8","48699608746481.4","",
"Ecuador","ECU","GDP, PPP (current international $)","NY.GDP.MKTP.PP.CD","","","","","","","","","","","","","","","","","","","","","","","","","","","","","","","48509374310.1723","52301972485.6436","54624884604.5305","57023088914.9207","60720677524.1144","63390241508.2703","65668623965.6413","69692104103.5971","72777447681.3809","70309306293.936","72686975974.3864","77449916534.0997","82529602905.0081","86586563566.9922","94989974958.5495","103257283379.247","111062338431.439","116241429373.079","126259252159.8","128423995876.255","135221979010.463","149717191250.669","159529618331.811","178551197058.881","189785459977.46","176939941130.612","179600489638.442","197653047823.802","207780861915.153","217496140458.277","202250004868.163","238844767157.606","270888879826.819","286216244218.746","287270811094.559","",
"Egypt, Arab Rep.","EGY","GDP, PPP (current international $)","NY.GDP.MKTP.PP.CD","","","","","","","","","","","","","","","","","","","","","","","","","","","","","","","208244358290.751","217709637013.977","232630679363.573","245052864052.909","260229492024.624","278020042627.347","297233526881.847","318965802269.451","340534346947.101","366258989191.973","398414667935.3","421787842946.805","438580660855.344","461522018276.761","493326417151.093","531546430157.557","585438475442.19","643918589101.344","703293511346.066","740703144634.656","788293878691.105","818754235836.905","963511290996.558","1002088457671.01","1000296471586.54","1085943366513.33","1084107404691.64","1153591166057.27","1302980395024.57","1437311654157.39","1665073256894.19","1728601012503.64","1973837735890.74","2121756770377.81","2225198389821.18","",
"Euro area","EMU","GDP, PPP (current international $)","NY.GDP.MKTP.PP.CD","","","","","","","","","","","","","","","","","","","","","","","","","","","","","","","5374041634587.82","5678932134124.52","5864474131327.01","5958491158804.26","6237511128811.25","6524978436079.25","6743141413392.11","7029955449764.18","7377766156313.87","7686943500228.61","8194781495186.86","8610255195864.24","8993860827534.02","9197178961088.51","9613496531568.67","10009006422350.3","10885565562681.4","11583652436589","12079706488642.9","11829475087078","12183552753956.8","12738415895626.6","12882835618353.4","13338284390856.2","13721705476954.6","14142782500777.1","15040280370530.6","15793370606281.6","16505192513389.9","17754727834688.2","17242190488663.6","18814423434791.4","21236740149189.4","22397519127674.4","23210757760575.8","",
"Eritrea","ERI","GDP, PPP (current international $)","NY.GDP.MKTP.PP.CD","","","","","","","","","","","","","","","","","","","","","","","","","","","","","","","","","1835746157.5835","2132109180.8167","2639758595.45651","2772142458.71416","3084261045.56791","3385578350.49165","3484314347.36868","3534097149.69259","3500595221.9535","3892811387.01351","4072119264.48391","4042244997.87831","4211205244.65054","4455060340.19208","4547936344.15724","4737800725.39796","4356653615.89166","4553452013.79407","4709915124.3725","5224331270.24732","","","","","","","","","","","","","","",
"Spain","ESP","GDP, PPP (current international $)","NY.GDP.MKTP.PP.CD","","","","","","","","","","","","","","","","","","","","","","","","","","","","","","","531534163822.581","563500585117.368","581697492071.347","589343434150.611","616271880964.55","646542871872.529","676980802913.139","717163411843.393","767578867088.249","805240729968.48","875544030101.985","937613530266.266","1010011962624.88","1057110459649.32","1122827608175.71","1206123912941.78","1365161602316.89","1471507777186.01","1532566796443.4","1493734747545.34","1481363055625.47","1496494330856.19","1490647159038.59","1519934795494.96","1568558742313.46","1635394289496.65","1747416921343.7","1854710948435.34","1918771506082.64","2075228716950.46","1862544224980.41","2099468112223.22","2456154561384.69","2692377081289.33","2831537411916.24","",
"Estonia","EST","GDP, PPP (current international $)","NY.GDP.MKTP.PP.CD","","","","","","","","","","","","","","","","","","","","","","","","","","","","","","","11738831172.5813","11164969972.5338","9002069134.91459","8686435188.7754","8726215074.51612","9308924946.65071","9756069756.46743","11167991130.084","11714518344.3042","11694825363.5915","13165895127.5706","14309937469.3854","16092414317.885","18004464726.8057","19808789125.4018","22540852088.499","26053048060.5869","29763831551.6706","30490357853.7946","27342810985.4604","28778909187.4544","32724505473.0258","34710887167.1947","36681375664.2114","38652432196.4736","39084201421.1838","42036565381.3875","45458506883.4267","49073092321.7703","53853984376.4777","54074496993.4123","58895787305.748","65037763258.6335","66646847136.1481","68574110586.1851","",
"Ethiopia","ETH","GDP, PPP (current international $)","NY.GDP.MKTP.PP.CD","","","","","","","","","","","","","","","","","","","","","","","","","","","","","","","19854533229.2773","19060938703.7293","17804582875.0809","20622102319.9041","21734309024.8445","23549705162.6592","26960746268.6034","28285165267.7925","27613919163.1929","29450325798.9909","31946530373.3769","35377560875.1542","36471526727.2564","36387745408.3274","42437815732.1149","48941322953.3499","55916777553.4094","64011179928.3213","72283405444.177","79131265198.0314","90145031678.7076","102289393957.91","112944326945.938","123330855990.703","150119415264.863","169575372912.615","198234264745.131","219853609796.202","236067178129.627","259534702292.272","286209788226.356","316145121458.38","356708609996.737","393913047366.849","434151095749.397","",
"European Union","EUU","GDP, PPP (current international $)","NY.GDP.MKTP.PP.CD","","","","","","","","","","","","","","","","","","","","","","","","","","","","","","","6293895434509.49","6562402153059.19","6755962138656.67","6876600552715.28","7213729244020.68","7572795212229.2","7837237500959.23","8155859754695.27","8549734925681.7","8906309538012.48","9493353996675.94","9977633314416.62","10439322478526.1","10704310783563.4","11250196203944.2","11716968430634.9","12772243092980.9","13657684218628.3","14344501719913","14103814156853.3","14588069559368.7","15303782565133.3","15523096797499.6","16056548945950.2","16550193494825.6","17107751923664.6","18187081917637.9","19161058343010.9","20094596005407.2","21712509249732.6","21256082018695","23190420358433","26154069682047.1","27547993795954.3","28627941765617.6","",
"Finland","FIN","GDP, PPP (current international $)","NY.GDP.MKTP.PP.CD","","","","","","","","","","","","","","","","","","","","","","","","","","","","","","","90496855233.2858","88055520376.8902","87079947045.0066","88448854431.8445","93918690695.9926","99948124513.3501","102837129753.256","111982141737.824","121467604537.12","127906519615.7","138633667653.669","144216548707.603","148717655863.497","151399996407.451","163093475582.88","168125347142.81","181372255850.286","200140589190.681","212967520899","202815433324.294","208882331259.465","220089124654.258","220560377327.338","224769897399.589","226909976741.879","231553250461.582","244883896491.636","260179677811.909","271632312186.529","288648091314.829","294705726881.034","314676442275.461","345218298184.76","354103680818.336","367420700448.97","",
"Fiji","FJI","GDP, PPP (current international $)","NY.GDP.MKTP.PP.CD","","","","","","","","","","","","","","","","","","","","","","","","","","","","","","","3001676177.28985","3019401032.06663","3276589578.71867","3425702122.55808","3677288877.16243","3848249869.1056","4106799989.16978","4085712012.47672","4185341132.82363","4618089730.03335","4642412676.47871","4841884330.04849","5074474972.6997","5226407655.18535","5651398687.34542","5869395918.68055","6162481162.64528","6275597063.31853","6462572382.06711","6412306118.74272","6681999175.85048","7004342996.72475","7506413307.91264","8102523430.73699","9649562167.42731","10581376674.9008","10814482491.4027","11562837174.1424","11908855223.9778","11873649829.2699","9805010161.85803","9462683261.20136","11936204371.3733","13533343300.6224","14349990809.7","",
"France","FRA","GDP, PPP (current international $)","NY.GDP.MKTP.PP.CD","","","","","","","","","","","","","","","","","","","","","","","","","","","","","","","1018096815152.45","1065542442780.99","1106347604418.85","1128505427540.64","1180075072612.78","1232587026280.52","1270887999486.33","1330701376958.52","1400200100258.13","1464382542213.3","1584338617625.68","1678121490366.05","1752380317938.26","1744495521855.22","1813582506883.37","1922671524499.76","2062860437777.41","2180814695442.95","2256557852935.91","2244343116045.36","2334932124579.62","2450959100790.27","2473391243170.39","2612419376499.27","2666947056893.25","2722168830237.4","2861145268728.43","2975787193760.88","3114875305157.86","3445276604424.65","3345024904336.18","3562923665911.39","3889442223781.32","4159697519910.85","4288380142651.84","",
"Faroe Islands","FRO","GDP, PPP (current international $)","NY.GDP.MKTP.PP.CD","","","","","","","","","","","","","","","","","","","","","","","","","","","","","","","","","","","","","","","","","","","","","","","","","1998199787.80028","1918979131.17117","1934923023.29485","2045272662.96326","2230891736.82277","2401726483.99146","2576292786.11625","2625111870.01827","2686800585.70181","2830966519.25388","3005353972.7185","3222676562.5199","3240676994.6779","3646874430.17944","4057722183.14699","4336519909.68872","4478853899.57865","",
"Micronesia, Fed. Sts.","FSM","GDP, PPP (current international $)","NY.GDP.MKTP.PP.CD","","","","","","","","","","","","","","","","","","","","","","","","","","","","","","","169029233.551652","187724426.646146","199697879.604258","221073420.633508","224586861.309466","245379617.825018","241528602.029769","230433422.992456","239633608.946545","245767902.488987","262958198.426687","273773184.45451","279259913.503852","289793270.534772","288091929.782119","304000788.830248","312752127.118244","315688511.211462","313457999.009377","318855816.220474","329399054.818601","348915595.277448","349391500.472549","342273985.081969","339230370.1671","357558401.393209","364359190.367116","378953658.679195","387635071.199995","410115828.643992","408613414.302432","440514748.635775","458207653.413731","476846690.968941","491888696.928694","",
"Gabon","GAB","GDP, PPP (current international $)","NY.GDP.MKTP.PP.CD","","","","","","","","","","","","","","","","","","","","","","","","","","","","","","","11757612733.8091","12898222054.5417","12784496983.8552","13604037704.1721","14410380028.6111","15444299194.9321","16297161147.8326","17529515073.7101","18343022247.1015","16940894455.8258","16998421652.8646","17752302023.4446","17983275720.5166","18750444795.4871","19387429857.7863","20530429168.5376","20569582356.7902","22396190414.5224","22072461364.6681","22237544766.3983","24103571966.9166","26345487003.7203","27000996624.1983","27735514310.3286","29386488339.4855","29199274580.0253","29399527403.7982","31914848308.0448","34140586624.1111","36169088370.7584","33623700958.86","44025399637.0671","48596848106.4899","51573449028.293","54613295567.2531","",
"United Kingdom","GBR","GDP, PPP (current international $)","NY.GDP.MKTP.PP.CD","","","","","","","","","","","","","","","","","","","","","","","","","","","","","","","944895315679.781","964225075036.421","998967103356.542","1058341308768.99","1134482233657.1","1194879319075.4","1276566822474.48","1345406745625.76","1385515720765.79","1437339061115.79","1562742414519.6","1650181196197.26","1727031050462.62","1808138198204.41","1922683424624.08","1976697912294.61","2113054088194.76","2178297088011.19","2271085135764.89","2182256507802.32","2289940963181.35","2354769903633.16","2442462879506.98","2562195072837.32","2666661894153.29","2767234470818.76","2892297884267.13","3041891554350.64","3129649825363.45","3335878386954.67","3219066303872.09","3416480549650.65","3990094365696.7","4103447962718.85","4292669008496.52","",
"Georgia","GEO","GDP, PPP (current international $)","NY.GDP.MKTP.PP.CD","","","","","","","","","","","","","","","","","","","","","","","","","","","","","","","28022459545.8336","22857472829.4998","12881529747.2177","9323090781.77196","8532021446.72769","8937096710.89684","10120225606.8271","11377833455.4344","11862555570.6286","12375370151.8663","12888609494.7752","13812366303.4007","14794851741.4758","16755117267.3118","18202347365.1109","20573625162.1065","23206197564.9782","26832289624.2339","28011563812.9666","27155393525.016","29202260397.809","32169542974.1089","37512405545.4749","40140934055.4256","43780102412.4376","45707843451.6546","48700949298.4327","51144255243.8394","55979867879.6125","62387596154.4602","62509091761.2555","70150781357.7257","83387742354.0657","93154469864.0276","104642240849.64","",
"Ghana","GHA","GDP, PPP (current international $)","NY.GDP.MKTP.PP.CD","","","","","","","","","","","","","","","","","","","","","","","","","","","","","","","24333557878.9633","26485194122.332","28139639378.7039","30203762449.6286","31866678827.5757","33872792081.098","36080446541.4589","38242808822.1086","40490370239.6038","42870134747.5041","45463352404.9227","48346528033.264","51307232650.7283","55040849301.8123","59686118924.2188","65189447865.4801","71500511453.8474","76629846715.9998","85252849111.8402","89934208912.4295","98218051387.4992","114325851683.939","131897589316.568","142807202863.437","154709158599.11","148971921853.893","147108962613.394","155172026664.996","169624926668.068","187633394275.742","192835182975.95","214867175690.96","238944324844.797","255315535798.758","276107757820.439","",
"Gibraltar","GIB","GDP, PPP (current international $)","NY.GDP.MKTP.PP.CD","","","","","","","","","","","","","","","","","","","","","","","","","","","","","","","","","","","","","","","","","","","","","","","","","","","","","","","","","","","","","","","","","","",
"Guinea","GIN","GDP, PPP (current international $)","NY.GDP.MKTP.PP.CD","","","","","","","","","","","","","","","","","","","","","","","","","","","","","","","5602693986.86186","5943540339.27609","6277825361.81855","6750798732.43472","7168677698.38533","7656217335.57205","8144226203.75513","8713947849.10115","9132996537.35455","9615314262.98559","10079248843.9752","10683238861.2839","11409577515.5017","11780111222.0163","12379970119.8228","13150834368.1347","13717651667.8331","15049832151.653","15973795087.6796","15891883770.6773","16859245457.7221","18172750157.873","19549354005.3136","20615455554.0816","21491243355.9802","22706690384.7223","27228620630.0338","33281442968.4819","36138275786.6167","40482435336.7228","44550864730.0015","51260936277.8168","57097045519.8568","62429641817.0929","67360031599.7472","",
"Gambia, The","GMB","GDP, PPP (current international $)","NY.GDP.MKTP.PP.CD","","","","","","","","","","","","","","","","","","","","","","","","","","","","","","","1486411780.51621","1584424654.90462","1675284097.38928","1766651123.3437","1807157606.49071","1861318595.95657","1937539928.94458","2067528417.16594","2163941394.14369","2335015317.74034","2519242915.67478","2725374631.10742","2677775681.83677","2918238592.21455","3207980821.58424","3230757093.78658","3311885363.61459","3505132466.6855","3796168816.01996","4074185715.80941","4367340722.33129","4095033765.28765","4218609873.37637","4221821464.50145","4185554930.44809","4427516234.00185","4596488156.16964","4775616329.45243","5465023570.59128","5949796066.17881","6366827515.11477","7155630814.36372","8086871860.16496","8873570561.292","9592648674.00752","",
"Guinea-Bissau","GNB","GDP, PPP (current international $)","NY.GDP.MKTP.PP.CD","","","","","","","","","","","","","","","","","","","","","","","","","","","","","","","802402814.258732","871845030.560655","901521952.901942","942271661.500938","993187544.320198","1058628103.39387","1203058146.12637","1303351534.4229","1022164894.00822","1210939006.20302","1251994643.27975","1341455004.20384","1412078755.67256","1435840348.18205","1491730323.36863","1639425115.40234","1735045770.99008","1827670101.12209","1947171584.6124","2007141164.368","2145408523.39767","2366706434.42818","2315038823.09405","2401201175.1458","2534913686.70368","3090468072.90842","3342056307.07795","3907712651.79045","3955763485.57032","4422028874.42379","4710600499.14601","5193977456.93366","5871978736.55807","6437778089.58964","6866834845.4069","",
"Equatorial Guinea","GNQ","GDP, PPP (current international $)","NY.GDP.MKTP.PP.CD","","","","","","","","","","","","","","","","","","","","","","","","","","","","","","","273843663.268732","280210534.632864","386174865.28148","438945895.640164","523047695.182309","627393538.151392","1064245681.00001","2706202413.01553","3387232895.78318","4316766985.81991","5218606639.75972","8718135555.28428","10576779293.119","12290755429.2807","17417184474.3373","20971910438.4562","23284349080.2585","27569927684.1939","33102869198.9953","33754473545.505","31115770392.9378","33829572382.0227","38819917942.1185","37572294947.8452","38043505840.31","28320531411.9553","25110506259.4845","28802412248.0502","29763387484.0751","27476690018.3343","23476322655.934","29585328380.1352","32716287050.0915","32168599846.5359","33245374421.9212","",
"Greece","GRC","GDP, PPP (current international $)","NY.GDP.MKTP.PP.CD","","","","","","","","","","","","","","","","","","","","","","","","","","","","","","","133845890635.525","142661736258.309","146934235555.657","148010460791.51","154194088829.538","160732752656.57","167389911452.92","177301834834.591","186896883204.682","191106293072.719","203363733580.267","220543981284.114","239683510642.31","254106162179.204","271967658479.067","274724928629.46","309409051597.804","319255293937.453","337220235581.276","332803958607.329","309604080411.863","285313440265.409","271519220404.783","282144538291.678","288106298935.587","287919086476.103","296388230996.636","308462278341.892","319754656488.279","342312014300.186","315962662965.275","354397719330.584","413430368668.636","444503225258.869","461230557615.621","",
"Grenada","GRD","GDP, PPP (current international $)","NY.GDP.MKTP.PP.CD","","","","","","","","","","","","","","","","","","","","","","","","","","","","","","","455099745.107166","477009219.203814","483726983.713136","485492969.146851","504256860.935439","525792723.958719","559181891.649174","597354064.139088","675066615.264684","731847002.600278","785007409.909183","786437834.135461","826111531.012825","922148126.244793","940814495.556417","1099133928.52618","1087761179.76988","1185644561.14748","1219939433.46284","1146288151.07891","1154288423.97651","1187112475.33669","1192607537.06932","1270986763.9944","1395680065.58143","1515375642.68552","1609230218.33648","1736355201.91495","1848147434.9335","1907436734.74985","1670787843.20161","1784188797.38537","2051119516.08062","2221113229.21773","2364980517.21541","",
"Greenland","GRL","GDP, PPP (current international $)","NY.GDP.MKTP.PP.CD","","","","","","","","","","","","","","","","","","","","","","","","","","","","","","","1138268535.10499","1175427420.43495","1140760141.31189","1109083671.8962","1199873985.2102","1270709082.62063","1313765865.08662","1356052115.42304","1477676926.71743","1519236309.26908","1663983935.14858","1723043712.54204","1732825867.64952","1845317864.03261","2025815684.1026","2193539586.33793","2386809292.62872","2509143534.36503","2715185515.97237","2755589487.5574","2837491311.00522","2881652503.28138","2976237573.23712","2987592053.04785","3183767613.13363","3132039400.2811","3309838081.16792","3370887241.18687","3462603876.34978","3613246574.50507","3663823635.61473","3926166709.012","4290395274.14051","4483270596.14879","","",
"Guatemala","GTM","GDP, PPP (current international $)","NY.GDP.MKTP.PP.CD","","","","","","","","","","","","","","","","","","","","","","","","","","","","","","","30048855037.3664","32201487447.2571","34528834462.0629","36735414324.0785","39033239581.1604","41823722606.3828","43849117690.2458","46551887135.0999","49425774388.7624","52053545117.006","55153756305.7772","57711118585.2877","60858073596.4633","63648563721.6105","67411075860.0797","71802368042.9119","77977560457.7367","85166064066.3275","89665975171.2427","90649270399.0407","94397176368.9234","100356396780.438","109525436435.117","118481654943.319","129165026045.901","142691593676.742","149695829653.575","158386879169.756","167560702050.443","183966454372.629","190017078585.484","208106522477.527","232272545795.886","249132479876.926","264474724767.092","",
"Guam","GUM","GDP, PPP (current international $)","NY.GDP.MKTP.PP.CD","","","","","","","","","","","","","","","","","","","","","","","","","","","","","","","","","","","","","","","","","","","","","","","","","","","","","","","","","","","","","","","","","","",
"Guyana","GUY","GDP, PPP (current international $)","NY.GDP.MKTP.PP.CD","","","","","","","","","","","","","","","","","","","","","","","","","","","","","","","2265886845.433","2484421279.26989","2738168417.95947","3032225989.10271","3361216618.89693","3604354552.51614","3962336483.63007","4279786834.39556","4255216160.92432","4443174972.49652","4481852741.84704","4687235406.86868","4813988685.11215","4877995825.19702","5087480361.73336","5144629329.77797","5575318912.16119","6138165415.04716","6366244373.57373","6636845682.44438","6995502297.45768","7510830548.78362","7930672473.7072","8400150803.44364","8405904168.05223","8656533235.33949","8793308785.64102","9408659458.00787","9848942431.25036","10694269146.4903","13581364399.677","18646751960.8246","32628001896.9885","45225503511.8058","66615811223.819","",
"High income","HIC","GDP, PPP (current international $)","NY.GDP.MKTP.PP.CD","","","","","","","","","","","","","","","","","","","","","","","","","","","","","","","19886376680304.5","20723783637890.2","21488754167922.7","22224363043276.2","23325412741497.5","24474580779341","25660209346955","26971948555376","27978081897606.1","29347229911728.9","31464975184362.3","32767789709136.9","34118706400609.5","35636434638497.9","37967249241527.1","40258563840638.6","43547382115593.8","46221227789000.1","48284900877278.5","47305260152315.8","49467627281246.3","52020240738377.7","53872072847505.6","56096720653736.5","57839116690353.4","58891861670537.8","60860751170916.5","63802848010102.1","67183386758612","70726045010676.1","69510668369372.4","77218602692195.8","85869507803632.5","90812067136030.9","95057491168365.2","",
"Hong Kong SAR, China","HKG","GDP, PPP (current international $)","NY.GDP.MKTP.PP.CD","","","","","","","","","","","","","","","","","","","","","","","","","","","","","","","104116928632.983","113775450679.723","123623739877.131","134401797648.8","145557323376.152","152136902367.603","161519434072.855","172683949007.211","164352134261.883","170856092516.164","188116352631.448","193430979000.252","199691227523.039","209857479600.441","234249512161.39","259443744571.082","286253079192.314","313015495834.271","325835433294.919","319782910458.526","345574111592.467","369685331700.329","372875436044.484","384196203206.691","394115663343.846","408626637207.136","416436291872.847","438127783294.236","453865391644.541","459644295764.893","435300511002.663","488411631115.747","503958076266.267","538923989892.09","565782122754.95","",
"Honduras","HND","GDP, PPP (current international $)","NY.GDP.MKTP.PP.CD","","","","","","","","","","","","","","","","","","","","","","","","","","","","","","","2689556997.72608","3504750126.51378","3908496970.21792","4546783622.55751","5991471034.83256","7626453490.63192","9548964298.98666","11892179690.5196","13417962060.5949","15183063846.4223","17019478118.6271","17876613256.4252","18835992941.9785","20081264093.0021","21906446701.8985","23960344227.6387","26321301510.4713","28707391566.7137","30498687000.3987","29940608307.778","31435174934.2812","33314349143.9269","35002761425.5249","36777848313.4206","40422044599.9769","44760245066.2342","48814099005.3134","53891605878.8263","55011170333.9628","57523228910.7116","54491208505.2883","63827909343.1217","71211813748.7635","76412349804.3719","81041415057.1236","",
"Heavily indebted poor countries (HIPC)","HPC","GDP, PPP (current international $)","NY.GDP.MKTP.PP.CD","","","","","","","","","","","","","","","","","","","","","","","","","","","","","","","389811492749.118","408935275492.38","415380050920.424","429946537652.145","441371625993.572","474265098022.371","510291803158.006","551928877675.023","579510472954.922","608935263326.079","642280773341.429","682033720913.089","720677355533.114","766775019856.095","832722026167.39","907096312611.887","989216456304.252","1072466208536.22","1154872898306.54","1203271283017.32","1293637382369.67","1379176557662.18","1423428282820.6","1529090046981.68","1679715084202.72","1770783513248.46","1894336293684.42","2018308348871.03","2160704978141.55","2325107930459.66","2387270141900.42","2643325585721.77","2959349305150.02","3164432354834.55","3400160347294.24","",
"Croatia","HRV","GDP, PPP (current international $)","NY.GDP.MKTP.PP.CD","","","","","","","","","","","","","","","","","","","","","","","","","","","","","","","45509136588.6364","37126336160.9505","33524574783.3108","31564899313.8275","34131447385.3894","37199504060.7955","40128140765.1684","43244049710.9808","44820953935.4982","44866984974.0929","47697004548.8875","50103470806.6589","54958670839.4495","58920232372.3826","63217832018.8839","66595239651.9442","76000131259.2701","84340415171.6169","90581158151.4948","87646229710.7117","86506873811.2743","90709432500.2461","92104152893.9171","94966236327.1756","95402240252.7386","98601960627.3537","105968184582.261","112705783806.825","118822139170.054","130582276199.897","123665468172.632","143251870713.671","162419157403.47","184337438890.935","191573272612.656","",
"Haiti","HTI","GDP, PPP (current international $)","NY.GDP.MKTP.PP.CD","","","","","","","","","","","","","","","","","","","","","","","","","","","","","","","15095040161.6898","15898994834.6776","15397845129.404","14907486585.0065","13406213163.3286","15042028577.937","15951672045.2623","16665637504.6318","17220641048.4529","17937656673.1141","18503583099.6426","18855377739.6979","19349795916.1406","20418643035.7153","20691393741.8027","21995769796.1691","23075131412.5128","24815757912.8711","25966205176.8208","27665301315.3342","26419005242.4272","28338743512.0008","28499373298.6682","31101506421.0806","31905357619.7515","31841589929.642","34719284269.453","36124687052.1535","35046384798.4854","35947134169.5494","34891691692.7124","35773150437.4447","37678993702.8253","38307267299.3131","37597678174.3023","",
"Hungary","HUN","GDP, PPP (current international $)","NY.GDP.MKTP.PP.CD","","","","","","","","","","","","","","","","","","","","","","","","","","","","","","","95120411815.4272","86642904115.4884","85901974958.1668","87431508538.4478","91930108725.2084","95255630038.5894","96797529908.3424","101324595511.719","106929309898.796","111512148211.518","121221290399.567","134707565389.08","147628015412.936","156602499786.184","164247716254.805","172400813274.61","184930459553.688","191957737790.672","207878441304.937","207383146533.519","216910365370.431","229272125664.901","230205082153.03","242786701094.945","253655114129.22","263929299193.963","275019599716.579","289157120615.007","313129747062.98","345399739504.719","344108181960.693","374519891736.617","426137856434.674","446922828926.137","464261881788.679","",
"IBRD only","IBD","GDP, PPP (current international $)","NY.GDP.MKTP.PP.CD","","","","","","","","","","","","","","","","","","","","","","","","","","","","","","","10318579108048.2","10881256325724.7","11355014051428","11951710086851.3","12589750690854.2","13411689230880.9","14395302624217.4","15385525843079.3","15728424410525.6","16556523433490","17940436481872.3","19040980865141.8","20204356578496.1","21813634787991.7","24165862638600.2","26744058810165.8","30175612324830.9","33711498252435.3","36742239656328.6","38147272051172.2","41575673180060.3","45224540710442.2","48546173233145.4","51418310925185.1","53598651337132.4","54702823765027.9","57369480491106.1","61081303275552.6","65937574951762.8","70422808116935.5","71136822219965","80727058561748","90184111328315.8","98218734393420.6","105192917707114","",
"IDA & IBRD total","IBT","GDP, PPP (current international $)","NY.GDP.MKTP.PP.CD","","","","","","","","","","","","","","","","","","","","","","","","","","","","","","","11583261116310.3","12216661082236.7","12751647157655.7","13395405438431","14079345738921.7","14987028397015.2","16077756685956.9","17164676816359.9","17589296040976.3","18506053655604","20019656036930.4","21258149434355.5","22584799788147.6","24367520235822.1","26970051679412.4","29820340568723.7","33544759285052.8","37382396694976.7","40677616598526.3","42311254828726","46048351515005.9","49997550190321.7","53592867360772.3","56839152167994.5","59443245622280.3","60814660781481.6","63773267125421.1","67948164292042.1","73197541786460","78210061565601.6","79113701617223.6","89405635447103.6","99903524358276","108602483611083","116285290997946","",
"IDA total","IDA","GDP, PPP (current international $)","NY.GDP.MKTP.PP.CD","","","","","","","","","","","","","","","","","","","","","","","","","","","","","","","1269273126795.78","1340275430825.52","1401772602110.64","1448652618245.21","1494281470361.33","1580133889792.68","1687433858420.49","1784096761691.76","1866768657027.63","1955551485960.19","2085079076392.78","2223519878252.83","2387536418708.82","2561338006823.91","2812125991129.44","3084720922138.77","3377372941322.46","3678904531237.25","3943268809629.66","4172500415232.63","4481689680243.23","4782429259002.14","5057365557207.63","5431593787101.67","5857296069414.66","6125931399980.27","6418510338734.28","6883007303844.76","7277203875996.83","7805705219028.76","7995657965712.65","8699415295118.21","9742723120962.61","10406831383625.9","11116512675007.8","",
"IDA blend","IDB","GDP, PPP (current international $)","NY.GDP.MKTP.PP.CD","","","","","","","","","","","","","","","","","","","","","","","","","","","","","","","701079662964.824","739429457402.776","780231688122.785","796149134006.074","820516767240.201","857651911427.036","914652934276.271","953156067881.86","990962145158.257","1026042431876.89","1088382883275.48","1158586957812.65","1255115909182.45","1340872270005.42","1481312050077","1621232954774.49","1767889537677.28","1914240350466.6","2033870970150.16","2167238401310.21","2319258039772.15","2467216557120.34","2602539199379.86","2784443410556.51","2987496303775.72","3100990497332.27","3174144180674.81","3418817947519.88","3496662112108.62","3721786765408.86","3766086977697.75","4064292304530.31","4559518320171.05","4851028719326.21","5166285479178.17","",
"Indonesia","IDN","GDP, PPP (current international $)","NY.GDP.MKTP.PP.CD","","","","","","","","","","","","","","","","","","","","","","","","","","","","","","","558566694678.06","617370051370.727","672466806852.455","733128147378.086","805239825929.477","889701784258.397","976822132354.503","1040368063191.52","913959321172.858","934225632587.659","1002393386978.22","1062308403752.81","1127357707881.12","1204571151561.19","1299193180611","1416205194355.19","1540185871057.7","1682286249852.04","1817815939022.92","1913691221459.02","2057500878595.33","2229511719014.97","2408290405583.69","2524244786997.21","2605517436520.51","2625201734355.44","2715764060542.74","2857305082359.12","3069918631697.01","3266185831776.73","3223404542894.6","3530623140454.75","3983074391531.86","4334743944551.08","4662887595103.26","",
"IDA only","IDX","GDP, PPP (current international $)","NY.GDP.MKTP.PP.CD","","","","","","","","","","","","","","","","","","","","","","","","","","","","","","","566313095795.547","598901674594.677","619220755978.975","650497426964.854","671722751712.318","720707885638.868","770934026874.403","829522715362.922","874567690053.67","928675117694.139","996023354991.421","1064258788141.73","1131463626902.28","1219557330701.4","1329623898801.2","1462259863794.93","1608289388719.62","1763605425343.29","1908640458156.52","2004441068568.27","2161560932680.9","2314293471084.89","2453877469227.61","2646169268479.65","2869328203835.17","3025356537528.57","3248041875013.05","3467484077385.98","3786843656483.81","4091366603587.12","4238305988332.46","4645421938487.61","5194552471813.25","5568810983379.74","5965164990894.65","",
"Isle of Man","IMN","GDP, PPP (current international $)","NY.GDP.MKTP.PP.CD","","","","","","","","","","","","","","","","","","","","","","","","","","","","","","","","","","","","","","","","","","","","","","","","","","","","","","","","","","","","","","","","","","",
"India","IND","GDP, PPP (current international $)","NY.GDP.MKTP.PP.CD","","","","","","","","","","","","","","","","","","","","","","","","","","","","","","","1048331217294.86","1095237569062.55","1181610043022.2","1267084285425.67","1380314785724.13","1515999643921.79","1660300081860.19","1757329776240.69","1886981805840.73","2082964298530.68","2211966282613.25","2370880066359.36","2499312620417.46","2748991073206.54","3046571526360.91","3391057140645.14","3777405338051.76","4176965103209.64","4388857508366.17","4763102417294.42","5230655285642.35","5618380734786.9","6162754462198.7","6497743441802.88","6812807109169.83","7204580698460.8","7795524017465.34","8354710136357.47","9230789424534.98","9932850520576.54","9771021183358.88","11384367630967.9","13124053155136.1","14845911292307.9","16192422603162.4","",
"Not classified","INX","GDP, PPP (current international $)","NY.GDP.MKTP.PP.CD","","","","","","","","","","","","","","","","","","","","","","","","","","","","","","","","","","","","","","","","","","","","","","","","","","","","","","","","","","","","","","","","","","",
"Ireland","IRL","GDP, PPP (current international $)","NY.GDP.MKTP.PP.CD","","","","","","","","","","","","","","","","","","","","","","","","","","","","","","","48292108311.687","50888616664.2914","53788407627.7139","56546013947.7643","61077629816.6635","68366043917.0799","74501927962.454","83173614107.2473","93166378432.6013","101534472721.861","114976880695.444","125936924865.413","138491150176.63","144995711189.552","157638181621.92","168336054806.382","188989534435.692","205792959555.56","198299092484.809","188179394587.946","197054348133.085","208511613167.804","214918771383.305","225821495313.278","245187087093.32","336604946855.942","347739763486.59","388369654017.787","422696075807.799","457946413933.007","492886866396.886","597445848156.993","722095167599.544","688814095819.044","720000566882.709","",
"Iran, Islamic Rep.","IRN","GDP, PPP (current international $)","NY.GDP.MKTP.PP.CD","","","","","","","","","","","","","","","","","","","","","","","","","","","","","","","441695276358.235","514698653612.846","543789382794.551","548490146183.931","550687674826.462","575733365855.633","623505151355.711","642822177465.875","663567681503.474","686435116107.464","743018891178.424","777923889832.002","853836569732.125","945915842670.736","1013476655133.13","1078595302126.75","1167448014889.77","1296871220047.71","1325174131460.49","1346779499238.73","1442181137580.22","1510878159010.73","1350996142580.98","1303941173479.7","1309343245409.77","1179271586721.99","1273508833471.56","1336570976906.26","1319678011170.43","1212412942428.13","1326317568089.77","1405064801822.49","1570758818548.97","1714053198507.03","1819806794107.97","",
"Iraq","IRQ","GDP, PPP (current international $)","NY.GDP.MKTP.PP.CD","","","","","","","","","","","","","","","","","","","","","","","","","","","","","","","","47865679774.9688","64912464640.9092","86579026069.7901","91836132918.6705","95749417693.7608","108247890638.306","133500631047.636","182252654598.758","217325437747.155","259577403501.468","270111255027.357","251805287771.753","162650639377.489","256191378325.31","268650501076.713","292549681426.897","306150208636.96","337724546711.309","351290680598.811","378324820663.84","415269270855.8","484698181757.22","517535382527.478","481300153146.581","350607538727.124","349270949154.251","400912993904.789","484572670623.272","504546085405.449","445338053116.048","548372044650.92","634224994897.802","660448460341.748","665966378219.474","",
"Iceland","ISL","GDP, PPP (current international $)","NY.GDP.MKTP.PP.CD","","","","","","","","","","","","","","","","","","","","","","","","","","","","","","","5602361576.70632","5778876611.79712","5711152574.64091","5923316515.5481","6268119548.02023","6407003148.18232","6662743203.67692","7286403078.02204","7871450718.15457","8198700509.48308","8376885022.89732","9085366700.50875","9375292903.83657","9466434535.50407","10401467809.2579","11074925909.5813","12057595537.4122","12921057000.8571","13879915595.1021","13340258378.2615","12646578792.4063","13059433954.0833","13471498420.0286","14378252058.9283","15058763610.4313","16276450019.0689","17939410954.5851","19106258173.1222","20174853794.358","21822649369.3722","20447442733.9865","22951036648.8571","28777375781.3706","31473358846.9482","32565776310.3235","",
"Israel","ISR","GDP, PPP (current international $)","NY.GDP.MKTP.PP.CD","","","","","","","","","","","","","","","","","","","","","","","","","","","","","","","73261381405.4736","81590605312.4493","89925064153.0404","95846302472.7023","105164158738.125","114458624072.658","123354862211.109","130018280159.897","136894690899.919","143418604359.191","162043360011.505","166167309841.125","171485730111.625","165250940090.98","177561721216.572","178110404884.452","186113373878.798","203250310693.287","205259145041.445","210246832763.181","224560416046.997","243177744771.993","256962642572.43","280691146082.656","286039801420.52","300600830036.252","326364570143.785","343921515244.162","356999652016.665","374158164922.827","377407052497.651","432603337813.424","512464243361.062","543381462800.225","570892527370.231","",
"Italy","ITA","GDP, PPP (current international $)","NY.GDP.MKTP.PP.CD","","","","","","","","","","","","","","","","","","","","","","","","","","","","","","","1059532275862.27","1112213919810.99","1147050545592.22","1164225056668.8","1214662103430.7","1275929811815.59","1313517220283.23","1361773066754.87","1426954494020.27","1460169980172.29","1546100913442.79","1602993647426.02","1646072139397.13","1678879072468.22","1710606336265.03","1753016877957.85","1895288582808.24","2004029153747.96","2097398729606.2","2054765138278.71","2092130192358.42","2184513771818.95","2183804737265.14","2198918891792.88","2211700088150.52","2251646419220.95","2433618302347.89","2528635516998.96","2609651815348.66","2787073032822.59","2641203589480.81","2946333608376.65","3379175362343.35","3540814919536.37","3655908756610.36","",
"Jamaica","JAM","GDP, PPP (current international $)","NY.GDP.MKTP.PP.CD","","","","","","","","","","","","","","","","","","","","","","","","","","","","","","","12150476921.2337","13169132832.7839","13732634866.8361","15382012658.9063","15927785902.4815","16643885905.5021","16929320426.1454","17024856212.1039","16814271481.5646","17230861468.4188","17776011993.5045","18420730728.9229","19080620874.7671","20170699978.2066","20987292377.8463","21838804990.1797","23164937240.4319","24133233437.7818","24398538082.0922","23482294382.3367","23421341615.9662","24318188186.4853","24482361183.001","25335490525.034","25729271303.4542","26557230587.3337","27953150940.837","29471159210.7602","30323771691.4051","30618406077.4869","27640333680.5414","29598984033.4944","33751091917.725","35925863745.7532","36597720985.1639","",
"Jordan","JOR","GDP, PPP (current international $)","NY.GDP.MKTP.PP.CD","","","","","","","","","","","","","","","","","","","","","","","","","","","","","","","15636361819.2545","16425175600.8976","19210169394.4591","20547902359.8199","22029986806.2985","23886580676.7787","24831532320.7699","26095451424.9837","27183603327.3745","28502713258.9654","30385910541.9386","32707488485.7529","35136896932.6905","37321760721.1519","41608792594.7203","46409399612.5231","51712316825.587","57455973870.5506","62791457385.8143","66352659859.5362","68713655220.9253","72050912802.1938","73887520573.5489","78452380693.4733","80397356421.9829","85588348124.0501","87534483836.1905","94825378274.4728","94604332953.0972","100626037104.859","104080200892.953","101616771489.092","111743557894.989","119103273959.643","125019343386.99","",
"Japan","JPN","GDP, PPP (current international $)","NY.GDP.MKTP.PP.CD","","","","","","","","","","","","","","","","","","","","","","","","","","","","","","","2458670970237.58","2631375921608.79","2715579003091.43","2767180976416.1","2856885064201.93","2993525623887.45","3143860794081.08","3229455430482.06","3224264384422.11","3258971755243.63","3461289162175.59","3552891697488.63","3647933229747.3","3753849681750.47","3939064282153.37","4110440479265.64","4299961133482.41","4481997036213.17","4517267516318.56","4295134284604.43","4525482550835.84","4629400479632.82","4799612889015.1","5021591088716.88","5034454618847.27","5199915217476.25","5158900389806.62","5262254961496.84","5344060957173.06","5404462313923.94","5356710635860.81","5574650884739.54","5904904744687.14","6308233428525.37","6451575612481.29","",
"Kazakhstan","KAZ","GDP, PPP (current international $)","NY.GDP.MKTP.PP.CD","","","","","","","","","","","","","","","","","","","","","","","","","","","","","","","135074235240.789","124281550014.757","120376717015.586","111892872895.191","99882474775.9079","93614609796.8566","95805115256.741","99113997427.6229","98323575364.6449","102407254091.346","114990222142.234","133452670508.841","148808116627.365","165858440472.901","186669097079.464","211196657907.107","241004547154.978","269564507813.482","283825255031.34","289002744475.035","313868548165.779","344049455918.982","369783340663.465","417039504506.503","426844567293.671","406611059018.014","422786764645.624","447143865260.692","475138151280.585","551108130794.884","565757228613.755","650469813945.991","719143972705.045","783017688187.383","842049415718.366","",
"Kenya","KEN","GDP, PPP (current international $)","NY.GDP.MKTP.PP.CD","","","","","","","","","","","","","","","","","","","","","","","","","","","","","","","39587653483.521","41515097273.2209","42121691418.6239","43272411383.6063","45359958236.7536","48351578866.6054","51278552662.3958","52410546872.6057","54743370148.0552","56797949171.4744","58432863846.0635","62007031615.8442","63314978396.5385","66458368611.2695","71728946875.3981","78347607390.589","85991146841.4899","94371493369.4559","96413190295.6955","100215839417.265","109607761069.453","117598023944.482","124961878452.748","139746695151.583","154709329446.165","173206956148.628","188546457052.59","205511364865.135","221491717233.004","240006995767.663","250255393335.358","284129273925.386","319179328511.243","349578642753.732","374947868838.995","",
"Kyrgyz Republic","KGZ","GDP, PPP (current international $)","NY.GDP.MKTP.PP.CD","","","","","","","","","","","","","","","","","","","","","","","","","","","","","","","11170168416.7966","10630564112.7966","9368256102.77165","8107716053.04421","6617613642.24192","6389911212.98483","6967876605.9873","7790830580.2531","8045555485.36403","8457698762.21228","9120091690.02516","9821712906.24774","9972613783.76033","10884450551.7862","11962539832.4296","12315965409.7066","13089706552.7888","14592873714.8541","16123695426.1079","16691390973.8752","16814571636.6724","18183659161.176","20283491468.0054","23114163150.7939","24971077860.1925","25086544783.7459","28429771863.0656","31241590663.088","30789434119.8894","34955978964.9393","34834094213.2461","39301901464.0311","45879594489.2342","51814586970.3659","57864889798.0022","",
"Cambodia","KHM","GDP, PPP (current international $)","NY.GDP.MKTP.PP.CD","","","","","","","","","","","","","","","","","","","","","","","","","","","","","","","10396290527.9643","11563776555.1314","12657283369.386","13488340386.4742","8980985670.63207","10077366644.2719","10867053240.1987","11497359838.3609","12170888167.2422","13911358385.6736","15648212291.0836","17182956708.0688","18543232821.8267","20853910301.2724","23440026263.0214","27391055614.7192","31325690955.1289","35520024828.2326","38911165513.9601","40746485215.2719","43335477862.6357","47452391312.3707","53555447530.5541","59026496728.1017","63400653497.7179","69267932041.222","75271078913.0336","81171550322.3937","91413678746.1866","101425852442.976","99390356590.6425","105674090069.142","119015567874.169","129472162766.379","140526096687.068","",
"Kiribati","KIR","GDP, PPP (current international $)","NY.GDP.MKTP.PP.CD","","","","","","","","","","","","","","","","","","","","","","","","","","","","","","","89192035.8017035","86999784.3261175","110301879.271525","112798965.066409","117563734.652975","123332119.232255","125524674.392712","129192354.874799","136447881.245061","132962287.362719","145142424.032805","143744360.973886","148090670.537453","148635263.817443","151702715.649462","158481412.566625","172806424.564093","182910603.375974","180870183.240703","182962657.356972","187456471.802346","197568194.319608","212926945.001633","233292072.85742","240354497.909504","269913104.48331","291791481.269003","308152442.192198","326179480.862819","342386036.025367","341842564.466707","387761958.155447","434376227.301959","461941012.755097","498029481.742737","",
"St. Kitts and Nevis","KNA","GDP, PPP (current international $)","NY.GDP.MKTP.PP.CD","","","","","","","","","","","","","","","","","","","","","","","","","","","","","","","363220495.753078","368501946.709917","392989313.327464","429668980.884827","462109503.228471","497196086.294231","535880781.728854","582320695.186754","585998920.788632","613426887.970918","690322971.355017","742949267.795744","764813996.891991","749236741.514893","800131640.569426","905536529.626896","962869402.757257","994895716.645312","1128826508.16672","1097118231.87286","1109849563.33969","1151059045.16662","1103295123.22526","1159047588.95253","1259894306.10067","1265579265.23194","1328207470.1639","1391674596.19905","1447606595.65757","1525099297.07708","1280771310.01142","1257766533.81363","1488656998.30605","1588819556.44645","1632319449.35641","",
"Korea, Rep.","KOR","GDP, PPP (current international $)","NY.GDP.MKTP.PP.CD","","","","","","","","","","","","","","","","","","","","","","","","","","","","","","","367281012583.379","420994234049.952","457937281895.178","501582551002.383","560303528736.34","627745659560.855","690316084477.852","746335051253.342","717447628566.737","812127446358.389","904290745856.293","968351043308.064","1056449990197.74","1097679833472.43","1185627221743.38","1261440107622.55","1354934541083.4","1472942503438.35","1531049402635.08","1515720738976.03","1641249629244.75","1695061783755.07","1760084816235.68","1807584606267.19","1879259025687.7","2030098805867.59","2134380442776.72","2216570013000.47","2347691719530.07","2407645008550.9","2481996469956.38","2677430056971.27","2868310039875.42","2969845527350.41","3159472343387.38","",
"Kuwait","KWT","GDP, PPP (current international $)","NY.GDP.MKTP.PP.CD","","","","","","","","","","","","","","","","","","","","","","","","","","","","","","","51830199664.1698","31609795070.9939","59102505173.6987","81068824095.1029","89784932995.4057","96120914731.0277","98472964838.0346","102648636488.294","107603565131.615","107173982390.231","114747022973.707","117581074879.099","123007582119.269","147169229938.912","166602568020.13","190055446976.237","210639122903.575","229308408052.209","239522364883.529","223946418384.903","221294735321.876","247607548894.174","273942363886.453","269446403119.479","250513498757.744","173580844357.312","167620163166.601","193471105720.751","222102130620.338","225238748744.737","182442653963.014","220886348790.238","252627730038.047","257354881877.274","256830086794.8","",
"Latin America & Caribbean (excluding high income)","LAC","GDP, PPP (current international $)","NY.GDP.MKTP.PP.CD","","","","","","","","","","","","","","","","","","","","","","","","","","","","","","","2429634326700.16","2590597101178.2","2711795550520.67","2836914639223","3054333055435.72","3143298192453.19","3320994797032.65","3554593821924.43","3690003990159.14","3759079558293.68","3987905613543.38","4088842733792.77","4185050728541.42","4375420423038.84","4726990066100.48","5073662694727.11","5540481862417.99","5989051708738.8","6384283733964.69","6348329227619.53","6851124489033.21","7387345908939.61","7613917955850","7945105221741.53","8188077785099.11","8133204728021.27","8333202965386.81","8756885624526.05","9224367578942.66","9520716778623.43","9226216821169.11","10400758727797","11678708541284.3","12441720033539.8","13048430751840","",
"Lao PDR","LAO","GDP, PPP (current international $)","NY.GDP.MKTP.PP.CD","","","","","","","","","","","","","","","","","","","","","","","","","","","","","","","4363761389.5407","4705167970.25616","5079954039.98877","5507840000.43641","6084424275.6299","6648776915.20482","7239582549.63888","7870515416.95308","8274750149.18368","9004985809.88952","9742974225.19941","10535332008.0514","11332299880.3305","12257140061.6633","13386972232.0346","14788036347.3066","16558002670.8547","18298564184.0331","20110556743.143","21752548533.1042","23894264991.2341","26347634540.9717","31166890463.4396","34521998381.2813","38868372116.7692","41395269251.0588","46586124701.5285","50122949866.8694","53366707257.3905","56042601063.21","58135955846.4305","60225053628.2101","66265586057.857","71221494499.9171","75956415485.6061","",
"Lebanon","LBN","GDP, PPP (current international $)","NY.GDP.MKTP.PP.CD","","","","","","","","","","","","","","","","","","","","","","","","","","","","","","","10750781534.8517","16610108797.7133","19781278548.1127","22430224368.3411","24765996544.9275","26915874162.4739","30501961987.4328","31355287003.757","32869994199.5624","33159932512.3844","34366112723.8816","36489188155.5303","38324718400.9543","40342563133.0319","44194530902.8992","46804414732.9436","48995393156.8461","55008171422.1584","61152899774.417","67825932482.82","74125159476.9364","76310623816.177","84407152005.059","93707683516.7205","102439561735.377","110329048228.764","119762487637.993","129139845044.674","131563779278.949","125803329502.353","92719310020.9046","66328931529.5091","70616088355.3971","72600709791.5249","","",
"Liberia","LBR","GDP, PPP (current international $)","NY.GDP.MKTP.PP.CD","","","","","","","","","","","","","","","","","","","","","","","","","","","","","","","1748971487.14076","1550909689.92292","1029705162.58453","706514749.859453","564563098.085154","551809812.299927","630022666.933998","1322020679.44962","1740724349.91726","2149171527.39036","2826791043.58807","2974850449.62205","3134763219.16779","2233017927.11665","2353140546.78611","2555093116.76425","2845755597.74627","3201556695.19429","3496422549.66868","3704460178.33695","3978191716.3477","4393239184.19532","5059406068.44855","6080102164.40169","6475698206.39695","6245654129.67803","7087452920.22171","8073192528.51869","8899159431.27983","9580659050.4301","8545642458.19242","8095196890.78495","9089317746.92568","9857427644.16015","10501827916.9368","",
"Libya","LBY","GDP, PPP (current international $)","NY.GDP.MKTP.PP.CD","","","","","","","","","","","","","","","","","","","","","","","","","","","","","","","76336325963.3993","91272573963.4226","90820566162.166","89474543885.2246","93153107854.474","92994492811.5631","96717953734.5572","103514332832.99","100959286915.705","103155520707.494","109373537683.331","109864797004.836","110502228282.495","127350867123.263","136610171685.976","157618648440.93","173041361685.136","188802016681.796","192127838331.509","184806729196.853","196456261301.186","99575929952.2947","165767103868.621","133349219556.353","112538152127.142","116940831227.105","112487606548.722","121473194597.018","129305467689.061","112565780546.273","77180930238.7107","90199384483.2022","88610007105.7389","101162038920.033","105576741546.273","",
"St. Lucia","LCA","GDP, PPP (current international $)","NY.GDP.MKTP.PP.CD","","","","","","","","","","","","","","","","","","","","","","","","","","","","","","","958222550.836967","994349400.781684","1097892681.52583","1130470981.55446","1173065896.08983","1218599260.65351","1277175599.33106","1290181690.25373","1386700031.86561","1443880514.66081","1477307041.32179","1459090175.05161","1487935173.3657","1582019145.20049","1742624517.97292","1789889459.89373","1959394598.6536","2046523142.87249","2189194267.03526","2140384715.3597","2173546036.09393","2314377079.25926","2320160606.42391","2428896995.15468","2508124115.03731","2510450378.66625","2688565160.89794","2844567883.7689","3085990648.9362","3324021510.09089","2658092445.8899","3409978230.91316","4397900557.96638","4656839898.51058","4955061818.04914","",
"Latin America & Caribbean","LCN","GDP, PPP (current international $)","NY.GDP.MKTP.PP.CD","","","","","","","","","","","","","","","","","","","","","","","","","","","","","","","2773697988481.34","2975841916077.51","3136863430508.84","3283404780811.25","3511739267989.88","3636177393199.14","3834370634341.88","4111686117726.65","4267984701846.35","4331741001567.16","4595206905999.53","4732745969432.57","4812115465085.67","4999416096171.75","5450122864105.26","5873755688334.4","6458078088762.19","6997179094395.25","7436303448109.55","7380053216021.5","7919376502528.19","8538476903181.33","8819988984200.67","9207306277701.01","9496593570061.33","9459881740480.9","9714130290470.08","10212162900672.1","10743659396095.7","11103453140650","10754298141064.9","12136910526047.8","13612099497209.7","14528058158065.8","15299519822396.9","",
"Least developed countries: UN classification","LDC","GDP, PPP (current international $)","NY.GDP.MKTP.PP.CD","","","","","","","","","","","","","","","","","","","","","","","","","","","","","","","495979437019.799","524275556767.493","541905765219.219","557722893226.693","574715277687.192","620870284738.235","668328513777.293","718526785477.128","756707082813.738","801021331375.792","857464960510.433","922066653481.332","987550925725.899","1062941451632.06","1164090676320.22","1290500992940.7","1424493709123.6","1571591895456.19","1706439171325.13","1793961683179.57","1931753303084.24","2049129392897.86","2160525694358.44","2330719312369.19","2539742656412.9","2660797351143.44","2849410868197.3","3046069216179.13","3348887297887.92","3639623399360.1","3787536863393","4131625323824.88","4647646444792.98","4976131168212.5","5302233990189.09","",
"Low income","LIC","GDP, PPP (current international $)","NY.GDP.MKTP.PP.CD","","","","","","","","","","","","","","","","","","","","","","","","","","","","","","","210136900005.361","222650332125.78","227689176454.58","233956507803.648","240931148782.834","257790840992.042","275269670538.451","301317397564.087","318542873982.81","334149868861.121","353206955109.529","377742640823.533","404988541396.586","437763638266.902","474711416954.79","519388794456.121","565146020547.813","614445692513.921","658049174459.733","681312776388.376","734371776873.343","751962378517.636","724081661704.356","774130599781.562","843944225782.369","889522052133.531","945066498360.423","980344979737.441","1042159202045.51","1100679229029.4","1114899289560.51","1218126054159.89","1346327331893.69","1391510032390.22","1469733325280.48","",
"Liechtenstein","LIE","GDP, PPP (current international $)","NY.GDP.MKTP.PP.CD","","","","","","","","","","","","","","","","","","","","","","","","","","","","","","","","","","","","","","","","","","","","","","","","","","","","","","","","","","","","","","","","","","",
"Sri Lanka","LKA","GDP, PPP (current international $)","NY.GDP.MKTP.PP.CD","","","","","","","","","","","","","","","","","","","","","","","","","","","","","","","41329904728.6919","44693068468.6151","47722862975.7602","52225010187.8006","56327121024.336","60671121194.0151","64129557244.2241","69414028636.6687","73492167117.0412","77737438833.5662","84268270520.0735","84834118463.3601","89568100817.644","96762088315.7948","104774542076.239","114804514458.058","127419930495.745","139767212524.228","150936623732.552","157242031516.998","171910623370.485","190668570949.442","216969311691.493","231635412206.099","243530581317.735","256403786039.428","277383189833.412","291985462544.986","307237748359.208","307704703449.53","283651681999.953","317188291991.223","314829453164.917","318559256926.749","342603896900.927","",
"Lower middle income","LMC","GDP, PPP (current international $)","NY.GDP.MKTP.PP.CD","","","","","","","","","","","","","","","","","","","","","","","","","","","","","","","2728376387616.78","2876889580614.3","3058139050334.88","3210469575209.44","3418579266646.73","3677645332174.15","3987080917231.71","4219430002933.42","4469510919313.76","4796793308551.22","5116035085262.22","5464888721810.78","5801552098153.43","6284294048021.84","6919500094400.19","7626855532707.27","8423617862235.48","9254455048026.57","9851962846557.95","10528886445039.8","11404224519821.9","12203367713329.1","13344275940565.6","14166292266687.3","14950271954165.1","15729323036756.4","16695031062969.8","17926307169837.6","19457486236292.1","20964421728200.6","21110786018230.8","23561229353005.1","26860898914990.1","29586836083064.2","31913410191391.1","",
"Low & middle income","LMY","GDP, PPP (current international $)","NY.GDP.MKTP.PP.CD","","","","","","","","","","","","","","","","","","","","","","","","","","","","","","","9624242104237.46","10276509265578.8","10928261890248.4","11602860853223.2","12350796838868.4","13205944569932.6","14269130466580.1","15277483350781.4","15698146672421.3","16546589886573.2","17867907030348.9","18969134896557.2","20179767065903.1","21770633497719.3","24073558014971","26586163102082.3","29656619454648.8","33045203485548.9","35663679777638.7","37405886548363.6","40871224723648.2","44300451009715.2","47546264435573.5","50437484741576.5","52883841882304.7","54364584846709.9","57110499894214.3","60777223490457.3","65377462995864.1","69716894560259.4","70512525915656.7","79319987168404.2","88953998908779.1","96824457685562.1","103671364855243","",
"Lesotho","LSO","GDP, PPP (current international $)","NY.GDP.MKTP.PP.CD","","","","","","","","","","","","","","","","","","","","","","","","","","","","","","","1382711467.4023","1529057872.27658","1672693665.61051","1772441136.8046","1918539101.66429","2023226630.65837","2175581041.76159","2295062170.92974","2356542358.35145","2401266218.88415","2550829821.2922","2701162148.64909","2762993886.75286","2946017812.97257","3076437173.06163","3282873966.87736","3527263619.06876","3774547161.73809","4059772691.37472","4033598929.9442","4297759286.39977","4588922382.32492","4661713347.89244","5219948224.49632","5764436175.6392","6386751308.41258","6268088273.64999","5649078944.01488","5747871432.63277","5674505764.43564","5721443959.41194","5755132494.46552","6312660804.56615","6659272926.51044","7014987702.30223","",
"Late-demographic dividend","LTE","GDP, PPP (current international $)","NY.GDP.MKTP.PP.CD","","","","","","","","","","","","","","","","","","","","","","","","","","","","","","","5376845878871.31","5589182652201.85","5784570635950.34","6190028069136.13","6616850441485.4","7143162716069.24","7655689038446.08","8211199701888.25","8517964072976.37","9021691781018.1","9884682457482.48","10628864259108.4","11485445646168.3","12577691686927.1","13974940344461.7","15582112291608.2","17850433949222.9","20199090117847","22377963622015.5","23369135442370.2","25570342324259.7","28100264769408.4","30278782378311","32244382492986.3","33710510825734.6","34150640761651.1","35561381420804.6","37860333411612.5","41152614764137.1","44371594275917.8","45178218575127.5","51482692477006.9","56955713143675.4","61558105734811.7","65941611211891.1","",
"Lithuania","LTU","GDP, PPP (current international $)","NY.GDP.MKTP.PP.CD","","","","","","","","","","","","","","","","","","","","","","","","","","","","","","","33390796220.0145","32560770518.0219","26222954208.1033","22488499534.5433","20725541003.4375","21856274997.9023","23335551467.0745","25622329816.2274","27849099271.7516","27906326900.8021","29657143300.3994","32623386526.2887","35448119354.2747","39820969448.3119","42568098558.8099","46353671897.0879","50756697882.5639","58061973430.8163","62077688527.9219","53942382839.8415","57977725568.4402","65279063756.8239","69572962756.7615","73705135304.2126","77175584961.7303","78450288525.6069","82576317910.997","88988938099.6687","102878073082.262","114028537683.962","115963490767.144","128830296666.031","144232378134.047","150322440348.994","159681046350.603","",
"Luxembourg","LUX","GDP, PPP (current international $)","NY.GDP.MKTP.PP.CD","","","","","","","","","","","","","","","","","","","","","","","","","","","","","","","11436001421.6745","12844728038.521","13376499101.8097","14268772932.0418","15130288356.007","15668765165.5357","16453948981.6543","17821460892.1819","18801498228.3201","21456887315.5603","24055863413.5927","24785373033.0151","26135003699.075","27184592422.1459","29632208882.7079","31997220939.5338","37272704964.1615","40859951022.6412","44452842913.4099","43266596939.1543","45796115571.6264","48970848492.8168","51308724180.9019","54838614516.1038","58578323745.8406","61437308583.9496","65980119592.3436","68570197215.6405","70910323890.9321","75250600111.6431","76953191626.4398","87543117438.5072","95953334617.1929","100303192312.789","105574123414.164","",
"Latvia","LVA","GDP, PPP (current international $)","NY.GDP.MKTP.PP.CD","","","","","","","","","","","","","","","","","","","","","","","","","","","","","","","19835011572.6008","17923043976.2502","12443673424.2756","12103865594.8063","12633030763.0633","13397049054.1098","13977537939.1374","15486813219.2387","16682978062.4125","17346142139.9212","18582683435.0143","20585228631.3065","22105571058.6452","23321670080.5297","25616608944.8353","28714553391.8029","31456306200.2185","35745454817.395","37979879612.7179","33292420508.83","34344114865.1792","36416672540.1412","39499388914.3638","41205977404.0988","42973303968.5787","44581207156.4962","47153222826.1706","50040059546.9355","57464098005.6375","61623338377.0805","62223400359.4028","69560319491.8466","76225424469.6375","80201601896.8545","80979094834.5308","",
"Macao SAR, China","MAC","GDP, PPP (current international $)","NY.GDP.MKTP.PP.CD","","","","","","","","","","","","","","","","","","","","","","","","","","","","","","","9357288548.02418","10027734027.2609","11620225702.0877","12512600274.1936","13323366172.9677","14051078068.2181","14248245110.393","14453512566.5684","13947840406.5422","13811588081.5098","14936200119.0621","15713623993.8427","17378825635.4299","19785366565.1422","25729335993.3085","28679637721.1578","33523341914.1182","39417878497.3197","41540369339.1058","42339260568.9081","53611440452.0319","66548689367.7824","75594087091.3419","88701648911.3815","90262808129.8884","69855433514.4725","70243698176.3952","78310486061.5598","85299875277.618","84691906233.3769","39120940823.8275","50078061226.1194","43478277465.9129","78963813359.371","87221463074.4283","",
"St. Martin (French part)","MAF","GDP, PPP (current international $)","NY.GDP.MKTP.PP.CD","","","","","","","","","","","","","","","","","","","","","","","","","","","","","","","","","","","","","","","","","","","","","","","","","","","","","","","","","","","","","","","","","","",
"Morocco","MAR","GDP, PPP (current international $)","NY.GDP.MKTP.PP.CD","","","","","","","","","","","","","","","","","","","","","","","","","","","","","","","68185140642.5349","75577728567.7233","75678482135.5483","76898554507.0514","86856358766.8485","83884051841.4101","95988653945.6059","96119997248.1275","104236148646.015","107505176350.419","112779237887.046","124223383245.658","130859594015.688","141678088816.729","152138743419.188","161917911223.132","179914946048.65","191148032271.176","205906139147.141","214936468528.659","225161798971.022","242503162218.145","246970051910.011","258279124276.737","250969666045.261","273699865546.218","278969225512.902","291813531443.919","283691175471.346","295693593669.819","286108585852.483","323485096796.555","352829752448.324","378888275534.236","402770325749.156","",
"Monaco","MCO","GDP, PPP (current international $)","NY.GDP.MKTP.PP.CD","","","","","","","","","","","","","","","","","","","","","","","","","","","","","","","","","","","","","","","","","","","","","","","","","","","","","","","","","","","","","","","","","","",
"Moldova","MDA","GDP, PPP (current international $)","NY.GDP.MKTP.PP.CD","","","","","","","","","","","","","","","","","","","","","","","","","","","","","","","20531255151.0642","17829490051.8865","12929180911.9059","13076816772.5267","9229018605.42321","9290607151.89761","8904685469.75184","9207437232.45864","8701778415.48739","8527671452.42145","8904650398.77968","9660570036.99826","10575928938.2429","11496523303.8137","12679294796.6797","14057611967.2539","15186699782.3818","16066091172.2185","17652937905.4215","16696108705.5972","18098844324.1062","19546989102.1386","20750685232.971","23541379306.0256","24700278843.524","26084243383.8688","28945251498.7153","31001699470.1457","32129614587.5903","35735831415.9353","35646566427.3806","40707659297.2633","41603848474.5635","43618128795.3083","44718897528.3762","",
"Madagascar","MDG","GDP, PPP (current international $)","NY.GDP.MKTP.PP.CD","","","","","","","","","","","","","","","","","","","","","","","","","","","","","","","14054716200.888","13613706026.2549","14088368300.509","14725165789.949","15033245439.4469","15606083598.0557","16234135987.0885","17124031731.6109","17994782388.8203","19107008187.044","20410681393.9662","22118357801.0749","19674988011.8995","22026619585.8625","23808012897.5919","25722276417.8023","27946951443.5728","30343273031.9976","33003976083.2818","31886307058.5348","32473669404.6241","33666784883.9147","34340036474.5784","35522723859.5999","37117789637.7909","38053900319.1193","40755587226.8307","41438402026.5191","42523532549.9391","45498322775.5634","43150154155.6067","46835678113.5382","52260133350.5173","56416214294.4254","60207191110.6919","",
"Maldives","MDV","GDP, PPP (current international $)","NY.GDP.MKTP.PP.CD","","","","","","","","","","","","","","","","","","","","","","","","","","","","","","","1017631080.53138","1067223261.80024","1164358702.13832","1258192127.25575","1384642342.98427","1597250633.38803","1754312838.35555","1934431770.36864","2102781086.43227","2264235680.75984","2404575741.06867","2361756426.3223","2572787193.54751","2984325951.87285","3246149989.58342","2973722869.62417","3789796513.84334","4170136718.94959","4632025837.19145","4271869073.24396","4617173537.18261","5129171219.95063","5411041263.86776","6106704769.13274","6916720148.34871","7653295112.38148","8320672192.7847","9059366711.74352","10360598102.1094","11255471307.3294","6741118651.2306","9834087308.92595","11991813787.4398","13037394172.4742","13819246767.5298","",
"Middle East, North Africa, Afghanistan & Pakistan","MEA","GDP, PPP (current international $)","NY.GDP.MKTP.PP.CD","","","","","","","","","","","","","","","","","","","","","","","","","","","","","","","2219589054534.53","2425157000544.11","2626605034795.96","2744072237330.59","2868603420387.25","3012219987252.02","3222801020518.69","3404982658387.46","3591235828581.8","3749480597883.04","4076683584779.9","4256594131915.81","4429178699259.87","4710269341118.71","5229111377550.98","5659365526524.1","6163517211354.63","6661188021739.61","7064020363644.23","7192292618729.83","7626467155585.85","8087986575107.02","8497267039969.41","8648640575321.99","8743029548677.47","8224825926314.86","8311341335802.28","8828080280558.12","9471621433287.57","9642399966659.51","9303705111919.5","10415729562671.1","11887315177836.4","12607387676400.7","13223338056554.5","",
"Mexico","MEX","GDP, PPP (current international $)","NY.GDP.MKTP.PP.CD","","","","","","","","","","","","","","","","","","","","","","","","","","","","","","","710420021424.759","766511861683.894","814816208611.489","792434727124.965","844918918772.265","811649814115.514","877904059491.375","957332165802.74","1027968570892.25","1071236887499.62","1154381053953.29","1175052599155.97","1194403398875.47","1242532259449.98","1321438100421.35","1403085812802.32","1559516573127.03","1635050538985.97","1730732432366.58","1701373700360.82","1807659191042.35","1989888022736.31","2103287719177.25","2150334057594.28","2254435512803.84","2309023754637.44","2457812552694.79","2528308608734.21","2606266095235.82","2636530051952.23","2454084724593.04","2652858835882.47","2975527888656.19","3275042077168.85","3426642116491.59","",
"Marshall Islands","MHL","GDP, PPP (current international $)","NY.GDP.MKTP.PP.CD","","","","","","","","","","","","","","","","","","","","","","","","","","","","","","","93825565.1130321","97083732.7793938","106386748.302521","115449773.939184","124845534.165933","137932080.26783","125986037.36409","119897913.391467","120428094.414466","120502144.351901","126256390.313495","138045931.114502","145288213.802487","145842934.691959","149153206.296614","156584998.568828","161697836.869811","172204501.052577","162241749.9334","169225654.555322","180769874.152757","183572222.118388","184577180.224517","194868626.180603","195765211.126983","201307890.606507","208309785.849901","219584916.869019","236940414.688217","266025061.384393","262085491.939992","279970112.59214","297829323.081778","293094638.232714","307692288.184685","",
"Middle income","MIC","GDP, PPP (current international $)","NY.GDP.MKTP.PP.CD","","","","","","","","","","","","","","","","","","","","","","","","","","","","","","","9422425739664.86","10062508314657.5","10708629110332.6","11376542432215.2","12117043045787.1","12955849032407","14001780710371","14985440749904.6","15390212386912.2","16223427588972.1","17525643957244.3","18603216054631.8","19787589900518.9","21346754169928.8","23613504739827.9","26082600845987.3","29108071510504.4","32448118371441.9","35023989316574.4","36743511972657.2","40157186238748.5","43568955051655.3","46840605854106.6","49683154482854.9","52065917109288.2","53505387788645.2","56199173758835.8","59828278202127.1","64367677647564.7","68649531928975.2","69431511232894.7","78135899000367.6","87643607783736.1","95457786472455.7","102223016570717","",
"North Macedonia","MKD","GDP, PPP (current international $)","NY.GDP.MKTP.PP.CD","","","","","","","","","","","","","","","","","","","","","","","","","","","","","","","11036088456.385","10705266250.1158","10230385388.1442","9690631024.44936","9723529932.15334","9816738564.77706","10114928370.1951","10437519838.1705","10937855519.8594","11547033766.1311","12469948684.7531","12313131574.8661","12919252496.8152","13366586578.6947","14575844000.1527","15987087766.3572","17726143583.051","19112792801.2076","21537235533.6943","22588941208.4545","23340359247.6008","24064055271.9519","24558858218.5366","26269600824.7446","27776046160.5798","28751793449.7897","31373270535.8615","32582945946.8463","34872755042.4214","37942887446.9177","37052222452.4946","40681574628.7772","44349927282.6088","46342636053.4879","49249354322.685","",
"Mali","MLI","GDP, PPP (current international $)","NY.GDP.MKTP.PP.CD","","","","","","","","","","","","","","","","","","","","","","","","","","","","","","","8774425398.31666","10219315478.0831","9923403115.52896","10600339932.6158","11432072300.3927","11756818680.0977","12734163160.888","13487625494.2757","14546660320.1518","15446745138.0784","15680377605.2339","18567703455.2504","19428772091.5466","21753398112.8102","22668376288.5924","23972583774.7496","25623628529.0605","26781044950.2333","28290298183.7517","30017466179.5346","32076619108.3905","33699390834.892","33747006199.6177","35954307149.903","39372059744.8091","43326258239.039","48588600863.8981","51646498097.6108","54874814697.009","59410075204.0447","59141995694.5382","62603712698.5224","69550652231.9446","75458174206.056","81140993673.8658","",
"Malta","MLT","GDP, PPP (current international $)","NY.GDP.MKTP.PP.CD","","","","","","","","","","","","","","","","","","","","","","","","","","","","","","","3571988608.07349","3923825456.37325","4201502264.57047","4493812636.61439","4849136819.90402","5264812751.0149","5569799299.53939","5919937472.42698","6248969228.33698","6549426338.65549","7105231478.30465","7245495798.23723","7734052243.19973","8295598935.36141","8653654729.35973","8976171187.05058","9410852444.77183","10172840453.315","10911530658.1702","11046920903.6988","11983092197.0074","12249063139.6563","12901698808.0541","14077369644.7435","15261002590.9051","17044144819.4588","18634687740.6114","21376514294.0267","23313620060.8201","25897456334.3633","25760003596.9426","29458030567.2131","32179546634.8879","37065676317.1794","39741782395.5776","",
"Myanmar","MMR","GDP, PPP (current international $)","NY.GDP.MKTP.PP.CD","","","","","","","","","","","","","","","","","","","","","","","","","","","","","","","17563520317.365","18039349766.7611","20232926691.4617","21963426391.919","24109873843.0385","26325672250.3073","28534772832.9767","30667316092.2828","32831204101.3312","36940066207.0948","42969607733.0216","48921379074.6035","55656083939.6556","64612058191.0903","75349622677.1439","88256902159.4759","102875055020.123","118332621205.187","132981732362.512","147918054673.649","164139949932.271","176893542391.214","191632597101.832","208269863967.961","221802511725.486","227790290910.88","229647106575.787","244240022243.58","291745887545.292","321180596449.631","304367346941.67","276462287916.21","308130563643.829","322277844296.53","326862397165.755","",
"Middle East, North Africa, Afghanistan & Pakistan (excluding high income)","MNA","GDP, PPP (current international $)","NY.GDP.MKTP.PP.CD","","","","","","","","","","","","","","","","","","","","","","","","","","","","","","","1350467908244.48","1496312607933.88","1603094712614.43","1661569133927.96","1726253534359.77","1813045641793.41","1955145840036.01","2054454568501.46","2189899448506.18","2319186880739.61","2515428532888.98","2645086169079.91","2778906607902.15","2908606327419.3","3219999912795.9","3478808304480.68","3779986584102.72","4111594979496.46","4323081070995.71","4462510627036.12","4733947965014.8","4851534240472.37","5056157936855.37","5139462220032.54","5168347146183.83","5063524784916.67","5217678575816.76","5522712753487.79","5845791660654.39","5963816129049.56","6156331911597.85","6630760138289.88","7433497953319.77","7924709208941.72","8322222282509.08","",
"Montenegro","MNE","GDP, PPP (current international $)","NY.GDP.MKTP.PP.CD","","","","","","","","","","","","","","","","","","","","","","","","","","","","","","","","","","","","","","3534296797.08156","3749144612.30414","3444792081.96925","3632030871.8027","4112963895.97278","4329951422.18545","4494254134.17475","4809573082.52695","5106745153.94348","6421029208.94394","7669037404.30498","8515353690.16833","8023135314.21194","8431834533.41053","8900366209.30566","8570953237.15071","9147083963.29952","9528334181.0535","10051704393.4398","11275171368.4456","12116934883.9886","13207560881.7292","14857508827.1206","12923283286.2111","14807553918.6656","17491487848.2499","19867362099.1366","21238981036.8374","",
"Mongolia","MNG","GDP, PPP (current international $)","NY.GDP.MKTP.PP.CD","","","","","","","","","","","","","","","","","","","","","","","","","","","","","","","7302015144.19314","6892683694.73394","6397199493.34231","6341315006.17309","6614952541.03772","7184288883.81265","7479331657.8225","7904782843.87042","8260603886.77986","8634719686.81401","8931513813.70697","9402283756.13045","10000318210.221","10912071503.1922","12396137238.0265","13712180012.9917","15344468578.7749","17375296734.5742","19286329499.8691","19159108635.8796","20626275493.887","24691841190.0464","28827895153.548","30272589127.4882","32298614756.1739","31655860016.5362","32468148776.2369","34940501306.6572","39516811632.4633","44456622358.2437","45560002626.38","50053145881.8599","56320298556.3279","62677497750.9381","67481100950.4545","",
"Northern Mariana Islands","MNP","GDP, PPP (current international $)","NY.GDP.MKTP.PP.CD","","","","","","","","","","","","","","","","","","","","","","","","","","","","","","","","","","","","","","","","","","","","","","","","","","","","","","","","","","","","","","","","","","",
"Mozambique","MOZ","GDP, PPP (current international $)","NY.GDP.MKTP.PP.CD","","","","","","","","","","","","","","","","","","","","","","","","","","","","","","","3876487205.89821","4204974221.20434","3974943055.37604","4514346155.41372","4907676297.31776","5116944167.20886","5767947004.12026","6560643833.91515","7322310594.51332","8303449441.43969","8556603915.91784","9873700733.75349","10996611842.248","12023092301.2085","13359389787.8221","14647954897.7931","16596153907.0126","18349679164.7403","19989637477.8653","21305419651.8896","23004781234.8117","25154428816.7064","26184549692.2646","27901295071.5242","30064933093.9697","34986722839.8131","37700803807.9202","36130431041.8671","38466735958.1982","41503339393.0606","43454882038.8104","46205728911.2947","51660358771.4538","56452955963.8512","59060293229.5788","",
"Mauritania","MRT","GDP, PPP (current international $)","NY.GDP.MKTP.PP.CD","","","","","","","","","","","","","","","","","","","","","","","","","","","","","","","4040954731.10974","4252311547.57795","4430725302.04609","4802161269.14541","4754577303.76093","5330945208.54863","5744419726.70734","5607128251.68903","5827650393.75092","6127206514.30051","6020496212.44513","6106841806.00101","6287417869.53368","6855760842.14004","7373310008.12468","8255919837.47166","10070769270.7773","10139902985.2367","10301051549.5998","10374730882.5515","10775959019.2363","11457213191.4913","12539868164.3873","14306348182.1821","14875055357.1756","15775044970.7205","19136599346.5409","22539620070.571","23550299208.1808","25064433257.7255","26408154182.6331","27635403694.625","31617666951.8516","34985869654.6274","38091993637.0885","",
"Mauritius","MUS","GDP, PPP (current international $)","NY.GDP.MKTP.PP.CD","","","","","","","","","","","","","","","","","","","","","","","","","","","","","","","5304335401.69283","5726945383.02674","6238932459.10939","6711397405.17596","7138219202.3079","7600370751.14719","8171987699.73865","8785704218.23204","9423901835.70771","9806792867.58766","10851588590.146","11467373583.418","11833642535.0377","12782315734.1164","13694403687.0709","14374841855.0558","15539121647.9239","16874155077.7215","18125789349.769","18842175731.8271","19905945710.2261","21145045368.4349","21675772052.8139","23208575041.1718","24334337754.2098","25597955580.2309","27741560246.3671","28963344696.0255","29634148312.2323","30858108173.3519","27373244659.4647","29138600357.748","33929661729.1284","36910896508.0926","39665304066.0208","",
"Malawi","MWI","GDP, PPP (current international $)","NY.GDP.MKTP.PP.CD","","","","","","","","","","","","","","","","","","","","","","","","","","","","","","","6410072363.21448","7205388185.53622","6829178160.47331","7668613469.02993","7030306343.57041","8378455954.16314","9156093760.05175","9667211208.92106","10156652110.6182","10613744873.0658","11025237005.9584","10712639072.7305","11064057834.2158","11926235758.5635","12910787913.836","13750850277.9866","14841124507.1107","16706556970.9169","18329372045.5768","19978329413.7686","21611136729.012","23144997068.0643","22999500003.4794","25181923450.6662","25024588183.9773","23972522499.7063","24755675039.6412","24899003391.0601","25268494147.2089","27587532191.9057","29563756336.0156","33831623933.4187","36577488742.4275","38631007474.0452","40227239746.2133","",
"Malaysia","MYS","GDP, PPP (current international $)","NY.GDP.MKTP.PP.CD","","","","","","","","","","","","","","","","","","","","","","","","","","","","","","","122810506136.023","139083006814.69","154891808952.215","174252991496.61","194368644590.529","217949174460.426","244139235645.526","266535267079.999","249694877234.154","268770475595.866","299208017024.179","307529056854.154","329144531985.224","355071566645.317","389353505932.15","422973326620.569","460368023534.506","502623799396.365","537061439784.103","532195216540.024","578657813420.75","621861803378.808","671523206704.637","698862906454.866","746116305787.407","766027917953.276","803828295814.355","854693620881.573","914713180247.419","967567806880.737","931106663877.47","1022398815013.98","1194214306518.24","1280946897746.06","1378901065661.01","",
"North America","NAC","GDP, PPP (current international $)","NY.GDP.MKTP.PP.CD","","","","","","","","","","","","","","","","","","","","","","","","","","","","","","","6525292784218.23","6727105680174.12","7107431643792.25","7475560980125.78","7945644153887.36","8330032981553.66","8787938076322.93","9335799660078.76","9859455489753.74","10480567730080","11154844854108.5","11523687587939.2","11903769633564.7","12483937194052.7","13304910118181.6","14214773204463.4","15061907106217.9","15780645703032.5","16117167161576.2","15789702396116","16417313701973.2","17035058145203.2","17726469022285.1","18439354789584","19234106921145.6","19894690451839.8","20488107438697.8","21383311972730.6","22514990008758.9","23445510107911.4","23207424397614.3","25866624830798.1","28503424318264.1","30302242624094","31860593257411.9","",
"Namibia","NAM","GDP, PPP (current international $)","NY.GDP.MKTP.PP.CD","","","","","","","","","","","","","","","","","","","","","","","","","","","","","","","5306693289.0908","5934133855.10081","6505711498.50913","6554721980.97774","6810488167.97395","7224392378.08437","7591428679.60572","8048229364.47393","8406572289.26605","8812782497.73661","9327139077.13489","9649500147.86294","10268715463.4098","10915420256.8968","12584232425.9389","13307073391.6016","14687700517.5399","15896336615.0443","16631951660.7918","16784063685.0504","18013988183.0632","19321711402.13","20550227216.2329","21847544464.6311","23966035323.935","24849167508.2085","24880312287.1765","24787610435.4624","25396298133.5144","25469883811.1962","25525198217.6345","27287889637.5942","30811603938.3535","33338484191.5025","35411935205.4205","",
"New Caledonia","NCL","GDP, PPP (current international $)","NY.GDP.MKTP.PP.CD","","","","","","","","","","","","","","","","","","","","","","","","","","","","","","","","","","","","","","","","","","","","","","","","","","","","","","","","","","","","","","","","","","",
"Niger","NER","GDP, PPP (current international $)","NY.GDP.MKTP.PP.CD","","","","","","","","","","","","","","","","","","","","","","","","","","","","","","","6124299546.59514","6303585937.69547","6576228696.34559","6753760867.81859","7025909093.33176","7349484060.11528","7491559548.12385","7737152662.17248","8604376011.7029","8706977050.2011","8796601713.70026","9648418941.46968","10280284056.6777","10710799712.6166","11038836389.557","12219683989.9715","13343624936.0933","14135852906.7674","15522168134.7971","15924423036.4292","17500575092.2792","18282764961.5946","20722563498.3675","21071366592.3543","22315918540.8947","23372915804.2583","24586198437.6823","25897150477.0717","28311897040.1248","32566723569.6716","35501317683.8958","38850574077.5224","46573248097.999","49053754855.8382","55414634847.873","",
"Nigeria","NGA","GDP, PPP (current international $)","NY.GDP.MKTP.PP.CD","","","","","","","","","","","","","","","","","","","","","","","","","","","","","","","275808209079.371","286157312902.382","306232923684.897","307111711524.279","307976297625.86","314205118771.019","333382647332.44","349092291529.667","362127849944.245","369397533876.297","396713560399.49","429651189640.703","503213336573.49","550850361335.197","617990214733.782","678403997820.436","741699956693.484","812005395979.047","883636567533.704","960541897001.914","1050047441224.87","1128596680712.4","1175405871115.18","1268094051652.3","1374917444199.77","1393399173059.36","1382274968965.5","1409126218211.61","1466986668334.62","1581908571405.64","1586733523431.07","1658304866219.82","1853258842381.09","1983819998253.15","2114329449409.47","",
"Nicaragua","NIC","GDP, PPP (current international $)","NY.GDP.MKTP.PP.CD","","","","","","","","","","","","","","","","","","","","","","","","","","","","","","","8235899133.40156","8498305478.7254","8725550609.74835","8897275983.33573","9390558011.84851","10154249904.8748","10996157197.5783","11629481060.0421","12196681250.393","13239574881.5861","14094810965.4006","14838904567.7684","15183115173.2543","15873159638.9287","17165886758.5998","18462276078.5289","19821995460.495","21392520308.3933","22553839570.4359","21945744533.6479","23192039228.4545","25165708471.7559","26602665591.8129","28187335291.8785","30743442934.0975","33507510695.4469","36662825386.1517","39320729869.7902","37985543205.7636","38779457707.5101","41191106018.3216","47305035692.4433","52476847102.5256","56772319876.1377","60231278859.8267","",
"Netherlands","NLD","GDP, PPP (current international $)","NY.GDP.MKTP.PP.CD","","","","","","","","","","","","","","","","","","","","","","","","","","","","","","","287113651498.819","304062981620.299","316297738149.629","327867185551.504","344783637581.074","362981260984.618","381493004304.364","406838980206.138","435856592176.551","463551337938.583","507938807993.737","533687179113.153","558243595308.055","556306924381.732","585504395361.107","616539911875.417","673590885532.526","724126664465.208","768245112205.479","743192515393.424","752698442798.631","784643538480.86","798429903639.945","833870397887.156","839056229120.25","863202457350.693","905370307047.098","959996164418.59","1013551388032.4","1081370572466.31","1091779125681.31","1202303330254.13","1391834585371.04","1461073361662.53","1550563902321.65","",
"Norway","NOR","GDP, PPP (current international $)","NY.GDP.MKTP.PP.CD","","","","","","","","","","","","","","","","","","","","","","","","","","","","","","","78301045220.344","83445867233.4447","88398189490.3423","93068210736.9081","99860722404.8613","106191347472.143","117535039677.905","126031833600.082","124968601676.818","136417342193.7","166140655653.242","170752744705.297","172705270003.633","176567589848.784","195924030533.12","221764770681.486","253343098710.358","264556720814.595","295976050426.666","268707084395.439","284618678738.845","309370326298.155","330093387414.194","342254463749.269","340765243535.079","315145024684.581","310303329051.275","340837019722.395","373182530590.832","379377632591.483","361019819522.16","481254696871.483","684812405714.296","572037741607.885","568581567800.898","",
"Nepal","NPL","GDP, PPP (current international $)","NY.GDP.MKTP.PP.CD","","","","","","","","","","","","","","","","","","","","","","","","","","","","","","","16196689760.7869","17810741815.1996","18964671279.5439","20161613006.2995","22283951222.7729","23540289866.6029","25248513850.6315","26980592501.5678","28106804322.7246","29762327038.6597","32323564942.8643","34637822535.3062","35218354121.3929","37330483316.2443","40129377424.6574","42827565904.6174","45633718278.3067","48469053797.0175","52418781246.8825","55132930648.4909","58490655453.6571","61740111909.6309","67896548716.8693","73334815489.017","80283011240.3674","82282973616.2707","83198953169.4628","100972413071.514","111086748720.566","121063056101.567","122690085757.445","134000165871.651","151637641435.803","160208624971.652","170096869228.542","",
"Nauru","NRU","GDP, PPP (current international $)","NY.GDP.MKTP.PP.CD","","","","","","","","","","","","","","","","","","","","","","","","","","","","","","","156022308.238446","130661958.505138","111909355.190843","96097644.7596734","94354932.4811151","88700303.8797291","79612198.5320073","73733980.1603711","65773224.0282186","62322722.2259495","59364696.0851797","56597329.0286997","51745611.4788849","52917438.2446449","51995739.043923","53626041.814384","59951312.213035","47980946.6699875","58686480.2678348","55767977.8726616","56445718.6813082","66082352.0706502","83709650.0279776","88644980.4166306","104476177.976933","109050744.920564","114636131.498973","109280211.229255","110836381.463245","122295244.716258","125871845.445095","141822169.432093","156305536.693347","163062399.384706","169324927.822256","",
"New Zealand","NZL","GDP, PPP (current international $)","NY.GDP.MKTP.PP.CD","","","","","","","","","","","","","","","","","","","","","","","","","","","","","","","49321471007.8355","50682272913.1682","52540573315.0094","56798339869.9833","61930551653.5662","65621211315.3563","68639565056.2214","72222402139.9026","73715706042.5266","78923926226.423","82941140643.9896","87354287358.6309","92024844754.3231","96638498104.7079","102694007617.053","106147882736.156","116048766335.845","123889183115.716","127349469279.383","132288407215.546","136200099015.259","143527725340.952","145709276809.247","161082560673.426","168606886786.56","172913788367.363","188511791745.778","203343352255.376","208409180577.664","225047523389.303","230861725700.254","245325429880.081","274584135755.952","284426387712.054","293726672095.043","",
"OECD members","OED","GDP, PPP (current international $)","NY.GDP.MKTP.PP.CD","","","","","","","","","","","","","","","","","","","","","","","","","","","","","","","18448471703057.7","19312484387335.9","20197565311227.7","20934545485088","22059954082002.4","23144134032285.2","24349663311266.7","25658004334522.8","26538921171129.4","27784038015850.4","29714674098176.7","30869832942418.8","32059274288073.4","33255202078152.8","35276754835021.1","37214046422614.4","39987853444173.3","42260408917635.3","43708176266598.3","42831236132493.8","44760830251076.8","46888500403369.6","48454432384683.6","50513245622259.6","52345967586508.3","54194021340110.3","56401993725632.5","58941006553757.8","61602155435848","64700489392972.1","63777613199490.8","69900133987407.7","78336469799443.9","82859288638891.7","86568529812785.6","",
"Oman","OMN","GDP, PPP (current international $)","NY.GDP.MKTP.PP.CD","","","","","","","","","","","","","","","","","","","","","","","","","","","","","","","47457422316.0976","52042427725.6125","57706974728.0083","62644685468.6812","66462082242.9747","71246206190.9117","74760402834.4635","80638069628.4012","81488985693.8675","82888074235.0733","90014688075.4391","96287569205.343","97017085208.8068","96761269994.2831","101343093383.116","107425752824.011","115909874629.131","124979650732.338","138788915177.733","147998452501.783","153500039111.647","161201808676.585","177317851461.746","180245565668.084","177051225729.964","150899641148.99","146364894955.712","152544979822.972","173709314188.187","171026532860.206","159026046195.661","174253981507.44","201584895347.812","211791717284.958","220452272078.928","",
"Other small states","OSS","GDP, PPP (current international $)","NY.GDP.MKTP.PP.CD","","","","","","","","","","","","","","","","","","","","","","","","","","","","","","","63755190066.7161","66116907667.909","66054011851.4756","68031157019.1237","71337403646.0307","75859245537.5312","79147350618.0477","85627034577.9218","88238884924.5587","91463771359.8856","98829321924.7436","104973810201.175","111192315276.908","118382477271.914","126347525815.479","134921647656.553","149059397876.032","162110954336.888","169871345205.609","166198642738.527","172791059940.104","183734389584.367","190133995346.938","195842166201.222","203057915189.016","204836775300.895","218937148729.678","235830867291.066","251364046531.184","274987663822.398","264413797626.671","295943471925.01","334738674063.082","359495288655.375","379583669959.466","",
"Pakistan","PAK","GDP, PPP (current international $)","NY.GDP.MKTP.PP.CD","","","","","","","","","","","","","","","","","","","","","","","","","","","","","","","220145327067.753","239109860214.527","263404278881.496","274387544188.848","290720230121.978","311545532171.599","332624937574.984","341793200800.516","354448986568.599","372621675890.999","397295872793.651","421075052526.708","438714453464.953","471540229068.59","522140892728.21","577697637564.775","631551171914","677493326139.475","705189290476.96","734177854517.791","754259486425.175","790452779286.801","840345473962.346","881009821208.77","924121429937.152","973520332591.722","1019403996557.85","1069378806760.21","1129963710339","1162667379542.97","1186293820824.83","1285342890384.16","1442774797327.02","1488489467888.95","1570963817829.03","",
"Panama","PAN","GDP, PPP (current international $)","NY.GDP.MKTP.PP.CD","","","","","","","","","","","","","","","","","","","","","","","","","","","","","","","11420108532.2324","12918352553.5966","14296409913.8673","15433744800.0213","16212562710.6446","16842436097.5587","17850482352.879","19558135608.8485","21436812189.5595","22873184485.7757","24375848200.1826","25161478564.2492","26193558645.7348","28072109044.5371","31183787684.4341","34823289252.6116","39435653632.2709","45831593867.7511","51478329090.9217","52630716045.3921","56505646847.8788","64539438826.7988","73204937510.2047","83865270086.6805","94874168691.1328","107892257792.201","121987463752.078","137443278098.219","135303491283.502","140760298298.996","115991046944.318","134415382052","159893843948.226","177518292229.457","186806812931.674","",
"Peru","PER","GDP, PPP (current international $)","NY.GDP.MKTP.PP.CD","","","","","","","","","","","","","","","","","","","","","","","","","","","","","","","74116182040.6435","78323106649.1794","79674985253.5589","85840388307.6956","98464395693.3145","107979480320.648","113033978457.775","122430449958.28","123321655127.494","126936414120.21","133309382894.413","137153352638.529","146880640287.754","156018919945.834","168158161161.481","184330906997.207","204321436688.053","227733468343.031","253305933870.216","257661182883.791","282522933755.975","306596257463.361","317877785320.222","336660846713.936","346866168556.312","353319959252.515","372451971818.884","394435327375.369","417164014966.504","440127331383.878","412561044537.264","506640152835.223","558007303167.352","575755500916.112","609160441707.41","",
"Philippines","PHL","GDP, PPP (current international $)","NY.GDP.MKTP.PP.CD","","","","","","","","","","","","","","","","","","","","","","","","","","","","","","","163922815842.441","168726841743.54","173292591054.998","181270865317.341","193238822445.555","206415565510.749","222512680268.272","238089227863.01","239527280450.731","251045919511.294","267983918581.132","282373530816.542","297418392710.962","318718479265.015","348789467139.567","377505058700.762","409835358908.747","448381089558.257","476875271356.607","486765839751.036","528817160215.178","560551170595.17","610496454569.407","650515526397.366","694071312888.333","726055887752.637","787994332750.166","840500711155.115","914882799585.1","988832200540.151","923366701020.759","1001824458376.1","1154612182082.28","1262175096006.69","1366276178143.49","",
"Palau","PLW","GDP, PPP (current international $)","NY.GDP.MKTP.PP.CD","","","","","","","","","","","","","","","","","","","","","","","","","","","","","","","146625980.246824","159020159.554863","152234717.122471","136674403.06205","149782980.770209","169592103.367393","190657491.637133","198406005.273817","204648509.098899","196337066.566346","195556252.187235","214648390.358269","228261912.543275","227815758.389015","242065581.482866","256857565.927175","265382583.14405","276177509.740072","266875061.393919","250969158.155434","247304762.199981","265259506.817967","274671273.005355","272216158.309351","291270719.629408","317256879.678388","324521387.575676","320457615.97236","323721433.826063","327873037.749793","309397980.355713","280625522.710811","305180272.945947","323167993.856817","","",
"Papua New Guinea","PNG","GDP, PPP (current international $)","NY.GDP.MKTP.PP.CD","","","","","","","","","","","","","","","","","","","","","","","","","","","","","","","6636625576.28958","7516082468.20741","8751992503.14565","10590266617.5402","11459111502.7577","11311837624.0928","12409769800.1452","12130888658.7903","11804858001.7678","12194053548.6049","12159159062.2461","12417865874.9028","12590800156.7602","13117239566.7217","13836515284.2341","15175777704.6925","16490093334.7225","18260499666.8031","18557148782.821","19941353582.512","22227994799.0017","22937846465.9927","24453122386.7706","25820522088.4781","29828194889.8498","32085428349.0734","34168434981.4146","36009673547.9047","36731754152.0914","39010933635.6234","38277259227.6824","39820324163.1154","45094122323.6713","48497108860.9418","51557168062.2333","",
"Poland","POL","GDP, PPP (current international $)","NY.GDP.MKTP.PP.CD","","","","","","","","","","","","","","","","","","","","","","","","","","","","","","","235719000394.878","226594213042.378","237586484688.806","252310389364.08","271337165506.028","297744188985.096","320980068302.137","346576007064.522","368103972319.811","389722131423.02","410178544436.386","427433163986.767","452696001489.058","471020367450.868","512140217752.982","531856746243.163","579933425506.751","641692333173.103","700460796974.123","736332308838.595","798552949934.859","868165962038.92","903168300515.319","929470019210.633","967768860680.126","1025181347854.76","1076820000427.04","1145711205425.05","1228297337147.81","1362291050579.99","1391432848266.15","1518447457166.84","1722431295218.79","1778349511630.98","1874118068301.56","",
"Pre-demographic dividend","PRE","GDP, PPP (current international $)","NY.GDP.MKTP.PP.CD","","","","","","","","","","","","","","","","","","","","","","","","","","","","","","","705076158624.027","735372533919.412","776962386320.421","799152842810.195","817091026641.498","858849999674.134","925246737786.918","1005839339864.28","1096128572285.67","1164570588442.36","1264488124671.43","1349380033951.16","1448937978645.33","1453690796422.27","1686591564896.02","1840483037158.7","2014258155076.24","2191315634601.95","2377736381572.65","2511352664202.56","2712189422633","2892595295450.55","3038317018261.22","3264898584641.23","3462742528825.55","3404513057272.42","3482244211961.47","3665415170629.19","3946466421018.44","4228183714618.92","4210436187337.14","4627080771016.35","5184447591253.86","5502070473783.16","5826982652366.14","",
"Puerto Rico (US)","PRI","GDP, PPP (current international $)","NY.GDP.MKTP.PP.CD","","","","","","","","","","","","","","","","","","","","","","","","","","","","","","","47430946914.862","50164929625.8275","53649844275.9235","57472364706.8802","61156651064.8944","65279254318.955","68012386127.6464","72561523613.7283","77435299156.7847","82763674410.1077","87407772672.0802","95018648280.3828","97379572652.2486","99355198887.8353","110952955186.363","112158144249.731","113987397204.442","115714247445.49","115768684481.803","114208485372.986","115118738812.708","117072536776.923","117437602455.976","117220284809.445","116122525954.824","114269131890.728","112229482734.795","108691833112.613","110917943635.114","119615939334.496","120954841139.023","132333844622.722","145960792688.495","152319144632.888","160958684251.002","",
"Korea, Dem. People's Rep.","PRK","GDP, PPP (current international $)","NY.GDP.MKTP.PP.CD","","","","","","","","","","","","","","","","","","","","","","","","","","","","","","","","","","","","","","","","","","","","","","","","","","","","","","","","","","","","","","","","","","",
"Portugal","PRT","GDP, PPP (current international $)","NY.GDP.MKTP.PP.CD","","","","","","","","","","","","","","","","","","","","","","","","","","","","","","","117599878142.3","126887518941.188","131193007266.518","131558423936.499","135664019420.444","144440354722.577","150174191166.055","159615541195.023","169553708903.317","181041025245.14","194305323124.877","202369272663.047","212108753260.396","218062175577.932","225146902330.314","238691088867.445","259661483655.241","271355033996.038","281542630016.914","279761661890.112","288561911698.88","282976747881.101","278393304900.247","292449626203.935","299181613079.32","306681988282.699","326173486566.704","339609538500.021","358872472764.768","389495112468.607","370352154969.925","400564219793.068","472153678220.982","522062916868.827","552699920347.757","",
"Paraguay","PRY","GDP, PPP (current international $)","NY.GDP.MKTP.PP.CD","","","","","","","","","","","","","","","","","","","","","","","","","","","","","","","22748650543.6594","24339602474.898","25316579876.5956","27196004791.5045","29253835143.1595","31904979127.0223","33000392552.0181","34993657196.5867","35411015358.266","35421527840.5473","35385622740.1448","35880616249.8996","36430399732.6819","38754792317.4966","41411671091.0596","43621331541.4039","47128136568.1165","51029293968.6012","55391362985.4955","55587466545.7344","62505525104.528","66529576563.4509","64597743085.5112","72608983989.678","76522545296.8203","78091620933.4365","83295458687.9388","88597623578.6939","90877352659.2404","92185455052.45","94492100805.0164","102977624582.577","110513599071.132","120213942441.32","128353419878.209","",
"West Bank and Gaza","PSE","GDP, PPP (current international $)","NY.GDP.MKTP.PP.CD","","","","","","","","","","","","","","","","","","","","","","","","","","","","","","","","","","","5208478031.09636","5696188858.11225","5870921582.33476","6848137832.65206","7917753208.94114","8694711885.09873","8130931296.07897","7539890005.70938","6700816640.14738","7790816730.6765","9754347362.27804","11196051508.0912","11426303733.8636","12180459701.5079","13337485311.5671","14572973198.8845","15602241930.3867","17452978799.9046","20754291213.588","21557010047.8386","22459712716.3974","24638355542.6155","26474303888.9446","27203915977.4344","28400606241.965","30494072108.7083","28609644862.7012","27878126229.8832","31085036506.3256","30736464884.9718","23119472384.4172","",
"Pacific island small states","PSS","GDP, PPP (current international $)","NY.GDP.MKTP.PP.CD","","","","","","","","","","","","","","","","","","","","","","","","","","","","","","","4942012091.63595","5051975221.75731","5426543336.22781","5662649832.19072","6055718523.72675","6428591059.69015","6768762628.64767","6781960631.35571","6954577449.00283","7423247397.76842","7479357631.27803","7741916003.62924","8049636686.58686","8347149476.15636","8933454150.56226","9400639734.37367","9901813502.20227","10155776220.0062","10534883714.612","10514766045.7189","11017842981.9027","11652869237.2299","12268716537.6996","13031399826.5043","14739645793.6684","15899125254.4857","16464772679.7812","17450360425.2355","18018929306.7989","18271005018.0185","16101408530.1891","15963826939.95","18928892285.2429","21123906895.9901","22364986717.2408","",
"Post-demographic dividend","PST","GDP, PPP (current international $)","NY.GDP.MKTP.PP.CD","","","","","","","","","","","","","","","","","","","","","","","","","","","","","","","17385128998896.5","18148105357487.6","18888225775094.8","19522561091416.8","20517678927880.8","21503897977539.8","22534402894513.3","23652445389291.4","24572636915474.6","25774937958735.1","27545549414146","28675620420884.6","29809562997076.5","30944680824384.2","32794726784296.3","34578682473217.1","37015877347345.3","39078066827036.8","40320409543200.3","39403834738480.3","41034107993631.8","42718202458170","44031900663464.6","45877657253483.5","47321145703372.8","48763690320317.2","50659215474456.5","52890713077215.2","55336216060057.1","58193047521965.5","57339505226868.9","62876649116795","69645123507656.3","73643939133629.7","76820635513633.3","",
"French Polynesia","PYF","GDP, PPP (current international $)","NY.GDP.MKTP.PP.CD","","","","","","","","","","","","","","","","","","","","","","","","","","","","","","","","","","","","","","","","","","","","","","","","","","","","","","","","","","","","","","","","","","",
"Qatar","QAT","GDP, PPP (current international $)","NY.GDP.MKTP.PP.CD","","","","","","","","","","","","","","","","","","","","","","","","","","","","","","","24499649097.1222","24907167744.0054","28361191221.0703","28648710934.918","29675537768.4974","31024655736.6367","32974478138.1771","43610076140.4327","49047642374.2456","51872681726.7062","57306435052.1198","60881010848.9056","66267614497.6624","70089743013.0214","85807239206.1457","95128604089.8116","123725337484.365","149933077551.306","179815626784.446","202557066631.235","245186340177.559","283715632113.242","311656966207.904","324265698940.289","319295719441.258","240424621600.611","222778337439.487","252948534138.749","283965491001.96","283662403184.947","229537740942.956","292655290700.514","326640816063.216","343605201617.812","360218045926.174","",
"Romania","ROU","GDP, PPP (current international $)","NY.GDP.MKTP.PP.CD","","","","","","","","","","","","","","","","","","","","","","","","","","","","","","","122511340065.782","110292954669.715","102916378260.52","106966547015.048","113546161934.727","123153186072.51","129961409130.027","125498198683.214","124795700958.992","125763626212.343","131293285282.605","144297978445.122","155640197342.73","163089310558.235","192836580953.668","204714267618.707","244874382516.461","286154360399.339","344667306031.988","338931179606.451","351377862887.745","378851454642.483","397301502956.04","393241326907.177","410781813175.931","428504013100.068","470986128051.677","527784792186.077","572198923426.694","647503652902.073","658752826975.741","717730343973.289","799641992861.802","876458181420.783","934996619902.926","",
"Russian Federation","RUS","GDP, PPP (current international $)","NY.GDP.MKTP.PP.CD","","","","","","","","","","","","","","","","","","","","","","","","","","","","","","","1187867177261.01","1166060239247.23","1019330664884.02","953036577987.916","851033580153.243","832874933680.043","817526684921.467","843109809492.514","807029157570.942","870676186417.134","1000581025238.43","1074585972513.87","1167897269467.94","1338656016289.8","1473342751130.22","1696729209914.69","2133189651004.95","2377454045310.01","2878201315078.6","2768599517953.77","2927003701123.47","3259319197327.18","3480299219245.86","3741783381914.27","3763534951277.15","3526235948513.73","3538975998887.58","3807101264909.25","4231842328030.95","4579553861372.4","4651428694918.23","5688268314339.54","6006312352159.35","6476475754986.43","6921249292202.15","",
"Rwanda","RWA","GDP, PPP (current international $)","NY.GDP.MKTP.PP.CD","","","","","","","","","","","","","","","","","","","","","","","","","","","","","","","4047688796.92629","4079357918.08343","4417349465.28964","4155375490.21931","2111522282.59588","2915153009.22621","3346881456.15382","3876124899.07635","4266919480.36244","4515619866.12742","5004467698.10714","5551320709.32467","6381302687.72686","6650605420.44309","7338080449.46763","8277897287.50844","9320536566.8454","10303793752.125","11674507626.4737","12480466164.1991","13558663650.0134","14939706886.5951","15752362606.6545","16775811479.3717","19065160590.414","20727872754.8486","22245840208.4371","24012956927.8089","26543175894.3984","29845483474.6833","29854116562.1372","36505744034.3984","42300132773.9933","47437550805.895","52904129982.2052","",
"South Asia","SAS","GDP, PPP (current international $)","NY.GDP.MKTP.PP.CD","","","","","","","","","","","","","","","","","","","","","","","","","","","","","","","1212849374423.83","1272145864414.56","1371682596940.08","1471712125623.4","1599306507541.72","1751009970242.69","1910251281990.85","2024482733109.51","2170254271582.27","2383398968887.88","2536238962188.65","2713312134096.79","2859422426235.99","3134733990230","3463451635967.97","3846944826788.15","4278913326921.49","4726672615352.24","4982872718282.8","5387862973103.08","5902051664029.35","6350195643846.02","6991737617738.16","7392882711003.23","7777889469633.1","8229844817153.44","8909236847190.46","9557427265644.88","10566336307781.6","11379996636970.3","11298025991067.3","13103387829233.9","15045670980347.2","16919009794946","18407131700460.1","",
"Saudi Arabia","SAU","GDP, PPP (current international $)","NY.GDP.MKTP.PP.CD","","","","","","","","","","","","","","","","","","","","","","","","","","","","","","","491751214273.102","550174174763.123","588487320628.641","604724651539.865","623522590556.557","638580237517.298","671760534934.226","701435012452.797","729206147066.695","734841024406.312","786942754646.19","807435076751.79","814337895575.883","903232412156.685","1007575521714.99","1100945029585.29","1172500995055.72","1230925383660.42","1332906137936.23","1326821212086.66","1410623854443.92","1609021434441.12","1701855662189.08","1718292769472.73","1771539691265.8","1608022150954.67","1545761853587.76","1645531261860.11","1792988810566.04","1790607498345.21","1499327559869.91","1929888259783.05","2315588932554.49","2411929204431.52","2519570644557.09","",
"Sudan","SDN","GDP, PPP (current international $)","NY.GDP.MKTP.PP.CD","","","","","","","","","","","","","","","","","","","","","","","","","","","","","","","39282199947.6431","43660879338.9877","47593246916.681","50947318273.8448","52558737453.4486","56878813964.0924","61348495374.2324","73834691685.0222","77881417319.3581","81435239642.8928","88564739249.0336","96445600317.7709","103827359884.418","112535655148.557","121502742732.612","132384431093.173","145380169265.989","157882741887.181","167115045790.856","163492001090.788","171863473858.078","169772374359.292","136998908640.888","140750771539.855","165409530125.751","168783439920.87","184446367323.917","181639236414.642","185735342775.64","178285831253.721","156677404687.453","156168260027.791","165699797555.15","121136486067.806","106740734179.302","",
"Senegal","SEN","GDP, PPP (current international $)","NY.GDP.MKTP.PP.CD","","","","","","","","","","","","","","","","","","","","","","","","","","","","","","","11681748026.0262","12398041146.3121","12847987579.7314","13331428997.512","13609610967.8949","14654819908.6086","15224558681.9116","15958773498.3803","17090032848.8921","18420888625.311","19570436636.2383","20873751077.3476","21212690441.3542","22841550966.6433","24544901105.2273","26405610456.2947","27854350284.0448","29417807069.8791","31094983347.2252","32147815840.6992","33641848599.7654","34793989168.2758","36793686306.646","37962162529.6039","40387333256.6553","43696523920.8699","46623906157.9398","50051751949.2583","53794440219.2467","59654664271.8226","63008586953.5983","71874343647.3324","79963390334.37","86367675226.1367","93817059650.5868","",
"Singapore","SGP","GDP, PPP (current international $)","NY.GDP.MKTP.PP.CD","","","","","","","","","","","","","","","","","","","","","","","","","","","","","","","72567935287.6421","80039818619.3695","87299407293.3142","99610026324.2282","113025308153","123675157845.667","135348780539.884","149132789364.437","147504597165.021","158146154734.85","176346004851.501","178385824943.607","188265410325.5","200714210204.552","226599047614.941","250919344759.03","281953944534.812","315718477176.864","327798172582.134","330241984295.075","382788414439.613","414966621180.859","436192127374.617","448607292111.358","462493850769.64","482409671479.023","504104924057.74","537340573560.544","586215721477.775","600787105909.488","577213563024.154","723237492898.215","806629380658.055","850875741862.077","909690217412.881","",
"Solomon Islands","SLB","GDP, PPP (current international $)","NY.GDP.MKTP.PP.CD","","","","","","","","","","","","","","","","","","","","","","","","","","","","","","","419688663.337581","459914653.378764","530135650.923497","564409648.89226","623154255.971646","700405634.17844","724710730.924136","730469340.250908","748218961.659958","755121235.388475","661975473.019773","623024344.490683","614990446.729638","668043060.835636","738717664.10831","817947160.031432","878055524.778987","934669061.864145","1011990225.52222","1047402938.45425","1163051317.65436","1275246702.09661","1331026028.2193","1424576693.36425","1466627190.26233","1505043743.13915","1603745352.18375","1682671122.00783","1768481412.63173","1829115370.48702","1790752276.59003","1868248888.06751","1949718308.05768","2077263896.84064","2191267088.70967","",
"Sierra Leone","SLE","GDP, PPP (current international $)","NY.GDP.MKTP.PP.CD","","","","","","","","","","","","","","","","","","","","","","","","","","","","","","","5800107037.34638","6137285329.81654","5083677184.67325","5275710858.87423","5283425681.37859","4962679785.07185","5142164702.60865","4923418040.01229","5067621957.57517","5037611630.64494","5494453626.75787","5261673093.57223","6760740246.13004","7548040799.73379","8253190495.3594","8882533936.08072","9548637953.60345","10175086579.955","10753417038.6619","10985371002.627","11825553291.1596","13047238199.0292","15180106235.0926","18132893193.6871","18992888503.1033","18016747683.9373","18985500633.4743","18458970768.5457","19947639782.9398","20907754892.6924","21514821775.5271","23064667140.0586","26021987468.2999","28497688698.5533","30439844906.4775","",
"El Salvador","SLV","GDP, PPP (current international $)","NY.GDP.MKTP.PP.CD","","","","","","","","","","","","","","","","","","","","","","","","","","","","","","","15423444436.6784","16183269031.9122","17714341895.7591","19189336027.4354","20518666721.9317","21940616241.3864","22523596496.1984","23630976029.2199","24530359386.7219","25415347725.8356","26284209878.3362","27112454179.2006","27966864177.2524","28965452811.1664","30008906876.3667","31779534671.1116","34180345452.5987","35755005601.732","37229049247.6601","36668754238.1559","37913901081.5744","40156336831.7232","41014930721.7797","43540259025.7112","46245033584.1948","49059658944.8194","52431584608.9046","55705683541.0245","57245624328.4326","60709614751.3463","58560345367.2006","67623210509.8633","74584847418.3675","80003362561.6454","84069963659.7839","",
"San Marino","SMR","GDP, PPP (current international $)","NY.GDP.MKTP.PP.CD","","","","","","","","","","","","","","","","","","","","","","","","","","","","","","","","","","","","","","1146203066.27822","1245617705.53978","1377559955.21979","1439466701.9155","1553985487.89759","1583039185.75676","1676814405.39186","1800232207.27163","1901704090.05078","2035432564.89852","2239203606.92984","2270913390.01327","2049094350.39843","1960472690.11422","1834547471.48532","1716096717.85314","1677503706.60645","1727750657.70467","1718776395.90592","1755447197.83168","1774575169.31538","1880099391.17672","1991185509.31366","1919532829.45196","2217650250.23726","2563404991.87884","2666320304.83155","","",
"Somalia, Fed. Rep.","SOM","GDP, PPP (current international $)","NY.GDP.MKTP.PP.CD","","","","","","","","","","","","","","","","","","","","","","","","","","","","","","","","3196142639.55088","2991496641.66287","3184613046.86225","2672117737.07936","2837012927.73996","3121397463.88484","3212707603.11132","3462797042.14564","3768802847.65428","4128217444.10788","4521310704.14659","4941920819.23827","5424016437.43523","5965908467.32787","6590462096.4815","7234365833.0988","7927778185.58358","8621462134.45074","9255348422.64249","9994942776.09877","10884050227.9368","12497699432.2334","12154103352.6435","15043200412.4411","18520522054.2121","21071187605.581","23819083389.0575","23974962229.0084","24820311698.3044","24215279554.9726","24047321167.4183","26462029863.7043","28558848164.1726","30451988233.1033","",
"Serbia","SRB","GDP, PPP (current international $)","NY.GDP.MKTP.PP.CD","","","","","","","","","","","","","","","","","","","","","","","","","","","","","","","","","","","","38310384172.4377","41416817317.4609","45894683515.495","48890022713.8272","44462286315.3345","48222659505.6343","51043967333.7203","56720502810.7317","60016347067.575","65042235465.3607","69925394061.5654","77549744224.9377","86256617683.5744","96453310769.8579","95448508120.4656","97122133413.2341","103469686199.776","104466628414.683","109267947688.148","109088872730.884","110306939550.657","116147696203.22","121358530021.656","128961871215.555","142984209747.701","144971688280.551","159966992905.688","174227543413.718","197217825917.272","216248341373.283","",
"Sub-Saharan Africa (excluding high income)","SSA","GDP, PPP (current international $)","NY.GDP.MKTP.PP.CD","","","","","","","","","","","","","","","","","","","","","","","","","","","","","","","1002333078233.06","1044411632550.47","1070002012543.13","1084580376009.86","1117457213329.8","1176946037885.29","1258844242309.92","1335445929450.08","1387467818870.55","1437466095049.6","1522144981514.22","1624069482974.59","1762350663615.12","1878223459377.31","2057609198122.77","2247051777221.88","2453848130301.85","2671940391369.12","2864742300274.7","2977414497364.53","3194596722455.28","3403003003104.54","3497340005289.77","3740735273152.99","4006410636197.98","4091780563122.8","4196793909042.01","4449053646358.91","4551867434884.02","4848025803791.13","4855253048631.56","5318537465233.54","5930686250234.24","6301964340929.96","6684358046570.14","",
"South Sudan","SSD","GDP, PPP (current international $)","NY.GDP.MKTP.PP.CD","","","","","","","","","","","","","","","","","","","","","","","","","","","","","","","","","","","","","","","","","","","","","","","","","25459846093.883","26908388739.2192","28731556887.2399","27963579014.1695","15245740378.7431","21404113972.9807","15423015948.6817","12827976279.3273","","","","","","","","","","",
"Sub-Saharan Africa","SSF","GDP, PPP (current international $)","NY.GDP.MKTP.PP.CD","","","","","","","","","","","","","","","","","","","","","","","","","","","","","","","1022768752750.92","1064069484245.47","1088448545343.15","1105936832941.89","1139925056542.23","1201252006665.27","1286670251348.5","1364720300069.21","1416091672588.7","1467966668454.82","1555218158949.1","1660578955119.88","1799965794953.53","1915678703266.62","2101122552465.07","2297227369601.61","2511180901636.19","2737563552177.43","2938650001105.29","3058137257952.45","3286423155296.04","3507170785810.72","3612232536091.56","3866072685454.13","4158816420683.32","4263754918769.57","4397882394567.07","4672022090684.31","4791265786660.75","5111175894073.53","5144904712648.08","5638088444094.78","6291486213359.7","6700275563886.27","7123238771366.81","",
"Small states","SST","GDP, PPP (current international $)","NY.GDP.MKTP.PP.CD","","","","","","","","","","","","","","","","","","","","","","","","","","","","","","","94812967990.015","98439503722.6889","100513098142.42","103586883050.292","109034751020.028","115576888930.803","121632529181.382","130563381745.913","135713865016.356","142166678877.731","152671383497.85","161284094539.842","170771059361.134","183158196911.387","196300109785.562","210085579908.076","232630777733.945","251118956356.797","262470686360.689","256651653387.753","266505055407.394","280555477410.555","290227308880.315","297872142370.041","308698594856.9","309747746105.679","322123964539.396","343933369214.007","363086609270.46","391705197247.078","370422252703.48","417137737301.724","483977108080.563","529180344868.543","577862283776.224","",
"Sao Tome and Principe","STP","GDP, PPP (current international $)","NY.GDP.MKTP.PP.CD","","","","","","","","","","","","","","","","","","","","","","","","","","","","","","","185010526.618417","193564361.916908","199361233.722547","206331693.852456","215373508.524696","224287008.239663","231819075.3717","238166165.569073","246863874.920261","256616187.662463","263605693.710886","277801323.03047","291598047.849038","322010367.88493","342368284.965889","376459531.150897","422475544.05156","449722627.808042","486939448.043886","506122665.925758","519693559.688637","541020702.680323","502558706.006143","568963141.090766","636217933.350876","635224720.801456","676154316.181896","711213101.655078","828353862.937865","993443247.544168","1118602098.8079","1272434617.36875","1365452217.67886","1419852369.84082","1470181828.88543","",
"Suriname","SUR","GDP, PPP (current international $)","NY.GDP.MKTP.PP.CD","","","","","","","","","","","","","","","","","","","","","","","","","","","","","","","2678193505.5522","2843521586.82893","2919954587.74461","2788892862.96873","2945288230.75423","3007041750.03764","3092714578.008","3325371427.87637","3440087304.71617","3439925148.29931","3591720896.43492","3826844332.47182","3995130087.71496","4330668916.7416","4825129979.64054","5200358636.26088","5671305389.2406","6122697611.01588","6499240326.10661","6736401999.72809","7170692978.31323","7746725931.88615","8543540170.86024","9202587589.4457","9549802477.86613","9622189492.37402","8507962995.52901","10430160138.1193","10704591610.3525","11976970718.446","10376871438.022","11405269573.3629","12512408102.7077","13275907992.2927","13830929890.7189","",
"Slovak Republic","SVK","GDP, PPP (current international $)","NY.GDP.MKTP.PP.CD","","","","","","","","","","","","","","","","","","","","","","","","","","","","","","","45776539312.218","40427619425.2965","38569643992.3713","40308349716.1102","43723712643.8825","47248999707.4616","51044629521.2858","54570885556.0119","57497499104.1407","57875786297.0919","61269701225.1223","66522272442.5907","71468766178.7321","75701495443.4988","81475373218.9291","89028795055.9132","101581452197.333","114115427268.918","127563859479.374","124304090741.495","136843668612.662","141446569656.423","146127789163.241","151983350436.957","157726426211.136","163516700301.903","162206967889.124","164513828512.121","171626766869.264","185362871936.432","192849134106.197","208880643198.039","225755290188.508","249488622901.674","260976957698.998","",
"Slovenia","SVN","GDP, PPP (current international $)","NY.GDP.MKTP.PP.CD","","","","","","","","","","","","","","","","","","","","","","","","","","","","","","","26957486836.5511","25388586620.0466","24548214024.9134","25844611479.3664","27802732204.0111","27136265130.1566","28406237043.2489","30299502919.7433","31693191922.4161","33725135986.596","35585022008.0205","37377961218.0849","39899174675.888","41741872075.1396","45108071650.7675","47375967613.7248","51317755982.5325","55433853501.4161","59549872276.1045","55537410273.7783","56498748591.4798","58948688238.2166","59218840691.9658","61044782666.8722","63038801633.1833","64663229172.6161","69334151784.9407","74761997302.4595","80094210481.808","88491661031.4007","87812276776.0687","96790459870.841","110561074122.787","118881732163.438","121658286418.111","",
"Sweden","SWE","GDP, PPP (current international $)","NY.GDP.MKTP.PP.CD","","","","","","","","","","","","","","","","","","","","","","","","","","","","","","","174235984466.333","178064077119.121","180011849149.764","180472234646.606","191727727075.185","203761838307.078","211757525388.194","219531290447.093","229214261203.644","243559999570.165","262935932896.48","266398686724.57","276560060890.271","284759968912.159","304025030327.207","308796792803.43","342077831217.636","373359300461.177","386364552808.263","372814928787.62","393426015562.541","418907440738.07","430342211368.346","442560499744.059","454179386100.656","477926581671.473","499029649583.467","517711152885.815","540532181742.57","586373975348.365","595211778250.693","653401537327.892","703418659604.511","729412335215.258","759379823414.092","",
"Eswatini","SWZ","GDP, PPP (current international $)","NY.GDP.MKTP.PP.CD","","","","","","","","","","","","","","","","","","","","","","","","","","","","","","","2793330714.77141","2938631974.93583","3102565952.95181","3274760344.34027","3424978495.52878","3665532494.2932","3876049794.37971","4065230455.43851","4217968118.75172","4403884816.12094","4582913301.45033","4752284144.38194","5023458030.14425","5355135729.7333","5698050476.73967","6228859363.67344","6853000520.99895","7342576011.55501","7591857830.8144","7748153777.38662","8142240328.73871","8463109858.28999","8721539668.10442","9301118767.86387","9505985731.71684","9589423949.44562","9752556676.96278","9942306087.53805","9977108180.87457","10911854750.6501","11127332067.0674","12054388840.8388","12963660617.0597","13904573982.9855","14664308920.8823","",
"Sint Maarten (Dutch part)","SXM","GDP, PPP (current international $)","NY.GDP.MKTP.PP.CD","","","","","","","","","","","","","","","","","","","","","","","","","","","","","","","","","","","","","","","","","","","","","","","","","","1220883869.30056","1275264093.5472","1361446644.96573","1244034957.24634","1297132717.26644","1595754082.34087","1670741627.98452","1715280492.62225","1734514654.41279","1654131914.00095","1846228425.4425","1595272169.0693","1683919292.28275","2054726381.24626","2209552689.84523","2330871298.05444","",
"Seychelles","SYC","GDP, PPP (current international $)","NY.GDP.MKTP.PP.CD","","","","","","","","","","","","","","","","","","","","","","","","","","","","","","","622431372.600918","661243641.007752","724824607.692736","796196703.924782","793382976.873397","813946629.758746","911715858.822974","1040526382.28569","1078183419.92944","1113910040.38092","1187592257.38226","1186753668.67212","1219812767.94077","1170665972.04997","1167879581.23032","1312972127.14609","1480770423.74559","1655883380.29255","1641779267.1996","1610948498.79379","1703983497.04141","1904526849.5446","1965962288.1898","2022705629.98449","2282561394.46641","2376133656.96414","2727776636.94028","2939950358.56908","3105218260.84621","3340635866.25777","3057830378.36233","2975737695.0276","3593088408.93978","3806479822.17321","4033634641.49159","",
"Syrian Arab Republic","SYR","GDP, PPP (current international $)","NY.GDP.MKTP.PP.CD","","","","","","","","","","","","","","","","","","","","","","","","","","","","","","","","","","","","","","","","","","","","","","","","","","","","","","","","","","62769892394.0055","67658923201.3911","71281640286.0085","78675556558.0617","99337766654.2033","107199859817.267","","","",
"Turks and Caicos Islands","TCA","GDP, PPP (current international $)","NY.GDP.MKTP.PP.CD","","","","","","","","","","","","","","","","","","","","","","","","","","","","","","","","","","","","","","","","","","","","","","","","840706881.700063","927787117.157563","751006112.681135","767619728.699636","819656166.207328","758533705.328941","805373139.952771","895397560.259655","1006075300.03016","1141042868.1947","1201275732.35407","1294624143.60061","1345630111.63417","866859707.740014","1133630688.91659","1385534118.5613","1632486730.74219","1766207429.49504","",
"Chad","TCD","GDP, PPP (current international $)","NY.GDP.MKTP.PP.CD","","","","","","","","","","","","","","","","","","","","","","","","","","","","","","","5782972638.53288","6488818610.73018","7167720273.66245","6184890613.58622","6957292454.00429","7190999344.89245","7484807712.87967","8044321796.532","8700221362.04504","8763087847.97368","8882755494.10165","10141648881.9042","11173780453.739","13071829616.0072","17937528351.5441","21706461719.8409","22254390810.3463","23817367026.0156","25024256279.4901","24824015201.3376","28561342719.1308","30461038960.1658","32170419375.9758","28891559089.8221","30267066736.3152","34824885498.1589","32044391367.1726","32763179281.538","35993735511.6899","39237861358.9549","37652981933.4921","43413141699.6577","48428925012.9731","52168438353.4137","55673582980.8728","",
"East Asia & Pacific (IDA & IBRD countries)","TEA","GDP, PPP (current international $)","NY.GDP.MKTP.PP.CD","","","","","","","","","","","","","","","","","","","","","","","","","","","","","","","2344593623636.26","2611358185866.15","2945128650090.6","3328385737469.53","3747333980677.06","4193236990435.59","4646182342895.13","5045376980625.71","5147782557134.74","5527134852307.69","6070470888175.41","6608715499120.72","7229090427997.24","8002641260802.66","8934097135996.88","10085622502218.6","11474524615514.4","13162395151350.1","14518962390364.9","15693617987027.8","17399867699600","19213623529464.1","21085827292552.9","22592636743764","23951953281088.8","24942662351364","26362176123646.7","28118590916999.2","30607966020549.4","33086050558706.9","33936631769996.4","38194519217111.3","42460654856038.5","46255292640395.3","49714910545182.5","",
"Europe & Central Asia (IDA & IBRD countries)","TEC","GDP, PPP (current international $)","NY.GDP.MKTP.PP.CD","","","","","","","","","","","","","","","","","","","","","","","","","","","","","","","2975944289013.49","2897392668132.87","2706547157346.44","2646516242696.22","2456061819553.59","2498771152200.41","2557184936553.63","2683219672717.59","2523893807423.2","2612861701308.01","2891630802891.41","3053310149930.27","3267389449675.66","3576370744622.03","3991076792219.42","4437742146802.86","5252760751616.32","5869500773104.01","6709383981405.54","6565306630937.66","7053003093295.08","7794318124994.17","8273267107889.8","8882680046191.9","9123441046141.89","9070679634524.03","9375490550790.21","10060065065789.1","10826117396534.8","11735711079176.2","11958180461717.4","13840932235374.9","15218035594729.7","16416177777045.9","17533852061431.2","",
"Togo","TGO","GDP, PPP (current international $)","NY.GDP.MKTP.PP.CD","","","","","","","","","","","","","","","","","","","","","","","","","","","","","","","4439301231.98185","4557305505.59063","4475613684.54511","3890054699.03305","4568383650.03722","5030111257.96553","5574809250.44038","6486276956.09158","6408321087.00056","6660294271.27246","6757798862.91807","6966862856.30218","7345865960.24024","7994297556.20796","8128929929.07705","7992595213.20694","8457420139.93231","8584474617.1117","9102983528.63815","9658650556.09528","10348352347.0975","11176893782.796","11682932568.5144","12497161169.3217","13473934096.2236","14404265141.0156","15189492245.2958","15997662738.6373","17071442753.291","18743149552.5964","20669188622.0661","23428363747.2408","26678505315.8771","29349910406.5856","32023127975.1544","",
"Thailand","THA","GDP, PPP (current international $)","NY.GDP.MKTP.PP.CD","","","","","","","","","","","","","","","","","","","","","","","","","","","","","","","243614094304.347","273406869899.092","302241591508.015","334937597122.94","369446135469.444","407821471853.314","438759554266.087","434035819911.442","405406964960.849","429942634399.209","459270578997.915","485786532524.361","523671014978.533","572401201883.642","624761920445.432","671334138606.991","726416076225.396","786648045500.206","815641200192.586","815004207911.254","886887468620.454","912789677004.354","1014923127426.43","1062759710029.05","1078896775480.04","1113921789913.93","1181322173179.74","1250522147488.09","1347310632514.94","1427827121310.44","1372918881143.84","1451959884645.39","1595614286791.42","1686384776706.79","1771064607709","",
"Tajikistan","TJK","GDP, PPP (current international $)","NY.GDP.MKTP.PP.CD","","","","","","","","","","","","","","","","","","","","","","","","","","","","","","","13943620063.4198","13391690260.6197","9724775693.14672","8322617829.23324","6689753766.82771","5981980136.80222","5074216353.9164","5248470243.22232","5589434109.03505","5878240231.49315","6511801775.93701","7296360377.61162","8209998212.67869","9293019173.13866","10525836908.176","11583212853.0447","12776250025.3119","14145938228.5982","15557549805.2658","16263992676.7335","17531653706.3314","19217458989.9627","21470286380.6837","23981005942.072","26555018899.7668","25719495030.4775","25833179135.519","27412327692.495","28565171550.94","32973431253.3471","35623586501.7738","39727222945.4623","45964333259.2586","51570629197.8085","57254340774.0345","",
"Turkmenistan","TKM","GDP, PPP (current international $)","NY.GDP.MKTP.PP.CD","","","","","","","","","","","","","","","","","","","","","","","","","","","","","","","20008209350.2033","19732257487.8342","17161502422.427","17831810093.0815","15061808082.8577","14270413260.2379","15505291740.8858","13974587734.9283","15134990046.562","17881777155.1443","19286953004.5509","20577895419.2653","20951419438.6908","22063453785.708","23789689667.2872","27733583832.6714","31725984088.6731","36189253577.8937","42308833205.7908","45166542919.474","49921266918.3145","58441023273.0774","64099926378.1677","69625757915.0254","75798477556.9655","79032357701.4529","82167730668.8496","86403378533.5301","95629644637.5132","105309565740.432","104880701502.71","116551626881.618","132602544199.709","146028887635.91","158981432475.916","",
"Latin America & the Caribbean (IDA & IBRD countries)","TLA","GDP, PPP (current international $)","NY.GDP.MKTP.PP.CD","","","","","","","","","","","","","","","","","","","","","","","","","","","","","","","2672590662286.68","2868451572703.75","3023240397931.91","3163210761498.51","3383513913935.33","3501309945555.59","3692964700827.55","3960645430137.77","4109018714022.55","4165809571046.17","4419434486837.44","4546635340676.9","4621937422250.94","4804035633151.84","5235286187663.79","5649879651800.11","6221924884288.63","6749671294862.3","7181458595192.71","7129102545149.79","7658949412645.73","8266178206544.95","8543899496597.58","8926018932743.65","9211258972897.01","9176318394306.51","9428504185341.31","9921755519903.27","10442117482820","10786532917799.7","10447239729668.4","11794240182051.9","13229133691918.7","14122316776925.5","14871179229427.7","",
"Timor-Leste","TLS","GDP, PPP (current international $)","NY.GDP.MKTP.PP.CD","","","","","","","","","","","","","","","","","","","","","","","","","","","","","","","521048763.539558","596384226.961697","673775404.846231","760133039.765457","831662497.380849","905830479.108797","996042902.569829","1053747849.07893","1044278788.65319","683595131.15201","1105092219.1901","1314700373.96801","1245667712.42552","1242540621.14631","1281057441.43534","1360657553.93985","1344884952.53666","1523119227.41517","1729365761.70536","1916592373.66335","2120904746.88288","2293643870.12947","2707989932.90248","2973246993.59601","3380077802.05863","3745031166.19681","4164913949.20381","4334794426.70853","4544057140.37793","5927904534.77821","8131467055.83302","9214760627.89325","7845802530.68223","6654016143.81996","6194712083.30184","",
"Middle East, North Africa, Afghanistan & Pakistan (IDA & IBRD)","TMN","GDP, PPP (current international $)","NY.GDP.MKTP.PP.CD","","","","","","","","","","","","","","","","","","","","","","","","","","","","","","","1346543006021.15","1491963833227.12","1598435594124.21","1656740069610.22","1721236475980.47","1807548162700.02","1949492010535.12","2047827532119.87","2182210985043","2310731796678","2507570936046.83","2637837452064.72","2772516225737.22","2901137549001.92","3210597888615.27","3467990452959.18","3768973966302.59","4099865418764.84","4310215708165.91","4448422014144.18","4718859014922.43","4834601871980.65","5035936692160.61","5118445328546.21","5146413744718.96","5039345298152.06","5191653709467.54","5496002180973.77","5817917114929.83","5933843888012.11","6128288969770.13","6603521073380.81","7403130986813.53","7894797739359","8300399874066.72","",
"Tonga","TON","GDP, PPP (current international $)","NY.GDP.MKTP.PP.CD","","","","","","","","","","","","","","","","","","","","","","","","","","","","","","","240850946.299376","264969053.213627","271690178.343793","288526783.531902","309281859.087033","335432982.044333","341891354.487556","345698499.858097","357598159.906259","371008601.636435","393656191.969859","408527645.938931","433251935.788937","442034571.874097","444988336.917726","455922516.984036","459804185.596433","460623493.325429","492329331.639644","469957723.059784","479590457.709948","522298522.972838","536917937.651318","548206674.779766","568856643.572196","580530280.861873","624718712.136568","656269924.441325","674847675.721269","684029313.081714","705637944.783575","730958849.332373","766404375.42075","816135859.562002","","",
"South Asia (IDA & IBRD)","TSA","GDP, PPP (current international $)","NY.GDP.MKTP.PP.CD","","","","","","","","","","","","","","","","","","","","","","","","","","","","","","","1212849374423.83","1272145864414.56","1371682596940.08","1471712125623.4","1599306507541.72","1751009970242.69","1910251281990.85","2024482733109.51","2170254271582.27","2383398968887.88","2536238962188.65","2713312134096.79","2859422426235.99","3134733990230","3463451635967.97","3846944826788.15","4278913326921.49","4726672615352.24","4982872718282.8","5387862973103.08","5902051664029.35","6350195643846.02","6991737617738.16","7392882711003.23","7777889469633.1","8229844817153.44","8909236847190.46","9557427265644.88","10566336307781.6","11379996636970.3","11298025991067.3","13103387829233.9","15045670980347.2","16919009794946","18407131700460.1","",
"Sub-Saharan Africa (IDA & IBRD countries)","TSS","GDP, PPP (current international $)","NY.GDP.MKTP.PP.CD","","","","","","","","","","","","","","","","","","","","","","","","","","","","","","","1022768752750.92","1064069484245.48","1088448545343.15","1105936832941.89","1139925056542.23","1201252006665.27","1286670251348.5","1364720300069.21","1416091672588.7","1467966668454.81","1555218158949.11","1660578955119.88","1799965794953.53","1915678703266.62","2101122552465.07","2297227369601.61","2511180901636.19","2737563552177.42","2938650001105.29","3058137257952.45","3286423155296.04","3507170785810.72","3612232536091.56","3866072685454.13","4158816420683.32","4263754918769.57","4397882394567.07","4672022090684.31","4791265786660.75","5111175894073.53","5144904712648.07","5638088444094.78","6291486213359.7","6700275563886.26","7123238771366.8","",
"Trinidad and Tobago","TTO","GDP, PPP (current international $)","NY.GDP.MKTP.PP.CD","","","","","","","","","","","","","","","","","","","","","","","","","","","","","","","8612212473.27302","9180573278.63634","10337494266.1859","10511717212.5762","11119141565.1677","11784787156.132","12856714602.9172","14062292626.3647","15375674026.777","16844585171.4649","18414986312.3139","19614552541.2732","21500303544.3031","25090943424.7232","27814044184.8483","30467245569.9527","35555034981.247","38254469952.5593","40314012462.6137","38781259246.7827","40557013589.9624","41271904854.1059","42570297060.6539","42557597663.5023","43086668078.5492","40254443002.5198","38222733192.1134","38642681284.4242","38972468991.6189","39986318837.3395","36534412038.4497","41686067308.9332","45042689937.8251","47347803546.4476","49709503187.8169","",
"Tunisia","TUN","GDP, PPP (current international $)","NY.GDP.MKTP.PP.CD","","","","","","","","","","","","","","","","","","","","","","","","","","","","","","","31464019085.5177","33798146188.0168","37266668916.0142","38985429953.528","41083421171.4021","42931216044.0875","46841251004.8175","50241559387.4468","53236655267.7688","57258903705.124","61313898053.8926","65074550336.3664","66959827913.5561","71492709892.8304","77993230437.0265","83243203695.8432","90310265369.8294","98980554529.7408","105163019449.886","109031969301.752","113635873878.191","113606614096.659","116862242696.596","118895810770.27","123418430878.511","122945411435.233","126742366551.333","131519908969.82","139320230402.965","148376650136.515","142707604074.227","149936984870.616","165047622634.437","171301324097.659","178275999157.021","",
"Turkiye","TUR","GDP, PPP (current international $)","NY.GDP.MKTP.PP.CD","","","","","","","","","","","","","","","","","","","","","","","","","","","","","","","459775621206.288","479904651240.02","520094224453.212","575315893249.728","555491675138.809","607932900163.851","658198701760.052","723671997543.486","558488379221.505","547123825108.798","610149961993.933","597137455330.572","613794944279.164","642639794461.037","738011036962.8","818321750586.217","949488239171.487","1048943872210.09","1146894075526.16","1120911497659.77","1277520114146.55","1463485391067.47","1559091965238.24","1711440006671.06","1867225631776.81","2025080714730.59","2119160173385.16","2277149346739.11","2331530015986.67","2396162651371.03","2435610709000.62","2701595710002.02","3362154653488.2","3650773845907.95","3902987817630.99","",
"Tuvalu","TUV","GDP, PPP (current international $)","NY.GDP.MKTP.PP.CD","","","","","","","","","","","","","","","","","","","","","","","","","","","","","","","14743644.7417144","15792367.555293","16602704.8357854","17694928.462881","19931239.3098157","19330772.5946315","18511197.2116127","20714076.4187835","24193884.6635914","24152536.5864826","24788173.8816844","24884455.671846","28053935.5225242","26856121.0661838","27140394.8064054","27112989.4138317","28027173.7924934","30895743.1732363","33967419.606537","32240162.8942646","31259598.4054182","34236508.2824675","34665165.1969764","36052623.9876466","37552677.4294873","41393609.2914116","44057326.1998254","45940206.0596526","47645549.2917108","55123835.9255832","53265739.9121288","54568264.1071132","56566149.3258563","60378318.7776043","","",
"Tanzania","TZA","GDP, PPP (current international $)","NY.GDP.MKTP.PP.CD","","","","","","","","","","","","","","","","","","","","","","","","","","","","","","","23491355567.8617","24788987575.1693","25502040902.7438","26421314765.6775","27408503035.153","28982148611.615","30853910834.607","32492413241.2375","34076111627.8463","36239191742.8155","38735486575.7509","42012196526.7003","45691379981.6238","49702556051.3793","54868980890.2991","60820175034.8265","66791196428.0246","73244007996.3247","78900413702.286","83570043783.4841","89945449520.1172","98844247428.6534","95839768784.7191","103152549535.165","108559934988.865","116992999511.588","127160946763.025","133500817705.841","151987436389.558","171137212069.963","194561908147.279","212790081675.953","238369618090.938","259466130648.377","280425918025.025","",
"Uganda","UGA","GDP, PPP (current international $)","NY.GDP.MKTP.PP.CD","","","","","","","","","","","","","","","","","","","","","","","","","","","","","","","11699400048.7875","12766822405.8071","13504120522.723","14975256378.1675","16274444402.8539","18530332832.6031","20581449479.535","22004120914.1733","23342908774.7383","25579863870.6738","26981198607.2246","29018837888.2364","32043293153.7008","34791125984.3477","38158688982.7834","41847327034.6383","47790135007.3016","53214123604.0574","58962980523.9542","63361765399.2623","67747293893.5972","75638854428.333","69771843672.1953","72260074930.0597","77668413711.6786","82192547854.5883","84011710476.5525","86701094761.929","96102592476.7351","104978215231.617","112575267254.241","123267190675.87","138114236789.416","150720488734.493","163712758855.012","",
"Ukraine","UKR","GDP, PPP (current international $)","NY.GDP.MKTP.PP.CD","","","","","","","","","","","","","","","","","","","","","","","","","","","","","","","395118912162.224","372943233615.399","343679302114.722","301866380207.768","237708418150.415","213083947558.721","195286511646.659","192694502133.484","191157786933.021","193475131468.916","209531326339.562","233103262447.443","249365990564.603","278488976786.558","319709877735.402","339861133733.497","376867755295.552","418879809643.468","436529004077.399","372738819856.649","392706515347.88","422633627957.62","441412985744.166","502958216930.577","458591716288.241","431227247239.316","469908642632.233","496521669473.448","537198415902.321","604396090412.295","656105592902.923","746470597165.436","569710531654.787","622877549418.571","656527758178.686","",
"Upper middle income","UMC","GDP, PPP (current international $)","NY.GDP.MKTP.PP.CD","","","","","","","","","","","","","","","","","","","","","","","","","","","","","","","6690198821768.93","7182025430524.69","7646691297868.49","8162316263843.16","8694468919297.15","9273734968106.67","10009812424515.6","10761000458598.3","10914972674428","11420229834266.6","12402972218476.2","13131135695701.2","13978436548669.2","15054150206446","16684949880331","18445813026280.9","20673745959201.7","23182308564248.4","25160357951999.1","26201644805324.2","28739168539118.1","31351271811151.3","33480080307016.7","35499579771556.3","37097106280854.2","37755518022136.6","39481850913348.6","41877613430180.4","44883286370255.5","47655546182749","48291202389950.8","54542247612640.4","60744572498551.4","65828060246354.3","70263399638865.1","",
"Uruguay","URY","GDP, PPP (current international $)","NY.GDP.MKTP.PP.CD","","","","","","","","","","","","","","","","","","","","","","","","","","","","","","","20746904716.9909","22207548149.4151","24515177141.5908","25763211325.6363","28229269051.2617","28403934231.7004","30537308737.5568","33719153242.7786","35638967384.4507","35593573790.6503","35697346087.4916","35097988387.1678","32887458275.7678","33806826336.5553","36453161893.2765","40400855508.5102","43353676275.3724","47441059040.0868","51825143210.0126","54357551863.8989","59311443732.2357","63660006329.3378","65025051255.2609","69119276780.88","73395678328.8813","74664260125.477","77184684714.7372","79989594692.0731","82780785900.3077","87589105834.4946","87439329471.1228","99971136649.7861","111903244231.607","116790310507.257","123332335624.219","",
"United States","USA","GDP, PPP (current international $)","NY.GDP.MKTP.PP.CD","","","","","","","","","","","","","","","","","","","","","","","","","","","","","","","5963144000000","6158129000000","6520327000000","6858559000000","7287236000000","7639748999999.99","8073121999999.99","8577552000000","9062816999999.99","9631171999999.99","10250952000000","10581929000000","10929108000000","11456450000000","12217196000000","13039197000000","13815583000000","14474228000000","14769862000000","14478067000000","15048971000000","15599732000000","16253970000000","16880683000000","17608138000000","18295019000000","18804913000000","19612102000000","20656516000000","21539981999999.9","21354104999999.9","23681171000000","26006893000000","27720709000000","29184890000000.1","",
"Uzbekistan","UZB","GDP, PPP (current international $)","NY.GDP.MKTP.PP.CD","","","","","","","","","","","","","","","","","","","","","","","","","","","","","","","54532249435.0833","56099055199.4821","50951194214.7787","50959248251.6195","49340868194.8768","49922013963.1417","51700179965.4311","55326492239.4078","58354064034.9396","61724564045.3468","65543503196.7469","69809916551.1331","73711753798.0964","78348597178.3527","86448587262.8211","95355710317.7964","105620795244.455","118758873009.41","131976541330.994","143481425602.427","156258133784.147","171483146991.364","180491445533.307","190612221117.744","199766953604.239","209082432928.014","216467147312.947","248762687744.268","263156175277.909","281653051331.452","283862781607.33","316673503929.41","359610275444.799","395989161090.91","431926264607.887","",
"St. Vincent and the Grenadines","VCT","GDP, PPP (current international $)","NY.GDP.MKTP.PP.CD","","","","","","","","","","","","","","","","","","","","","","","","","","","","","","","442817649.968852","462991490.147415","503744644.472204","537605411.088897","542233848.655224","596599196.819451","615345866.065929","647897929.026197","681977547.001873","710373471.609171","738371807.335473","768196754.03307","821810266.369012","894111156.349149","955933884.474051","1010441611.9998","1114482104.26894","1182713539.42659","1210378944.88119","1201060076.1026","1161310869.7363","1178083969.14554","1194845820.23694","1257054507.97384","1304999923.39241","1324041018.12569","1435017818.66449","1434420868.9806","1541347208.55904","1597875532.77976","1587736725.00597","1666116701.3437","1840427498.43829","2008208590.20078","2140311608.05812","",
"Venezuela, RB","VEN","GDP, PPP (current international $)","NY.GDP.MKTP.PP.CD","","","","","","","","","","","","","","","","","","","","","","","","","","","","","","","230547366942.336","261534703997.535","283705812299.005","291230437619.594","290460725469.253","308269310335.091","313291672053.025","338998248980.045","343816178762.692","327863631126.886","347652351470.318","367546248670.203","340203494590.923","320015481149.77","388714603478.464","442267355181.376","500913894093.016","559520791501.776","600400794719.9","584758714145.067","583053571480.713","619935785776.733","","","","","","","","","","","","","","",
"British Virgin Islands","VGB","GDP, PPP (current international $)","NY.GDP.MKTP.PP.CD","","","","","","","","","","","","","","","","","","","","","","","","","","","","","","","","","","","","","","","","","","","","","","","","","","","","","","","","","","","","","","","","","","",
"Virgin Islands (U.S.)","VIR","GDP, PPP (current international $)","NY.GDP.MKTP.PP.CD","","","","","","","","","","","","","","","","","","","","","","","","","","","","","","","","","","","","","","","","","","","3484597259.9242","3539319860.99128","3753920922.97186","4006561447.44286","4274877588.11153","4566788025.99911","4711501045.17671","4427930707.67725","4508471121.89173","4223968621.23668","3665299424.53526","3493388057.08255","3491158655.15712","3508580171.16729","3598624005.67702","3636133957.02659","3931910843.73655","4269082992.65995","4437509717.07484","4964620106.61981","5248832928.55256","","","",
"Viet Nam","VNM","GDP, PPP (current international $)","NY.GDP.MKTP.PP.CD","","","","","","","","","","","","","","","","","","","","","","","","","","","","","","","79239968620.3989","86802821208.4225","96456972513.86","106714598035.312","118627051669.408","132669176366.41","147716216883.076","162513113627.221","173812822376.393","184686962642.459","201689720071.721","219002822090.418","236464006596.447","257768437989.974","284648940280.108","315730733877.768","348178319133.389","383107288441.867","412597227896.963","437550990419.396","471315016650.192","511888589641.725","570789428423.56","612129658830.052","668974831523.37","712101202507.931","787204623262.451","872747364096.311","963332818078.272","1071756124195.5","1138632490789.12","1192059299524.62","1386074827447.82","1508682497102.43","1654734391083.39","",
"Vanuatu","VUT","GDP, PPP (current international $)","NY.GDP.MKTP.PP.CD","","","","","","","","","","","","","","","","","","","","","","","","","","","","","","","247207393.828622","263611821.868884","276589921.897385","285228393.091145","317774583.777491","327694499.350608","341459988.407673","364392018.043936","372823853.456301","379374981.381946","410954961.839002","405931466.503405","390810090.308027","415616037.999619","443810203.487509","482009511.929108","538912895.677596","569431889.339406","612911523.916238","635422647.198103","651241193.64917","685546560.529831","705365858.097415","720694566.518389","752127701.380396","789213371.049315","824371706.543519","876162788.437114","922227587.130738","967833106.340877","931732926.139278","959152084.296046","1080824944.57349","1143161260.39422","1181835165.90607","",
"World","WLD","GDP, PPP (current international $)","NY.GDP.MKTP.PP.CD","","","","","","","","","","","","","","","","","","","","","","","","","","","","","","","29672025797054.2","31185330304677.9","32617203084627.5","34031839232086.5","35874433134473.4","37890822187950.9","40139660727793.6","42478475807987.7","43905137984509.3","46101183439636.5","49550968137808.5","51969722149059.1","54495766327215.8","57572415607724.5","62263638183458.5","67109315761099.2","73510846990288.1","79616095359728.9","84328937092041.9","85076650041464.5","90691497700688.5","96699368204195.2","101820002452626","106959576166896","111185107363565","113744107653569","118498727261967","125145529467726","133162164174958","141087886623647","140690252548626","157278740678861","175652459056737","188531007820613","199686103878086","",
"Samoa","WSM","GDP, PPP (current international $)","NY.GDP.MKTP.PP.CD","","","","","","","","","","","","","","","","","","","","","","","","","","","","","","","363150143.187152","366796231.862453","374404722.017068","398993748.193635","397153665.03864","432541077.844322","472080364.491204","483311007.614366","499470138.759897","517608189.745831","556292193.043601","610854565.046022","655408983.672078","703187363.517634","744389691.641899","818700829.627442","861942275.802249","889596896.935385","938981358.014974","939655191.208968","1009325356.97828","1069800076.01937","1049051691.88995","1068050014.27125","1093822436.78677","1146480554.16123","1249779114.75418","1290050365.20512","1311559076.0053","1392558354.39364","1367198184.39616","1357521081.4193","1487275123.05503","1775511524.59498","1904791902.26942","",
"Kosovo","XKX","GDP, PPP (current international $)","NY.GDP.MKTP.PP.CD","","","","","","","","","","","","","","","","","","","","","","","","","","","","","","","","","","","","","","","","","","","","","","","","","11440224750.8895","12090337128.4467","12841784491.9794","13935044684.2312","14271898531.9291","14709963376.1855","14865721232.2557","15584664246.4355","16277272490.6041","16801441908.4263","18004535069.9507","19429240274.5588","18854775198.3459","22080260569.6251","24666524708.6885","26593569203.4249","28482185265.9849","",
"Yemen, Rep.","YEM","GDP, PPP (current international $)","NY.GDP.MKTP.PP.CD","","","","","","","","","","","","","","","","","","","","","","","","","","","","","","","24199512231.0512","26592393704.8309","29430730639.1067","31334060375.8361","34154337156.3086","36847382345.9173","39261102260.8439","42027348362.8059","45052505222.2203","47415083860.5844","51486685020.1986","54648473132.8039","57681670754.1867","61024726379.1991","65155254118.2272","70955719742.3275","75462838656.2415","80094848122.2947","84615847674.0393","88429362409.2601","96396994279.9659","85876120603.9721","85440860541.2679","92755605480.1343","","","","","","","","","","","","",
"South Africa","ZAF","GDP, PPP (current international $)","NY.GDP.MKTP.PP.CD","","","","","","","","","","","","","","","","","","","","","","","","","","","","","","","260029373182.626","266085798540.365","266333582004.892","276009806234.5","290924064491.929","306231574775.354","325246985908.419","339457949141.591","344989365331.139","358268214628.249","381771803876.42","400908060374.458","422203786105.169","443236349881.91","475885687316.484","516707000243.864","562489593734.226","608697898076.516","640223797147.009","634264625674.37","661487016257.719","696526225201.767","698463315669.415","731024717341.774","742688200700.391","759954918901.854","774110394019.95","791817133500.013","782329029153.218","796182639290.773","767391152773.916","841475835218.983","920022151060.577","960811357979.515","989307819277.577","",
"Zambia","ZMB","GDP, PPP (current international $)","NY.GDP.MKTP.PP.CD","","","","","","","","","","","","","","","","","","","","","","","","","","","","","","","11847622937.2184","12243861471.2744","12306119913.2093","13454122934.3107","12556139092.2617","13190866045.5039","14267657280.7519","15067249043.7845","15177810137.6182","16108375734.0521","17115278098.8344","18431148187.9665","19560983498.7598","21332505255.3822","23446682383.9838","25931543608.2792","28843984822.4952","32099889161.7082","35261852123.7694","38750659226.177","43260717842.1382","46612238752.7655","49567431316.5811","53546651818.13","54700785564.6956","54731517891.6164","56043424009.9189","59154463773.684","61869932575.7693","62232372185.4722","60176229608.2428","68672119764.9363","77401882826.5905","84491503485.3915","89840254108.8107","",
"Zimbabwe","ZWE","GDP, PPP (current international $)","NY.GDP.MKTP.PP.CD","","","","","","","","","","","","","","","","","","","","","","","","","","","","","","","27946183117.1852","30489474813.5451","28372845884.5246","29350748908.2677","32745933390.9825","33485348622.1952","37631231161.2811","39306279637.3564","40894877371.0822","41134369564.1264","40779290438.184","42297756523.2596","39134632715.0306","33125003122.0663","32040284525.6099","31157657800.9315","31006758091.4466","30683367390.4281","25748647507.3981","29345912466.541","35546647131.6281","41429567883.8319","47982415288.214","53027497449.6726","55457402600.7471","58256947220.4219","62422817499.5463","159329654489.141","60030923851.1648","63613733688.6577","64880430290.3533","76254533781.5607","86706317020.6175","94632839744.1932","98609904294.9076","",
