passport,henley_score,henley_rank,henley_pos,henley_pct,graded_count_score,graded_count_rank,graded_count_pos,graded_count_pct,binary_weighted_score,binary_weighted_rank,binary_weighted_pos,binary_weighted_pct,ahi_balanced_score,ahi_balanced_rank,ahi_balanced_pos,ahi_balanced_pct,ahi_business_score,ahi_business_rank,ahi_business_pos,ahi_business_pct,ahi_leisure_score,ahi_leisure_rank,ahi_leisure_pos,ahi_leisure_pct,ahi_settlement_score,ahi_settlement_rank,ahi_settlement_pos,ahi_settlement_pct,ahi_reach_score,ahi_reach_rank,ahi_reach_pos,ahi_reach_pct,ahi_pca_score,ahi_pca_rank,ahi_pca_pos,ahi_pca_pct,ahi_entropy_score,ahi_entropy_rank,ahi_entropy_pos,ahi_entropy_pct,gdp_share_score,gdp_share_rank,gdp_share_pos,pop_share_score,pop_share_rank,pop_share_pos,ahi_gamma_flat_score,ahi_gamma_flat_rank,ahi_gamma_flat_pos,ahi_gamma_flat_pct,ahi_gamma_sharp_score,ahi_gamma_sharp_rank,ahi_gamma_sharp_pos,ahi_gamma_sharp_pct,ahi_gamma_extreme_score,ahi_gamma_extreme_rank,ahi_gamma_extreme_pos,ahi_gamma_extreme_pct,stay_days_score,stay_days_rank,stay_days_pos,name,economy,development,scale,draw,security,cost,openness_count,openness_graded,openness_people_pct,openness_rank,openness_pos,rank_median,rank_p05,rank_p95,rank_best,rank_worst,rank_interval_width,country,reaches,admits,mutual,mobility_balance,reciprocated_share,one_way_out,one_way_in,cluster,label,predicted,residual,att_economy,att_development,att_scale,att_draw,att_security,att_cost,att_overall,tilt_economy,tilt_development,tilt_scale,tilt_draw,tilt_security,tilt_cost
AFG,22.0,97,199,11.11,39.3,166,199,19.85,17.0,167,199,8.57,33.8,171,199,17.04,33.5,167,199,16.89,35.2,168,199,17.76,32.8,173,199,16.52,34.9,166,199,17.63,32.3,173,199,16.27,33.1,171,199,16.68,0.76,191,199,3.01,191,199,36.4,173,199,18.37,29.2,173,199,14.7,22.7,167,199,11.42,1374.0,194,199,Afghanistan,6.924097083349967,6.007043706994975,6.192920036972103,5.661538795515558,6.427241377299931,2.5669565679037607,0.0,0.0,0.0,99,197,199,199,199,199,199,0,AFG,22,0,0,22,0.0,22,0,1,Doubly closed,16.82,0.22,16.71,14.79,18.12,17.22,17.1,20.82,17.46,-0.75,-2.67,0.66,-0.24,-0.36,3.36
AGO,47.0,82,170,23.74,61.8,138,169,31.21,39.9,142,172,20.14,54.8,143,167,27.65,54.3,137,167,27.41,57.3,138,167,28.92,52.9,145,168,26.68,57.1,138,169,28.86,52.3,145,168,26.37,53.5,143,167,26.98,5.26,170,177,13.93,164,170,58.3,144,168,29.43,48.2,149,168,24.3,37.5,138,167,18.88,2877.0,163,168,Angola,11.130634079979083,9.604222735289657,10.249078149109756,9.228057398037247,10.360702014331476,4.227472413121062,101.0,100.8,66.13,45,72,167,167,169,166,169,2,AGO,47,101,21,-54,44.7,26,80,2,Open but unreciprocated (tier 3),33.23,-5.58,26.86,23.65,29.99,28.07,27.56,34.29,28.4,-1.54,-4.75,1.59,-0.33,-0.84,5.89
ALB,106.0,43,92,53.54,115.5,70,92,58.33,113.8,69,90,57.5,122.0,73,89,61.64,122.1,69,88,61.68,120.1,71,89,60.67,125.2,71,89,63.28,116.2,67,88,58.67,125.5,72,89,63.44,124.4,73,89,62.88,54.25,61,65,45.52,67,70,118.8,73,90,60.01,127.6,74,87,64.48,136.0,64,83,68.68,7938.0,83,87,Albania,25.88731779403516,26.24673675853987,18.950642020795055,20.010673549323137,24.014970245102056,6.85309345782373,92.0,129.1,65.16,53,124,89,88,90,88,91,2,ALB,106,92,68,14,64.2,38,24,0,Frictionless core,59.04,2.6,62.47,64.64,55.46,60.88,63.88,55.59,60.49,1.98,4.15,-5.03,0.39,3.39,-4.9
AND,146.0,14,47,73.74,148.0,29,47,74.75,155.8,27,45,78.73,155.9,31,47,78.78,156.0,30,47,78.8,154.0,33,48,77.84,158.7,31,47,80.27,150.6,29,46,75.91,159.8,32,47,80.87,158.1,33,47,79.95,86.22,3,3,62.74,31,34,152.1,31,47,76.84,162.7,33,45,82.24,172.6,25,42,87.22,10528.0,46,50,Andorra,32.741584864173255,33.45035276995257,25.03942938716823,25.87935046414767,30.089427050271947,8.740550153405708,93.0,93.0,22.92,52,87,47,46,47,45,48,1,AND,146,93,87,53,59.6,59,6,0,Frictionless core,78.4,0.38,79.02,82.38,73.28,78.73,80.04,70.9,77.39,1.63,4.99,-4.11,1.34,2.65,-6.49
ARE,169.0,1,1,85.35,167.8,1,1,84.75,173.2,1,1,87.6,171.8,1,1,86.9,171.7,1,1,86.86,170.5,1,1,86.21,174.3,1,1,88.14,167.3,1,1,84.62,174.7,1,1,88.4,173.6,1,1,87.8,79.8,33,36,84.28,2,2,169.9,1,1,85.87,174.8,1,1,88.54,178.0,11,20,90.35,12510.0,1,1,United Arab Emirates,35.937816656202315,36.293614217025265,28.07119243470537,28.280094582634636,33.08633237289079,10.169436632746738,93.0,129.8,62.58,52,87,1,1,1,1,1,0,ARE,169,93,91,76,53.8,78,2,0,Frictionless core,64.72,22.18,86.73,89.38,82.15,86.04,88.01,82.49,85.8,0.93,3.58,-3.65,0.24,2.21,-3.31
ARG,148.0,13,45,74.75,150.6,27,45,76.06,154.9,28,46,78.35,156.5,30,46,79.16,156.4,29,45,79.1,154.8,31,45,78.28,159.5,30,46,80.68,150.9,28,45,76.32,160.5,31,46,81.2,158.8,32,46,80.34,66.81,42,45,58.59,41,44,153.8,30,46,77.73,160.9,35,47,81.49,165.4,29,47,83.95,11228.0,38,42,Argentina,32.93600722693884,33.59094177719872,24.992298605262608,25.834831956075828,30.19124383284365,8.992498999949467,90.0,90.0,27.31,54,125,46,45,46,45,47,1,ARG,148,90,87,58,58.8,61,3,0,Frictionless core,66.14,13.02,79.49,82.73,73.14,78.6,80.31,72.94,77.87,1.62,4.86,-4.73,0.73,2.44,-4.93
ARM,67.0,64,125,33.84,75.8,104,130,38.28,64.5,98,121,32.58,72.5,107,124,36.62,71.8,102,123,36.27,74.3,102,125,37.53,70.8,104,122,35.78,73.9,100,124,37.32,71.7,103,120,36.22,71.4,103,121,36.07,38.99,92,96,40.34,78,81,74.3,106,125,37.53,68.7,106,119,34.7,60.2,95,117,30.37,4113.0,126,130,Armenia,14.939692948728338,14.554615769762636,12.96912347416712,12.358978610593365,12.640031027179214,5.081062108616654,90.0,104.4,57.6,54,125,123,120,125,119,127,5,ARM,67,90,33,-23,49.3,34,57,3,Guarded middle (tier 2),61.9,-25.28,36.05,35.85,37.96,37.6,33.62,41.22,37.05,-1.0,-1.2,0.91,0.55,-3.43,4.17
ATG,132.0,24,60,66.67,138.9,40,58,70.15,136.3,43,62,68.8,142.7,44,60,72.03,142.6,43,60,71.98,141.3,44,60,71.31,145.7,43,60,73.61,137.2,41,60,69.15,146.0,47,62,73.76,145.1,45,60,73.28,56.56,58,62,48.49,55,58,140.9,44,60,71.14,145.5,51,64,73.39,148.7,47,65,74.89,10077.0,53,57,Antigua and Barbuda,29.981430145444744,30.304651715454643,22.724006391345753,23.421884187803187,27.93458624254077,8.334948430131785,113.0,142.8,66.18,36,57,60,60,62,58,64,2,ATG,132,113,95,19,72.0,37,18,0,Frictionless core,74.75,-2.72,72.36,74.63,66.5,71.26,74.31,67.61,71.11,1.25,3.52,-4.61,0.15,3.2,-3.5
AUS,157.0,8,34,79.29,157.9,18,36,79.75,164.6,17,34,83.32,164.3,20,35,83.17,164.1,21,35,83.08,162.5,23,36,82.2,167.9,19,35,85.03,157.6,19,36,79.75,168.5,21,35,85.33,166.9,22,35,84.52,80.05,32,35,60.45,36,39,161.3,22,36,81.55,169.3,24,36,85.93,175.7,20,37,89.71,11517.0,36,40,Australia,34.4355194564611,35.18549951287416,26.10173654716137,27.07417857549055,32.09044113865201,9.42095018409188,46.0,85.4,39.82,77,162,35,35,36,34,37,1,AUS,157,46,46,111,29.3,111,0,0,Frictionless core,81.23,1.94,83.1,86.66,76.39,82.37,85.36,76.42,81.72,1.38,4.94,-5.33,0.65,3.64,-5.3
AUT,159.0,6,19,80.3,160.4,12,23,81.01,166.7,11,23,84.36,166.5,12,26,84.25,166.3,13,26,84.16,164.7,15,27,83.31,170.2,12,25,86.16,159.8,13,27,80.78,170.7,13,26,86.43,169.2,15,26,85.66,83.04,26,29,63.27,24,27,163.6,15,27,82.7,171.3,16,27,86.86,177.5,15,31,90.38,12234.0,11,14,Austria,34.8295397256514,35.66294550807315,26.49639537860638,27.396181715507428,32.565948657709384,9.569499685222,93.0,93.0,22.8,52,87,26,25,27,21,28,2,AUT,159,93,93,66,58.5,66,0,0,Frictionless core,79.9,4.35,84.06,87.83,77.54,83.35,86.63,77.62,82.84,1.22,4.99,-5.3,0.51,3.79,-5.22
AZE,71.0,60,118,35.86,79.1,97,122,39.95,65.9,95,118,33.28,73.7,103,119,37.22,72.8,98,119,36.76,75.6,98,119,38.18,72.1,101,119,36.4,75.0,96,119,37.89,72.9,102,119,36.81,72.3,102,120,36.49,36.66,97,101,37.9,81,84,76.5,102,121,38.64,67.7,108,121,34.17,56.0,99,121,28.23,4334.0,123,127,Azerbaijan,15.161271269736854,14.87064674515756,13.149196250174406,12.44880111805318,12.738806920624814,5.309303390546389,30.0,55.2,44.15,80,166,119,118,121,118,126,3,AZE,71,30,22,41,31.0,49,8,3,Guarded middle (tier 2),45.55,-8.33,36.59,36.62,38.48,37.87,33.89,43.07,37.75,-1.16,-1.13,0.73,0.12,-3.86,5.32
BDI,47.0,82,170,23.74,59.5,144,175,30.05,39.1,144,174,19.7,52.2,150,176,26.3,51.8,145,176,26.09,54.5,146,176,27.48,50.2,153,176,25.27,54.5,144,175,27.49,49.7,151,175,25.01,50.9,150,176,25.63,4.86,174,181,14.35,162,166,55.8,150,175,28.14,45.5,156,177,22.89,35.2,146,177,17.69,2880.0,162,167,Burundi,10.643274795856682,9.132595262464076,9.78770136896619,8.804189914232023,9.802143742696597,3.985052821956195,198.0,169.2,85.43,1,1,176,175,176,174,177,1,BDI,47,198,47,-151,100.0,0,151,2,Open but unreciprocated (tier 3),14.37,11.93,25.69,22.49,28.64,26.79,26.07,32.32,27.0,-1.31,-4.51,1.64,-0.21,-0.93,5.32
BEL,160.0,5,6,80.81,161.2,6,10,81.41,167.8,6,8,84.91,167.4,6,8,84.71,167.1,6,10,84.57,165.7,8,8,83.79,170.8,7,11,86.48,160.8,7,10,81.3,171.5,7,8,86.83,169.9,8,11,86.02,83.82,14,15,64.47,12,15,164.4,8,10,83.11,172.2,8,9,87.31,178.4,7,12,90.81,12362.0,5,6,Belgium,35.020636106123284,35.80749865971816,26.67853550929434,27.59563868995648,32.62549106618834,9.636299987936068,93.0,93.0,22.77,52,87,9,8,11,6,14,3,BEL,160,93,93,67,58.1,67,0,0,Frictionless core,84.62,0.09,84.52,88.19,78.08,83.96,86.79,78.16,83.28,1.24,4.91,-5.2,0.68,3.51,-5.12
BEN,59.0,71,141,29.8,70.8,114,140,35.76,50.1,119,143,25.28,62.3,124,142,31.43,61.9,118,142,31.23,65.1,118,142,32.85,59.5,125,146,30.02,66.0,114,138,33.32,58.8,127,146,29.64,60.5,124,144,30.52,7.57,144,150,18.38,128,132,66.5,122,142,33.57,54.6,131,145,27.52,42.8,123,147,21.54,3732.0,136,140,Benin,12.743307596177583,10.769961908673954,11.9438883085591,10.478765405670073,11.4515348571774,4.864588089443374,61.0,109.0,58.65,72,156,142,139,146,138,148,7,BEN,59,61,37,-2,62.7,22,24,1,Doubly closed,30.63,0.8,30.75,26.52,34.95,31.88,30.46,39.46,32.34,-1.59,-5.82,2.61,-0.46,-1.88,7.12
BFA,54.0,75,153,27.27,66.9,124,152,33.79,45.3,130,157,22.85,58.4,135,155,29.45,58.0,130,155,29.25,61.0,128,155,30.77,56.0,134,157,28.22,61.7,124,151,31.16,55.1,137,158,27.76,56.8,135,155,28.63,6.33,154,161,16.24,145,149,62.5,133,154,31.54,50.9,139,158,25.64,39.8,131,158,20.02,3416.0,144,149,Burkina Faso,11.947751940724814,10.098433983443217,11.137784621175353,9.745654229654518,10.83426432514884,4.595277354253287,19.0,81.6,38.88,85,171,156,154,158,150,159,4,BFA,54,19,17,35,31.5,37,2,1,Doubly closed,16.11,13.34,28.83,24.87,32.6,29.65,28.82,37.27,30.34,-1.51,-5.47,2.26,-0.69,-1.52,6.93
BGD,33.0,93,193,16.67,48.9,160,193,24.7,26.3,162,194,13.28,41.7,165,193,21.05,41.2,161,193,20.8,43.3,162,193,21.87,41.4,167,193,20.89,41.5,162,194,20.98,40.6,167,193,20.48,41.5,165,193,20.94,0.86,190,198,3.16,190,198,45.2,167,193,22.82,35.4,168,193,17.86,26.0,163,195,13.1,2597.0,173,178,Bangladesh,8.32848583115171,7.651867435222249,7.30888275925058,6.879927431259191,8.396001689934662,3.130443921044464,164.0,142.8,48.7,15,32,193,193,194,191,194,1,BGD,33,164,30,-131,90.9,3,134,2,Open but unreciprocated (tier 3),35.74,-14.69,20.1,18.85,21.39,20.93,22.33,25.39,21.5,-1.4,-2.65,-0.11,-0.57,0.83,3.89
BGR,158.0,7,28,79.8,159.8,14,29,80.71,165.6,15,30,83.71,165.8,16,31,83.81,165.5,17,31,83.66,164.2,18,31,82.99,169.4,15,30,85.65,159.0,16,31,80.35,169.9,17,31,85.91,168.5,18,30,85.19,69.42,37,40,60.37,38,41,162.9,18,31,82.31,170.6,19,30,86.29,176.9,16,32,89.51,12036.0,26,30,Bulgaria,34.6662996929382,35.48546301324522,26.352011207202423,27.35120682592128,32.42431465901307,9.532963774426385,93.0,93.0,22.84,52,87,31,29,32,27,32,3,BGR,158,93,92,65,58.2,66,1,0,Frictionless core,64.24,19.57,83.66,87.39,77.12,83.21,86.25,77.33,82.49,1.17,4.9,-5.37,0.72,3.76,-5.16
BHR,86.0,49,99,43.43,91.2,81,105,46.06,82.9,79,100,41.89,87.7,88,104,44.31,86.9,83,104,43.9,90.1,84,103,45.51,85.2,88,106,43.06,89.9,80,102,45.39,86.3,88,105,43.63,85.8,88,106,43.35,41.1,85,89,46.8,63,66,89.6,86,104,45.26,83.3,90,103,42.09,73.8,82,103,37.27,5526.0,101,105,Bahrain,18.200964996253926,17.299330760032,15.757362569630631,15.03142552112706,15.21262387344494,6.213121499850183,71.0,105.2,56.28,66,147,104,102,105,102,107,3,BHR,86,71,20,15,23.3,66,51,3,Guarded middle (tier 2),58.8,-14.49,43.93,42.6,46.12,45.73,40.47,50.4,44.88,-0.95,-2.28,1.24,0.85,-4.41,5.52
BHS,139.0,18,51,70.2,144.2,33,51,72.83,144.3,34,53,72.89,148.7,36,52,75.12,148.6,35,52,75.06,147.3,36,51,74.38,152.1,36,52,76.88,142.6,33,50,71.95,151.9,38,53,76.81,151.3,37,52,76.48,61.03,50,54,50.95,49,52,146.5,35,51,74.0,152.3,41,53,76.92,157.2,38,56,79.33,10720.0,45,49,Bahamas,31.095000381396183,31.29835894488135,23.64727703036383,24.39924297395488,29.66250968443752,8.57356952732544,122.0,148.6,67.57,31,52,52,50,53,50,54,3,BHS,139,122,106,17,76.3,33,16,0,Frictionless core,69.28,5.84,75.04,77.08,69.21,74.23,78.91,69.54,74.0,1.04,3.08,-4.79,0.23,4.91,-4.46
BIH,110.0,41,87,55.56,119.8,65,87,60.51,116.3,64,84,58.73,125.5,69,85,63.38,125.3,66,85,63.28,123.9,67,85,62.54,128.3,68,86,64.82,120.0,60,81,60.6,129.0,68,85,65.15,127.6,70,86,64.44,54.55,60,64,47.2,60,63,122.7,69,86,61.97,130.3,70,83,65.77,137.4,62,81,69.27,7500.0,87,91,Bosnia and Herzegovina,26.535353579620775,27.130923259742115,19.675216977784785,20.68489055521134,24.223509447755955,7.201561426100472,99.0,99.0,43.01,46,77,85,82,87,80,87,5,BIH,110,99,70,11,63.6,40,29,0,Frictionless core,58.32,5.06,64.04,66.82,57.58,62.93,64.44,58.42,62.37,1.67,4.45,-4.79,0.56,2.07,-3.95
BLR,81.0,53,107,40.91,87.1,85,110,43.99,77.3,86,108,39.05,82.9,94,110,41.88,82.1,89,110,41.48,85.2,88,109,43.04,80.5,92,110,40.66,85.4,86,109,43.16,81.7,93,110,41.28,81.3,92,110,41.06,41.54,82,86,45.66,66,69,85.2,91,109,43.04,77.8,97,110,39.31,66.6,89,111,33.62,4912.0,108,112,Belarus,17.101291427405332,16.606779128883055,15.06504956983404,14.153478385032589,14.079669806171692,5.935723148189609,94.0,94.7,46.2,51,85,109,109,111,108,112,2,BLR,81,94,41,-13,50.6,40,53,3,Guarded middle (tier 2),49.84,-7.96,41.27,40.9,44.09,43.06,37.45,48.15,42.49,-1.22,-1.59,1.6,0.57,-5.04,5.66
BLZ,87.0,48,98,43.94,96.8,76,99,48.89,81.1,81,103,40.92,90.8,84,100,45.82,90.1,80,100,45.46,92.9,81,100,46.89,89.6,82,100,45.21,91.6,77,99,46.21,89.9,83,100,45.38,90.2,84,100,45.52,21.8,110,114,23.89,111,115,93.8,82,99,47.35,84.9,87,100,42.8,74.5,79,100,37.5,6844.0,92,96,Belize,18.62481366450373,17.764536460054792,15.997026546950762,15.226386197242062,16.87694140397916,6.316593527165323,106.0,106.0,29.13,41,64,100,99,100,98,100,1,BLZ,87,106,57,-19,65.5,30,49,3,Guarded middle (tier 2),52.09,-6.27,44.95,43.75,46.82,46.32,44.89,51.24,46.33,-1.38,-2.58,0.49,-0.01,-1.44,4.91
BOL,71.0,60,118,35.86,81.5,92,117,41.16,67.6,92,115,34.14,77.5,99,115,39.13,76.7,94,115,38.73,79.6,94,115,40.2,75.7,98,116,38.22,78.7,92,115,39.76,76.9,97,114,38.82,76.5,96,114,38.61,20.02,114,118,23.79,112,116,79.6,97,116,40.2,73.2,100,113,36.95,64.5,90,112,32.51,4104.0,127,131,Bolivia,15.951580391208775,15.443678970134492,13.789234908263229,13.28592197911586,13.669107737748725,5.398014782270918,60.0,108.3,51.89,73,158,115,114,116,114,117,2,BOL,71,60,17,11,23.9,54,43,3,Guarded middle (tier 2),51.4,-12.27,38.5,38.03,40.36,40.42,36.36,43.79,39.58,-1.08,-1.55,0.78,0.84,-3.22,4.21
BRA,149.0,12,44,75.25,151.4,26,44,76.46,154.9,28,46,78.35,156.6,29,45,79.21,156.4,29,45,79.11,154.8,31,45,78.31,160.1,29,45,80.96,150.1,30,47,75.97,160.8,30,45,81.33,159.2,31,45,80.53,62.69,47,51,52.92,45,48,154.2,29,44,77.94,160.4,36,48,81.26,164.4,30,48,83.49,11415.0,37,41,Brazil,32.842792137578165,33.70052902876771,24.829949593755856,25.732391588431145,30.483969706691624,9.013594032431874,101.0,102.0,27.82,45,72,45,45,47,44,48,2,BRA,149,101,100,48,67.1,49,1,0,Frictionless core,61.7,17.51,79.26,83.0,72.67,78.29,81.09,73.11,77.9,1.36,5.1,-5.23,0.39,3.19,-4.79
BRB,141.0,16,49,71.21,147.5,31,49,74.49,145.9,31,50,73.66,151.9,33,49,76.69,151.8,32,49,76.64,150.4,34,49,75.92,155.1,33,49,78.36,146.1,32,49,73.65,155.3,34,49,78.48,154.4,34,49,78.01,59.94,52,56,50.8,50,53,149.8,33,49,75.65,155.3,37,49,78.37,160.0,33,51,80.63,11059.0,40,44,Barbados,31.766501489937188,32.20159494853599,24.277806897760396,24.94205627696045,29.89434604926499,8.80156270067844,179.0,179.0,94.66,10,27,49,49,49,49,49,0,BRB,141,179,132,-38,93.6,9,47,0,Frictionless core,70.39,6.3,76.66,79.31,71.05,75.88,79.52,71.39,75.63,1.03,3.68,-4.58,0.25,3.89,-4.24
BRN,139.0,18,51,70.2,143.4,34,52,72.42,146.3,30,49,73.95,149.2,35,51,75.42,149.1,34,51,75.37,147.5,35,50,74.54,152.8,35,51,77.31,142.1,34,52,71.73,153.2,36,51,77.48,152.0,36,51,76.86,79.39,34,37,55.02,43,46,146.4,36,52,73.97,154.2,38,50,77.99,162.2,31,49,82.05,9786.0,55,59,Brunei,31.379065770476497,31.84309970372844,23.339530231789382,24.689152017719987,29.54856150138475,8.391072843601602,64.0,63.2,44.17,70,153,51,50,52,50,52,2,BRN,139,64,64,75,46.0,75,0,0,Frictionless core,70.49,4.93,75.73,78.42,68.31,75.11,78.6,68.06,74.04,1.69,4.38,-5.73,1.07,4.56,-5.98
BTN,49.0,80,165,24.75,62.6,134,165,31.62,44.1,134,163,22.27,57.2,139,161,28.88,56.6,134,161,28.57,59.3,134,163,29.94,55.2,137,160,27.89,58.9,133,163,29.72,55.7,134,154,28.12,55.9,137,158,28.22,15.68,118,122,31.45,97,100,59.9,139,162,30.25,51.9,137,154,26.19,42.8,123,147,21.57,2670.0,169,174,Bhutan,11.863805737464274,10.774499100164032,10.346084260989388,9.83842406944192,10.145967774660337,4.217128511846291,3.0,71.2,47.98,97,195,161,155,163,153,165,8,BTN,49,3,3,46,6.1,46,0,3,Guarded middle (tier 2),52.19,-23.31,28.63,26.54,30.28,29.93,26.99,34.21,29.43,-0.8,-2.89,0.85,0.5,-2.44,4.78
BWA,72.0,59,116,36.36,80.5,94,119,40.66,64.8,97,120,32.72,73.2,104,120,36.97,72.6,99,120,36.66,75.5,99,121,38.13,71.9,102,120,36.31,74.2,98,122,37.48,71.5,104,121,36.1,72.4,101,119,36.56,14.61,122,126,20.79,121,125,76.9,100,119,38.84,65.9,110,123,33.27,53.6,102,124,27.02,5229.0,106,110,Botswana,14.990386771902685,13.630706313117305,13.01249028975523,12.207361518861694,13.958041988446208,5.362960500842673,103.0,135.9,54.17,43,67,120,119,123,118,124,4,BWA,72,103,42,-31,58.3,30,61,2,Open but unreciprocated (tier 3),56.58,-19.61,36.18,33.57,38.08,37.14,37.13,43.5,37.6,-1.42,-4.03,0.48,-0.46,-0.47,5.9
CAF,48.0,81,168,24.24,61.3,139,170,30.96,40.3,141,170,20.3,53.7,146,171,27.05,53.3,140,171,26.85,55.9,142,171,28.18,51.9,149,172,26.12,56.2,139,170,28.35,51.0,150,173,25.66,52.3,146,171,26.33,4.84,175,182,13.18,169,176,57.4,146,171,28.95,46.6,154,173,23.44,35.6,145,176,17.89,2862.0,164,169,Central African Republic,10.934393847999674,9.486009800832903,10.114249052634069,8.904642070997154,10.050994409880124,4.177796506387647,15.0,14.8,2.86,88,177,171,170,173,170,174,3,CAF,48,15,10,33,20.8,38,5,1,Doubly closed,14.85,12.2,26.39,23.36,29.6,27.09,26.74,33.89,27.84,-1.45,-4.48,1.76,-0.75,-1.1,6.05
CAN,155.0,10,39,78.28,156.6,22,40,79.09,162.1,22,40,82.05,162.6,24,40,82.31,162.5,25,40,82.27,160.6,26,40,81.27,166.7,24,40,84.38,155.3,25,42,78.6,166.9,25,40,84.51,165.6,26,40,83.84,59.11,53,57,41.68,76,79,159.8,26,40,80.79,167.3,29,41,84.91,173.6,23,40,88.62,11931.0,29,33,Canada,34.067980593516076,34.772417947802374,25.62285332820906,26.657921601999483,32.187514718844675,9.282360015005311,54.0,38.1,11.31,76,161,40,40,41,37,42,1,CAN,155,54,54,101,34.8,101,0,0,Frictionless core,79.35,2.96,82.22,85.64,74.99,81.1,85.62,75.29,80.81,1.41,4.83,-5.82,0.29,4.81,-5.52
CHE,160.0,5,6,80.81,161.1,7,13,81.36,167.8,6,8,84.91,167.3,7,11,84.66,167.0,7,13,84.54,165.7,8,8,83.78,170.7,8,14,86.43,160.8,7,10,81.3,171.3,9,15,86.74,169.8,9,13,85.97,83.8,15,16,64.51,10,12,164.4,8,10,83.11,172.2,8,9,87.32,178.3,8,15,90.79,12194.0,14,17,Switzerland,34.99668147863936,35.76527459742616,26.715301940667516,27.57944133538195,32.56983094513015,9.67801176766247,93.0,93.0,22.81,52,87,11,8,14,5,15,6,CHE,160,93,93,67,58.1,67,0,0,Frictionless core,86.01,-1.35,84.46,88.08,78.18,83.91,86.64,78.5,83.3,1.16,4.78,-5.12,0.61,3.34,-4.8
CHL,148.0,13,45,74.75,150.2,28,46,75.86,157.1,26,44,79.48,157.8,28,44,79.84,157.8,28,44,79.83,155.6,30,44,78.7,160.9,28,44,81.44,151.8,27,44,76.75,162.2,29,44,82.1,160.2,30,44,81.09,84.59,4,4,62.86,30,33,154.2,29,44,77.95,163.9,32,44,83.07,171.8,28,46,87.35,10809.0,43,47,Chile,33.33656734974203,34.08238855290684,25.040677749482047,26.109967557537285,30.31176831249855,8.905288192697332,93.0,93.0,31.92,52,87,44,44,44,44,46,0,CHL,148,93,91,55,61.5,57,2,0,Frictionless core,74.43,5.41,80.45,83.94,73.28,79.44,80.63,72.24,78.33,2.12,5.61,-5.05,1.11,2.3,-6.09
CHN,77.0,57,113,38.89,84.2,88,113,42.53,70.6,91,114,35.71,77.8,98,114,39.35,77.0,93,114,38.94,80.0,93,114,40.47,76.4,96,114,38.6,79.0,91,114,40.0,76.4,98,115,38.63,76.4,97,115,38.61,16.43,117,121,22.72,116,120,81.1,95,114,40.99,71.0,103,116,35.95,58.1,97,119,29.48,3930.0,132,136,China,15.97334670744563,15.15655664548074,13.837327125823276,13.007294848395173,14.170214446299669,5.67632154226393,81.0,81.0,17.73,61,136,114,114,115,114,115,1,CHN,77,81,32,-4,41.6,45,49,3,Guarded middle (tier 2),41.04,-1.69,38.55,37.33,40.5,39.57,37.69,46.04,39.95,-1.4,-2.62,0.55,-0.38,-2.26,6.09
CIV,53.0,76,156,26.77,66.8,125,153,33.74,43.1,135,164,21.75,57.3,138,160,28.92,56.9,133,160,28.72,60.2,130,158,30.39,54.6,139,162,27.54,61.2,126,156,30.92,53.6,141,164,27.03,55.5,139,162,28.0,5.6,167,174,16.26,143,147,61.9,135,157,31.25,49.1,146,165,24.76,36.8,141,171,18.53,3446.0,142,147,Ivory Coast,11.60529361064319,9.65338773261139,11.196165737221309,9.580311887893595,10.663830359950396,4.613944230925251,198.0,145.5,72.06,1,1,160,158,163,152,165,5,CIV,53,198,53,-145,100.0,0,145,2,Open but unreciprocated (tier 3),31.95,-3.03,28.01,23.77,32.77,29.15,28.37,37.43,29.92,-1.91,-6.15,2.85,-0.77,-1.55,7.51
CMR,46.0,83,173,23.23,59.6,143,174,30.1,37.4,148,179,18.87,51.3,152,178,25.88,50.9,147,178,25.68,53.5,148,178,27.0,49.5,155,178,24.95,53.7,146,177,27.12,48.7,155,180,24.55,50.1,152,178,25.26,5.36,169,176,14.72,160,164,55.3,152,178,27.91,44.2,158,180,22.27,33.8,151,182,17.01,2940.0,160,165,Cameroon,10.466071902988809,8.99052206158567,9.660051022852508,8.563564861792972,9.638002241144507,3.984472706239337,6.0,73.2,37.05,94,190,178,178,180,177,180,2,CMR,46,6,6,40,13.0,40,0,1,Doubly closed,27.76,-1.88,25.26,22.14,28.27,26.05,25.64,32.32,26.61,-1.35,-4.47,1.66,-0.56,-0.97,5.71
COD,41.0,87,181,20.71,54.4,152,185,27.47,34.4,152,183,17.35,48.0,157,183,24.21,47.7,152,183,24.06,50.1,153,183,25.28,46.6,159,183,23.48,49.7,152,183,25.12,45.9,158,183,23.12,47.1,157,183,23.74,4.58,176,184,12.75,170,177,51.2,157,183,25.84,42.2,162,184,21.26,33.1,153,185,16.65,2518.0,175,180,DR Congo,9.793016717955528,8.408295687487094,8.853439591386728,8.058522740737706,9.253855935948357,3.673269132436339,7.0,73.4,35.72,93,187,183,182,184,181,187,2,COD,41,7,6,34,14.6,35,1,1,Doubly closed,24.99,-0.78,23.63,20.71,25.91,24.52,24.62,29.8,24.86,-1.23,-4.15,1.05,-0.34,-0.24,4.94
COG,46.0,83,173,23.23,59.3,146,177,29.95,38.3,146,177,19.32,51.8,151,177,26.13,51.4,146,177,25.93,54.2,147,177,27.34,49.8,154,177,25.11,54.4,145,176,27.47,48.8,154,179,24.6,50.4,151,177,25.41,4.91,173,180,14.75,159,163,55.4,151,176,27.96,45.1,157,178,22.72,34.9,148,179,17.56,2754.0,167,172,Congo,10.469430221591988,8.875615834275033,9.86502143885824,8.662812138721527,9.863062296646747,4.030927014788452,15.0,13.5,2.78,88,177,177,176,179,173,180,3,COG,46,15,9,31,19.6,37,6,1,Doubly closed,36.44,-10.31,25.27,21.86,28.87,26.36,26.24,32.7,26.88,-1.61,-5.02,1.99,-0.52,-0.64,5.82
COL,117.0,34,74,59.09,126.8,53,73,64.04,124.4,55,74,62.88,133.2,56,72,67.33,133.2,55,72,67.33,131.0,56,72,66.23,136.8,55,72,69.14,126.9,52,72,64.17,137.6,57,72,69.56,135.9,57,72,68.69,37.76,96,100,32.16,95,98,130.2,55,72,65.79,138.3,59,72,69.95,144.3,56,74,73.01,8764.0,68,72,Colombia,28.206541001639767,29.080776080043027,20.714703539115643,21.842205155658213,25.884836057894994,7.497460155232433,101.0,135.0,54.76,45,72,72,72,72,72,76,0,COL,117,101,86,16,73.5,31,15,0,Frictionless core,59.66,7.67,68.07,71.62,60.62,66.45,68.86,60.82,66.07,2.0,5.55,-5.45,0.38,2.79,-5.25
COM,51.0,78,161,25.76,62.7,133,163,31.67,44.4,133,160,22.37,56.3,141,164,28.37,55.9,135,164,28.16,58.7,135,164,29.59,54.4,141,164,27.41,58.4,134,165,29.43,54.0,139,162,27.2,55.2,140,163,27.81,5.97,159,166,14.35,162,166,59.5,141,165,30.01,50.3,143,162,25.31,40.3,129,156,20.26,2660.0,170,175,Comoros,11.579915786931837,10.002630122823636,10.372784700469328,9.539963615837904,10.552335592847674,4.2757744608304495,198.0,168.3,84.99,1,1,164,162,165,161,166,3,COM,51,198,51,-147,100.0,0,147,2,Open but unreciprocated (tier 3),33.52,-5.15,27.95,24.63,30.36,29.02,28.07,34.68,29.12,-1.17,-4.49,1.24,-0.1,-1.05,5.56
CPV,64.0,67,132,32.32,75.5,107,133,38.13,55.2,111,135,27.86,67.1,114,131,33.86,66.7,109,131,33.66,70.0,108,131,35.33,64.4,114,133,32.52,70.7,104,128,35.65,63.7,117,135,32.15,65.2,114,133,32.92,11.5,130,135,21.4,119,123,71.3,111,131,36.0,59.3,120,133,29.9,46.7,111,134,23.51,3978.0,128,132,Cape Verde,13.656206141157908,11.825590354837283,12.773036988772478,11.306222224946998,12.40618432058262,5.137218883928308,198.0,177.3,88.34,1,1,131,131,134,128,135,3,CPV,64,198,64,-134,100.0,0,134,2,Open but unreciprocated (tier 3),54.25,-20.39,32.96,29.12,37.38,34.4,33.0,41.67,34.76,-1.8,-5.64,2.62,-0.36,-1.76,6.91
CRI,128.0,27,63,64.65,136.0,44,62,68.69,135.5,45,64,68.48,142.3,45,61,71.92,142.1,44,61,71.82,140.5,45,61,70.99,145.6,44,61,73.62,135.9,42,61,68.64,146.6,45,60,74.13,144.9,46,61,73.26,43.38,79,83,34.51,86,89,139.2,45,61,70.33,147.5,48,60,74.57,154.5,42,60,78.1,9228.0,65,69,Costa Rica,29.961099298610954,30.669853938176217,22.333478297442632,23.534531511483717,27.76843964003937,8.021026184553337,95.0,95.0,26.71,50,83,61,60,61,59,61,1,CRI,128,95,82,33,64.1,46,13,0,Frictionless core,71.23,0.69,72.31,75.53,65.36,71.6,73.87,65.06,70.62,1.69,4.91,-5.26,0.98,3.25,-5.56
CUB,56.0,73,146,28.28,68.4,121,148,34.55,49.7,120,144,25.09,61.8,126,144,31.2,61.2,120,144,30.89,63.5,121,147,32.06,60.9,122,143,30.73,62.4,122,148,31.52,61.0,122,140,30.79,61.0,123,143,30.79,10.35,133,138,13.65,167,174,65.1,126,147,32.87,55.5,128,141,28.0,44.5,115,139,22.42,3130.0,155,160,Cuba,12.871020382112006,12.119081921619824,10.773267431982022,10.283979110720889,11.223290582976354,4.574992539478363,21.0,75.2,36.25,84,170,144,140,148,138,154,8,CUB,56,21,14,35,25.0,42,7,3,Guarded middle (tier 2),46.04,-14.84,31.06,29.85,31.53,31.29,29.86,37.11,31.78,-0.72,-1.93,-0.25,-0.49,-1.92,5.33
CYP,156.0,9,36,78.79,158.8,17,34,80.2,163.1,21,39,82.49,164.3,20,35,83.1,164.1,21,35,83.01,162.9,22,35,82.33,167.7,20,36,84.91,157.7,18,34,79.65,168.2,23,37,85.13,166.9,22,35,84.5,68.56,39,42,59.51,40,43,161.7,21,35,81.73,168.7,26,38,85.44,174.6,22,39,88.6,11982.0,28,32,Cyprus,34.297788654384306,35.004305375588245,26.21290951745447,27.13371352810453,32.21894593588745,9.473398498226182,93.0,93.0,22.9,52,87,35,35,37,34,38,2,CYP,156,93,92,63,59.0,64,1,0,Frictionless core,79.93,3.17,82.77,86.21,76.71,82.55,85.71,76.84,81.8,0.97,4.41,-5.09,0.75,3.91,-4.96
CZE,158.0,7,28,79.8,159.4,15,32,80.51,165.6,15,30,83.78,165.4,18,33,83.68,165.2,19,33,83.59,163.6,20,33,82.75,169.1,16,32,85.59,158.5,17,33,80.13,169.6,18,32,85.84,168.2,19,32,85.13,64.24,43,46,47.35,58,61,162.6,19,32,82.19,170.1,20,32,86.22,176.3,18,34,89.66,12100.0,23,27,Czech Republic,34.57982431911312,35.42855426444083,26.259345590704132,27.239644670715744,32.415784214883146,9.48506203558211,93.0,93.0,22.78,52,87,33,32,33,31,33,1,CZE,158,93,93,65,58.9,65,0,0,Frictionless core,79.6,4.08,83.45,87.25,76.85,82.87,86.23,76.94,82.26,1.19,4.99,-5.41,0.61,3.97,-5.32
DEU,160.0,5,6,80.81,161.0,8,14,81.31,167.8,6,8,84.94,167.2,8,14,84.64,166.9,8,15,84.5,165.4,10,15,83.69,170.8,7,11,86.48,160.5,9,17,81.21,171.4,8,13,86.8,169.8,9,13,85.97,81.25,31,34,63.6,20,23,164.3,9,13,83.07,171.9,11,18,87.25,177.7,14,29,90.75,12298.0,9,10,Germany,35.00910393441567,35.80328138513143,26.598856684131988,27.525837041303507,32.61105735611954,9.622352861547146,93.0,93.0,21.9,52,87,14,12,17,11,20,5,DEU,160,93,93,67,58.1,67,0,0,Frictionless core,81.15,3.49,84.49,88.18,77.84,83.74,86.75,78.05,83.18,1.31,5.0,-5.34,0.56,3.57,-5.13
DJI,45.0,84,176,22.73,59.4,145,176,30.0,38.9,145,175,19.62,53.1,147,172,26.78,52.5,142,173,26.49,55.4,143,172,27.94,51.4,151,174,25.92,54.7,143,174,27.61,51.1,149,172,25.76,52.0,148,174,26.23,4.99,172,179,12.64,172,179,56.2,149,174,28.37,47.1,153,172,23.73,37.4,139,168,18.82,2471.0,177,182,Djibouti,10.857954227724612,9.56495797669039,9.698274349995645,8.996556242376569,9.899885721134702,4.034572071399263,198.0,168.4,85.0,1,1,173,172,174,171,175,2,DJI,45,198,45,-153,100.0,0,153,2,Open but unreciprocated (tier 3),26.61,0.17,26.2,23.56,28.38,27.37,26.33,32.73,27.43,-1.23,-3.87,0.95,-0.06,-1.1,5.3
DMA,123.0,31,70,62.12,132.0,51,70,66.67,127.2,52,71,64.17,135.8,54,70,68.51,135.6,53,70,68.38,134.4,54,70,67.81,139.4,53,70,70.35,129.4,50,70,65.19,139.3,55,70,70.33,138.6,55,70,69.94,52.61,63,67,45.77,65,68,134.1,53,70,67.69,138.6,58,71,69.84,141.5,59,78,71.19,9348.0,61,65,Dominica,28.380434562881103,28.919771617000983,21.35811204267103,22.214233073938747,27.096791034068175,7.842873038717822,196.0,196.0,99.71,3,16,70,70,70,70,71,0,DMA,123,196,121,-73,98.4,2,75,0,Frictionless core,55.71,12.8,68.49,71.22,62.51,67.58,72.08,63.62,67.58,0.91,3.64,-5.07,0.0,4.5,-3.96
DNK,160.0,5,6,80.81,161.2,6,10,81.41,167.8,6,8,84.91,167.4,6,8,84.71,167.2,5,7,84.62,165.7,8,8,83.8,170.9,6,9,86.53,160.8,7,10,81.28,171.5,7,8,86.84,170.0,7,8,86.07,84.01,10,10,64.55,8,8,164.5,7,9,83.16,172.2,8,9,87.31,178.4,7,12,90.81,12364.0,4,4,Denmark,35.0317694911905,35.80782659861405,26.690596477020662,27.57559183532677,32.630420495121136,9.64626513587207,93.0,93.0,22.84,52,87,9,7,10,6,13,3,DNK,160,93,93,67,58.1,67,0,0,Frictionless core,86.07,-1.36,84.54,88.19,78.11,83.89,86.8,78.25,83.3,1.24,4.89,-5.19,0.59,3.5,-5.05
DOM,67.0,64,125,33.84,77.0,101,126,38.89,63.6,99,122,32.14,72.8,105,121,36.79,72.3,100,121,36.53,74.6,100,122,37.71,71.0,103,121,35.88,75.0,96,119,37.89,70.9,105,123,35.84,71.4,103,121,36.09,21.32,112,116,23.36,113,117,74.9,105,124,37.84,68.6,107,120,34.68,61.0,94,116,30.84,3736.0,135,139,Dominican Republic,15.022302131748823,14.022580088887237,13.22117400730076,12.159314119170409,13.12737121911288,5.224211962262625,108.0,108.0,28.43,40,63,122,120,123,119,124,3,DOM,67,108,33,-41,49.3,34,75,3,Guarded middle (tier 2),59.23,-22.44,36.25,34.53,38.69,36.99,34.92,42.38,37.29,-1.04,-2.76,1.4,-0.3,-2.37,5.09
DZA,54.0,75,153,27.27,66.4,126,155,33.54,45.7,128,154,23.09,58.3,136,157,29.45,57.8,131,157,29.2,60.7,129,157,30.66,56.2,133,155,28.38,61.1,127,157,30.9,55.5,136,156,28.02,56.7,136,156,28.63,4.48,178,186,12.03,173,180,62.3,134,155,31.47,50.8,140,159,25.66,38.7,135,164,19.53,2964.0,157,162,Algeria,11.8701835472597,10.447035527832549,11.011656620389576,9.752583082703994,10.694076611387688,4.522212783338687,7.0,7.0,1.14,93,187,156,154,157,153,157,3,DZA,54,7,7,47,13.0,47,0,1,Doubly closed,44.96,-15.51,28.65,25.73,32.23,29.67,28.45,36.68,30.24,-1.59,-4.51,1.99,-0.57,-1.79,6.44
ECU,85.0,50,102,42.93,90.9,82,107,45.91,82.5,80,101,41.67,87.6,89,105,44.25,86.8,84,105,43.84,89.2,85,105,45.06,85.7,86,104,43.28,89.1,82,104,45.02,87.1,85,102,44.0,86.4,86,104,43.64,43.8,77,81,45.04,71,74,89.3,87,105,45.11,83.5,89,102,42.17,74.7,78,99,37.69,5262.0,105,109,Ecuador,18.20418620033327,17.77911956813358,15.504030137763914,14.834255054135747,15.186217877840017,6.050178359325213,152.0,168.1,59.92,19,37,105,102,106,101,107,4,ECU,85,152,72,-67,84.7,13,80,3,Guarded middle (tier 2),56.28,-12.03,43.93,43.79,45.37,45.13,40.4,49.08,44.62,-0.69,-0.83,0.75,0.51,-4.22,4.46
EGY,48.0,81,168,24.24,61.9,137,168,31.26,40.3,141,170,20.37,54.3,145,170,27.44,53.7,139,170,27.13,56.5,141,170,28.57,53.0,144,167,26.76,55.5,141,172,28.07,52.4,144,167,26.47,53.3,144,168,26.92,5.88,160,167,11.86,174,181,58.0,145,169,29.3,47.5,151,170,24.01,36.9,140,170,18.65,2733.0,168,173,Egypt,11.03066577971173,9.994647186120083,9.83996503289019,9.096428218649804,10.199609669193972,4.127087914451875,124.0,108.5,46.46,29,48,170,167,170,166,172,3,EGY,48,124,22,-76,45.8,26,102,2,Open but unreciprocated (tier 3),42.35,-14.91,26.62,24.61,28.8,27.67,27.13,33.48,28.05,-1.43,-3.44,0.75,-0.38,-0.92,5.43
ERI,36.0,91,190,18.18,52.6,155,188,26.57,30.2,159,191,15.21,46.4,161,188,23.38,46.0,157,189,23.17,48.3,158,189,24.35,44.9,163,188,22.6,48.2,157,188,24.32,44.3,162,188,22.3,45.3,161,188,22.81,4.11,180,188,9.49,179,186,49.4,163,189,24.91,40.8,165,188,20.53,32.3,154,186,16.24,2030.0,185,190,Eritrea,9.49794156955411,8.216300405427544,8.587661872264968,7.71683918670531,8.734511322577028,3.6145917535618217,4.0,3.7,3.26,96,194,188,188,189,188,189,1,ERI,36,4,2,32,5.6,34,2,1,Doubly closed,17.98,5.4,22.92,20.24,25.13,23.48,23.23,29.32,24.05,-1.13,-3.81,1.08,-0.57,-0.82,5.27
ESP,161.0,4,5,81.31,162.2,3,3,81.92,168.5,4,5,85.3,168.1,3,3,85.1,167.9,3,3,84.99,166.2,4,4,84.13,172.0,3,3,87.09,161.0,5,5,81.44,172.4,3,3,87.31,171.0,3,3,86.6,82.84,27,30,64.02,15,18,165.3,3,3,83.58,172.6,4,4,87.62,177.9,12,24,90.9,12364.0,4,4,Spain,35.196540657496534,36.05229022083716,26.63451185516621,27.642440072014036,32.94320057486928,9.62719565065544,93.0,93.0,22.32,52,87,3,3,4,3,8,1,ESP,161,93,93,68,57.8,68,0,0,Frictionless core,76.9,8.2,84.94,88.79,77.95,84.1,87.63,78.09,83.58,1.36,5.21,-5.63,0.52,4.05,-5.49
EST,158.0,7,28,79.8,159.8,14,29,80.71,165.9,14,28,83.87,166.1,13,27,83.97,165.8,14,27,83.84,164.5,16,28,83.08,169.6,13,27,85.83,159.2,15,29,80.42,170.3,14,27,86.14,168.7,16,27,85.34,83.3,18,19,63.36,21,24,163.1,16,28,82.42,171.2,17,28,86.61,178.3,8,15,90.24,12170.0,16,19,Estonia,34.677526961215044,35.56118746334009,26.427581694055455,27.46839529073943,32.4646069428294,9.501980001484196,93.0,93.0,22.9,52,87,27,27,28,26,30,1,EST,158,93,93,65,58.9,65,0,0,Frictionless core,81.89,2.08,83.69,87.58,77.34,83.57,86.36,77.08,82.6,1.09,4.98,-5.26,0.97,3.76,-5.52
ETH,42.0,86,180,21.21,55.8,149,180,28.18,35.2,150,181,17.76,49.0,155,181,24.72,48.6,150,181,24.52,51.0,151,181,25.76,47.5,157,181,23.94,50.6,150,181,25.57,47.2,156,181,23.79,48.0,155,181,24.2,5.12,171,178,11.08,177,184,52.3,155,181,26.4,43.1,159,181,21.73,34.0,150,181,17.11,2168.0,182,187,Ethiopia,10.104687721465286,8.820647206474716,8.949986665794007,8.252181758357619,9.134825314404534,3.7466857776025857,119.0,128.8,73.03,34,55,181,181,181,181,181,0,ETH,42,119,22,-77,52.4,20,97,2,Open but unreciprocated (tier 3),19.66,5.06,24.39,21.72,26.19,25.11,24.3,30.39,25.35,-0.96,-3.63,0.84,-0.24,-1.05,5.04
FIN,160.0,5,6,80.81,161.4,4,4,81.52,167.9,5,6,84.94,167.5,5,6,84.74,167.3,4,5,84.65,165.9,6,6,83.86,171.0,5,5,86.59,161.0,5,5,81.38,171.6,6,6,86.87,170.1,6,6,86.11,84.07,9,9,64.55,8,8,164.6,6,6,83.2,172.4,6,7,87.37,178.7,5,8,90.83,12278.0,10,11,Finland,35.08012395088757,35.79173217933047,26.697803512094357,27.63947966205867,32.67130483865357,9.65052123383085,93.0,93.0,22.85,52,87,6,5,7,4,9,2,FIN,160,93,93,67,58.1,67,0,0,Frictionless core,82.41,2.33,84.66,88.15,78.13,84.09,86.91,78.28,83.37,1.29,4.78,-5.24,0.72,3.54,-5.09
FJI,81.0,53,107,40.91,91.2,81,105,46.06,75.7,88,110,38.23,85.7,91,107,43.28,85.0,86,107,42.92,87.7,87,107,44.29,84.4,89,107,42.65,86.3,84,107,43.55,84.6,90,107,42.74,85.0,89,107,42.95,38.54,94,98,39.97,79,82,88.4,89,107,44.65,80.3,95,108,40.54,71.2,85,107,35.91,5529.0,100,104,Fiji,17.531034659296377,16.758345999605595,15.077322553154024,14.46159003543664,15.963151797931744,5.887194280074486,112.0,112.0,75.77,37,58,107,107,108,104,108,1,FJI,81,112,52,-31,64.2,29,60,3,Guarded middle (tier 2),54.94,-11.66,42.31,41.27,44.13,44.0,42.46,47.75,43.65,-1.34,-2.38,0.48,0.35,-1.19,4.1
FRA,160.0,5,6,80.81,161.2,6,10,81.41,167.8,6,8,84.93,167.3,7,11,84.68,167.1,6,10,84.59,165.5,9,12,83.76,170.9,6,9,86.51,160.6,8,14,81.26,171.5,7,8,86.84,170.0,7,8,86.06,82.15,30,33,63.78,19,22,164.4,8,10,83.12,172.0,10,14,87.28,177.9,12,24,90.77,12212.0,13,16,France,35.04527594968054,35.835477473069396,26.62153623982978,27.53736174825128,32.632717641493294,9.631497323662048,93.0,93.0,22.08,52,87,11,8,13,5,16,5,FRA,160,93,93,67,58.1,67,0,0,Frictionless core,77.83,6.85,84.58,88.26,77.91,83.78,86.81,78.13,83.24,1.34,5.02,-5.33,0.54,3.57,-5.11
FSM,104.0,45,95,52.53,115.5,70,92,58.33,108.3,72,93,54.59,119.3,76,92,60.13,119.4,72,92,60.18,117.4,73,92,59.17,123.1,74,92,62.08,112.6,70,92,56.7,122.8,75,92,61.9,122.3,76,92,61.67,45.2,73,77,30.19,100,104,117.4,75,92,59.23,123.0,79,92,61.92,129.4,71,91,65.06,7472.0,88,92,Micronesia,25.03556607066561,25.485065776798756,18.38564568021509,19.53139459262092,24.325928659425433,6.522115732262221,198.0,198.0,100.0,1,1,92,92,92,90,94,0,FSM,104,198,104,-94,100.0,0,94,0,Frictionless core,43.64,16.49,60.42,62.76,53.81,59.42,64.71,52.9,59.0,1.42,3.76,-5.19,0.42,5.71,-6.1
GAB,56.0,73,146,28.28,68.2,122,149,34.44,48.1,122,148,24.28,60.4,131,149,30.49,59.9,124,149,30.24,63.0,122,148,31.8,58.3,129,151,29.43,62.8,120,146,31.72,57.8,131,151,29.18,58.9,131,151,29.73,6.67,150,156,15.13,157,161,64.2,128,149,32.42,53.5,133,149,26.99,42.6,124,149,21.46,3138.0,154,159,Gabon,12.333582166286604,10.783095204187614,11.239243897007563,10.16835620008152,11.212517415002848,4.63641683890213,9.0,75.1,36.43,91,182,149,148,151,146,152,3,GAB,56,9,8,47,14.3,48,1,1,Doubly closed,46.19,-15.7,29.77,26.56,32.89,30.94,29.83,37.61,31.27,-1.5,-4.71,1.62,-0.33,-1.44,6.34
GBR,156.0,9,36,78.79,156.9,20,38,79.24,163.7,20,38,82.85,163.2,23,39,82.59,163.1,24,39,82.55,161.2,25,39,81.55,167.2,23,39,84.64,156.1,22,39,78.96,167.5,24,39,84.81,166.1,25,39,84.08,61.52,49,53,45.25,69,72,160.2,25,39,80.99,168.2,27,39,85.32,174.9,21,38,89.15,12147.0,18,21,United Kingdom,34.21037101905348,34.95245646969569,25.768827901121025,26.7804834607262,32.16263552718368,9.3280260279785,86.0,60.5,14.62,57,129,39,39,39,35,41,0,GBR,156,86,86,70,55.1,70,0,0,Frictionless core,78.26,4.33,82.56,86.08,75.41,81.48,85.56,75.66,81.12,1.44,4.96,-5.71,0.36,4.44,-5.46
GEO,119.0,33,72,60.1,125.0,56,76,63.13,125.5,53,72,63.42,130.8,60,76,66.09,130.5,60,77,65.94,129.1,60,76,65.22,133.7,61,78,67.58,124.9,54,74,63.09,134.9,60,76,68.19,133.1,63,78,67.27,54.66,59,63,46.89,62,65,128.0,60,77,64.67,135.3,65,78,68.38,140.5,60,79,70.98,8194.0,79,83,Georgia,27.5494602052297,28.54330781500702,20.51899680366648,21.6887376377336,25.09492213359289,7.398877681924394,103.0,121.2,51.96,43,67,76,74,79,74,84,5,GEO,119,103,83,16,69.7,36,20,0,Frictionless core,60.65,5.44,66.49,70.3,60.05,65.98,66.76,60.02,64.93,1.56,5.37,-4.88,1.05,1.83,-4.91
GHA,64.0,67,132,32.32,76.0,103,128,38.38,53.3,114,138,26.92,65.8,119,136,33.23,65.1,113,136,32.88,68.8,112,135,34.75,63.8,117,137,32.22,68.1,111,135,34.41,63.1,119,137,31.85,64.4,117,137,32.52,6.55,153,159,18.08,133,137,70.8,115,135,35.76,56.5,126,139,28.53,42.0,126,152,21.18,4882.0,109,113,Ghana,13.30361913222755,11.688494506246805,12.2062602658249,11.05229102253836,12.466706820527794,5.085398528585985,62.0,58.6,17.45,71,154,136,135,137,133,137,2,GHA,64,62,42,2,65.6,22,20,1,Doubly closed,45.39,-12.16,32.11,28.79,35.72,33.62,33.16,41.25,34.11,-2.0,-5.32,1.61,-0.49,-0.95,7.14
GIN,53.0,76,156,26.77,66.1,127,156,33.38,45.7,128,154,23.04,58.7,134,154,29.6,58.2,129,154,29.35,61.5,126,153,31.01,56.3,132,154,28.37,61.6,125,153,31.11,55.6,135,155,28.0,57.1,134,154,28.77,8.0,141,147,17.88,135,139,62.3,134,155,31.44,51.9,137,154,26.13,41.1,127,154,20.67,3332.0,150,155,Guinea,11.968023517558889,10.139679987769092,11.096292123942892,9.92266908705962,10.985339181319102,4.570152437108844,22.0,83.4,40.43,83,169,154,153,155,149,157,2,GIN,53,22,20,31,37.7,33,2,1,Doubly closed,19.51,10.09,28.88,24.97,32.47,30.19,29.22,37.07,30.47,-1.59,-5.5,2.0,-0.28,-1.25,6.6
GMB,65.0,66,130,32.83,76.1,102,127,38.43,54.7,112,136,27.59,66.2,117,134,33.4,65.6,111,134,33.09,69.1,111,134,34.88,64.2,115,135,32.39,68.6,109,133,34.59,63.2,118,136,31.87,64.8,115,134,32.69,6.75,149,155,17.73,136,140,71.1,113,133,35.89,57.0,123,136,28.72,42.6,124,149,21.43,4827.0,111,115,Gambia,13.436001886235228,11.627371416979624,12.291304058468942,11.019207628029656,12.668302907360344,5.149102423739366,132.0,131.8,59.12,28,47,134,132,136,130,137,4,GMB,65,132,54,-67,83.1,11,78,2,Open but unreciprocated (tier 3),37.26,-3.86,32.43,28.64,35.97,33.52,33.7,41.77,34.34,-1.91,-5.7,1.63,-0.82,-0.64,7.43
GNB,49.0,80,165,24.75,62.7,133,163,31.67,40.7,140,169,20.51,54.6,144,168,27.52,54.2,138,169,27.31,57.1,139,168,28.79,52.7,146,169,26.55,57.2,137,168,28.84,51.7,147,170,26.04,53.3,144,168,26.85,5.65,164,171,15.5,152,156,58.6,142,166,29.56,47.3,152,171,23.81,35.9,143,174,18.05,3204.0,152,157,Guinea-Bissau,11.084295754614736,9.386062321878628,10.322888519381394,9.089520826393048,10.458052527629064,4.280740889198831,198.0,170.4,85.81,1,1,168,166,170,164,173,4,GNB,49,198,49,-149,100.0,0,149,2,Open but unreciprocated (tier 3),23.11,4.41,26.75,23.12,30.21,27.65,27.82,34.72,28.38,-1.63,-5.26,1.83,-0.73,-0.56,6.34
GNQ,54.0,75,153,27.27,65.6,128,157,33.13,45.5,129,156,22.95,57.4,137,158,28.95,57.0,132,158,28.75,59.8,131,159,30.16,55.4,135,158,27.94,60.1,131,161,30.33,54.6,138,160,27.54,55.9,137,158,28.19,5.43,168,175,14.05,163,168,61.4,136,159,30.99,49.9,144,163,25.14,38.4,136,165,19.32,2944.0,159,164,Equatorial Guinea,11.719468853737524,10.129176774717402,10.803855994814064,9.572169151238011,10.695213602574064,4.461168753264253,5.0,72.6,36.1,95,192,160,158,161,158,162,3,GNQ,54,5,3,49,5.6,51,2,1,Doubly closed,35.13,-6.18,28.28,24.95,31.62,29.12,28.45,36.19,29.77,-1.49,-4.82,1.85,-0.65,-1.32,6.42
GRC,159.0,6,19,80.3,160.6,10,20,81.11,166.7,11,23,84.34,166.7,11,24,84.34,166.5,12,21,84.23,164.9,13,25,83.41,170.3,11,20,86.2,159.9,12,26,80.82,170.9,12,22,86.51,169.3,14,25,85.71,83.15,22,25,63.26,25,28,163.8,13,20,82.8,171.5,14,25,86.92,177.8,13,26,90.4,12299.0,8,9,Greece,34.8840294258407,35.65666499097673,26.51555333297688,27.44172212120737,32.61305717879569,9.559793882966794,93.0,93.0,22.79,52,87,25,20,25,13,26,5,GRC,159,93,93,66,58.5,66,0,0,Frictionless core,74.95,9.39,84.19,87.82,77.6,83.49,86.75,77.54,82.9,1.29,4.92,-5.3,0.59,3.85,-5.36
GRD,128.0,27,63,64.65,135.6,46,64,68.48,132.9,47,66,67.07,139.9,50,66,70.6,139.9,49,66,70.57,138.4,50,66,69.85,143.2,49,66,72.31,134.3,46,65,67.66,142.9,51,66,72.19,142.5,51,66,71.96,57.89,55,59,48.82,53,56,137.8,48,64,69.57,143.4,53,66,72.3,148.4,48,66,74.71,9586.0,57,61,Grenada,29.231907228273148,29.51137990353253,22.287010477496185,22.890316642770177,27.92664921603211,8.031560181787377,123.0,123.0,68.26,30,50,66,64,66,62,67,2,GRD,128,123,101,5,78.9,27,22,0,Frictionless core,58.71,11.89,70.55,72.68,65.22,69.64,74.29,65.15,69.59,0.96,3.09,-4.37,0.05,4.7,-4.44
GTM,114.0,37,79,57.58,124.7,58,78,62.98,121.7,58,77,61.44,131.4,59,75,66.34,131.4,58,75,66.35,129.3,59,75,65.28,135.1,57,74,68.2,124.5,55,75,62.89,135.5,59,75,68.39,134.4,59,74,67.85,42.25,80,84,33.07,92,95,128.1,59,76,64.69,137.5,60,73,69.38,147.4,49,67,74.27,8106.0,81,85,Guatemala,27.614767929454043,28.331682001847245,20.371943819034687,21.63830215633447,26.218833411643196,7.1969860520489295,86.0,86.0,26.61,57,129,75,73,76,73,78,3,GTM,114,86,68,28,59.6,46,18,0,Frictionless core,46.7,19.64,66.64,69.78,59.62,65.83,69.74,58.38,65.0,1.64,4.78,-5.38,0.83,4.74,-6.62
GUY,82.0,52,105,41.41,91.3,80,103,46.11,77.6,85,107,39.18,86.3,90,106,43.57,85.5,85,106,43.18,88.2,86,106,44.5,85.5,87,105,43.18,86.1,85,108,43.5,85.6,89,106,43.23,86.0,87,105,43.42,20.42,113,117,22.78,115,119,88.8,88,106,44.84,81.1,94,107,40.93,71.9,84,106,36.23,5751.0,97,101,Guyana,17.64582997033356,16.911330980061226,14.95294302241942,14.472317135208552,16.353661119312708,5.938513810121581,62.0,109.6,51.51,71,154,106,104,107,101,108,3,GUY,82,62,38,20,46.3,44,24,3,Guarded middle (tier 2),54.19,-10.62,42.59,41.65,43.76,44.03,43.5,48.17,43.95,-1.36,-2.3,-0.19,0.08,-0.45,4.22
HKG,153.0,11,41,77.27,154.5,24,42,78.03,161.1,24,42,81.52,161.1,26,42,81.52,160.9,27,42,81.44,159.5,28,42,80.64,163.8,27,43,82.91,155.9,23,40,78.83,164.6,28,43,83.34,163.1,29,43,82.58,71.54,35,38,61.02,33,36,157.9,28,43,79.82,166.3,30,42,84.31,173.0,24,41,88.04,10492.0,47,51,Hong Kong,33.69811769999616,34.29463803900197,26.032206898160556,26.594009457625766,31.125170705000865,9.320386778260724,147.0,164.2,56.49,21,39,42,41,43,39,43,2,HKG,153,147,131,6,85.6,22,16,0,Frictionless core,73.71,7.81,81.33,84.46,76.19,80.91,82.8,75.6,80.21,1.12,4.25,-4.02,0.7,2.59,-4.61
HND,114.0,37,79,57.58,123.8,59,81,62.53,121.0,60,79,61.07,130.0,63,79,65.61,130.0,61,79,65.61,128.0,62,79,64.62,133.7,61,78,67.45,123.4,58,79,62.32,134.0,62,78,67.61,132.9,64,79,67.06,38.26,95,99,29.8,101,105,127.0,62,79,64.12,135.4,64,77,68.28,143.4,57,75,72.2,8397.0,72,76,Honduras,27.31412054455857,28.089011901742108,20.21032596706754,21.33764261166883,25.80659409174207,7.233264838764049,86.0,86.0,26.23,57,129,79,78,79,78,80,1,HND,114,86,68,28,59.6,46,18,0,Frictionless core,43.85,21.76,65.92,69.18,59.15,64.92,68.65,58.67,64.42,1.5,4.76,-5.27,0.5,4.23,-5.75
HRV,159.0,6,19,80.3,160.4,12,23,81.01,167.0,9,20,84.46,166.8,10,19,84.36,166.6,11,19,84.25,165.0,12,21,83.44,170.3,11,20,86.16,160.1,10,20,80.89,170.9,12,22,86.48,169.4,13,22,85.71,84.12,7,7,64.56,7,7,163.8,13,20,82.79,171.9,11,18,87.05,178.7,5,8,90.65,12114.0,21,25,Croatia,34.89091294013896,35.70970573605568,26.569098857540023,27.518133217704246,32.54867915888263,9.55001533393958,93.0,93.0,22.87,52,87,20,18,22,17,26,4,HRV,159,93,93,66,58.5,66,0,0,Frictionless core,72.42,11.94,84.2,87.95,77.76,83.72,86.58,77.47,82.95,1.25,5.0,-5.19,0.77,3.63,-5.48
HTI,45.0,84,176,22.73,57.8,147,178,29.19,40.9,139,168,20.61,53.1,147,172,26.76,52.8,141,172,26.61,54.8,145,174,27.63,51.8,150,173,26.09,54.8,142,173,27.65,51.0,150,173,25.7,52.1,147,173,26.25,9.29,135,140,13.84,166,173,55.4,151,176,27.95,48.9,147,166,24.61,42.4,125,151,21.32,2306.0,180,185,Haiti,10.957054895102267,9.734137200125298,9.674885807303824,8.813641786018524,9.96147534384026,3.9503695682589086,193.0,193.0,98.81,4,19,173,172,174,170,176,2,HTI,45,193,44,-148,97.8,1,149,2,Open but unreciprocated (tier 3),25.55,1.21,26.44,23.97,28.31,26.81,26.5,32.04,27.34,-0.9,-3.37,0.97,-0.53,-0.84,4.7
HUN,159.0,6,19,80.3,160.4,12,23,81.01,167.0,9,20,84.45,166.8,10,19,84.35,166.5,12,21,84.2,165.0,12,21,83.44,170.4,10,16,86.16,160.0,11,23,80.88,171.0,11,18,86.51,169.5,12,18,85.72,83.98,11,11,64.49,11,13,163.8,13,20,82.78,171.9,11,18,87.03,178.7,5,8,90.61,12160.0,17,20,Hungary,34.852238519530694,35.715029792487385,26.540628309001555,27.489992933192752,32.634297701410446,9.542723927330748,93.0,93.0,22.8,52,87,21,17,24,13,27,7,HUN,159,93,93,66,58.5,66,0,0,Frictionless core,63.75,20.6,84.11,87.96,77.67,83.63,86.81,77.41,82.93,1.18,5.03,-5.26,0.7,3.88,-5.52
IDN,77.0,57,113,38.89,85.7,87,112,43.28,71.8,89,112,36.3,80.2,97,113,40.55,79.5,92,113,40.19,82.3,92,113,41.63,78.0,95,113,39.41,82.8,88,111,41.89,78.3,96,113,39.56,78.5,95,113,39.67,18.36,115,119,25.02,108,112,83.0,93,112,41.94,74.5,99,112,37.7,64.1,91,113,32.46,3937.0,131,135,Indonesia,16.58389529488419,15.697082883786788,14.624558403285114,13.411678894581422,13.981155616340429,5.874552561323264,98.0,120.7,71.05,47,80,113,112,113,111,113,1,IDN,77,98,41,-21,53.2,36,57,3,Guarded middle (tier 2),45.49,-4.94,40.02,38.66,42.8,40.8,37.19,47.65,41.19,-1.17,-2.53,1.61,-0.39,-4.0,6.46
IND,55.0,74,150,27.78,69.3,119,146,35.0,47.6,124,150,24.06,62.1,125,143,31.39,61.4,119,143,31.04,64.2,119,143,32.48,61.1,121,142,30.85,62.5,121,147,31.63,60.8,123,142,30.72,61.2,122,142,30.92,8.13,139,145,15.38,155,159,65.7,124,144,33.2,55.2,129,143,27.92,43.4,121,145,21.97,3459.0,141,145,India,12.60753308573293,11.781892839856155,10.967810462998852,10.380051304788068,11.752253292432869,4.5915170563894785,6.0,61.9,17.35,94,190,143,142,145,139,148,3,IND,55,6,3,49,5.5,52,3,1,Doubly closed,39.41,-8.02,30.43,29.02,32.1,31.58,31.26,37.24,31.94,-1.51,-2.92,0.16,-0.36,-0.68,5.3
IRL,160.0,5,6,80.81,161.0,8,14,81.31,167.3,7,17,84.7,167.0,9,16,84.54,166.8,9,16,84.48,165.4,10,15,83.67,170.5,9,15,86.36,160.6,8,14,81.25,171.1,10,16,86.66,169.6,11,16,85.91,83.05,25,28,63.94,17,20,164.2,10,15,83.02,171.8,12,21,87.22,177.7,14,29,90.81,12116.0,20,24,Ireland,34.86920814669777,35.70908944739816,26.709164565866537,27.54366663354855,32.59536350655799,9.618143508569204,78.0,78.0,21.01,63,140,16,14,17,12,20,3,IRL,160,78,78,82,48.8,82,0,0,Frictionless core,85.73,-1.19,84.15,87.94,78.17,83.8,86.71,78.02,83.13,1.02,4.81,-4.96,0.67,3.58,-5.11
IRN,39.0,89,186,19.7,52.5,156,189,26.52,34.1,153,184,17.23,47.4,159,185,23.95,46.9,154,185,23.7,49.0,156,187,24.77,46.0,161,186,23.23,48.9,155,186,24.73,45.9,158,183,23.19,46.2,160,187,23.34,4.84,175,182,6.91,183,191,49.9,162,188,25.21,42.6,160,182,21.54,34.7,149,180,17.54,1885.0,190,195,Iran,9.75377268843838,8.92848828468518,8.654978996082509,7.936946816760026,8.506327018387212,3.571950637554117,188.0,166.2,78.89,7,23,186,183,188,182,189,5,IRN,39,188,39,-149,100.0,0,149,2,Open but unreciprocated (tier 3),46.2,-22.25,23.54,21.99,25.33,24.15,22.63,28.97,24.44,-0.9,-2.45,0.89,-0.29,-1.81,4.53
IRQ,29.0,95,196,14.65,45.4,164,197,22.93,24.0,164,196,12.12,39.9,168,196,20.15,39.5,164,196,19.95,41.6,165,196,21.01,38.6,171,197,19.48,41.4,163,195,20.93,38.4,170,196,19.39,39.0,169,197,19.69,2.55,186,194,5.17,187,195,42.6,171,197,21.52,35.2,169,195,17.77,28.0,160,192,14.12,1642.0,192,197,Iraq,8.184470698716728,7.222214183021641,7.359305653424563,6.734240665903642,7.360588664656155,3.070007124537927,9.0,73.9,35.5,91,182,196,196,197,195,197,1,IRQ,29,9,3,20,10.3,26,6,1,Doubly closed,41.35,-21.2,19.75,17.79,21.54,20.49,19.58,24.9,20.67,-0.92,-2.88,0.87,-0.18,-1.09,4.23
ISL,155.0,10,39,78.28,157.0,19,37,79.29,163.8,19,37,82.8,164.1,21,37,82.95,163.9,22,37,82.87,162.5,23,36,82.06,167.6,21,37,84.81,157.4,20,37,79.47,168.4,22,36,85.2,166.8,23,37,84.37,83.29,19,20,63.24,27,30,160.8,23,37,81.25,169.9,21,33,85.94,177.8,13,26,89.96,11566.0,35,39,Iceland,34.32253858751972,35.215962142371026,26.08612878579608,27.13743020485255,31.998477038363824,9.383220944918516,93.0,93.0,22.91,52,87,37,35,37,34,39,2,ISL,155,93,93,62,60.0,62,0,0,Frictionless core,84.9,-1.95,82.83,86.73,76.34,82.56,85.12,76.11,81.62,1.21,5.11,-5.28,0.94,3.5,-5.51
ISR,140.0,17,50,70.71,144.6,32,50,73.03,145.6,32,51,73.6,149.5,34,50,75.58,149.4,33,50,75.54,147.3,36,51,74.42,153.5,34,50,77.63,142.6,33,50,72.05,153.4,35,50,77.59,152.8,35,50,77.26,57.3,57,61,36.72,83,86,147.0,34,50,74.28,153.9,39,51,77.85,161.3,32,50,81.63,11032.0,41,45,Israel,31.202927247324435,32.07602649225801,23.57465778567898,24.453179884767355,29.764633490338227,8.380697596608009,101.0,104.6,44.19,45,72,50,50,51,50,52,1,ISR,140,101,100,39,71.4,40,1,0,Frictionless core,74.19,1.39,75.3,79.0,68.99,74.39,79.18,67.98,74.14,1.16,4.86,-5.15,0.25,5.04,-6.16
ITA,160.0,5,6,80.81,161.0,8,14,81.31,167.8,6,8,84.92,167.2,8,14,84.61,167.0,7,13,84.52,165.4,10,15,83.69,170.8,7,11,86.45,160.5,9,17,81.19,171.4,8,13,86.77,169.9,8,11,85.99,82.49,29,32,63.9,18,21,164.3,9,13,83.06,172.1,9,13,87.29,178.2,9,18,90.79,12358.0,6,7,Italy,35.02992533149779,35.819870985989034,26.605500716070942,27.529809892111356,32.631024302126626,9.611038617868994,93.0,93.0,22.2,52,87,13,10,15,7,19,5,ITA,160,93,93,67,58.1,67,0,0,Frictionless core,73.92,10.69,84.54,88.22,77.86,83.76,86.8,77.96,83.19,1.35,5.03,-5.33,0.57,3.61,-5.23
JAM,84.0,51,104,42.42,94.0,78,101,47.47,78.6,84,106,39.69,88.1,86,102,44.49,87.2,82,102,44.03,90.7,83,102,45.8,86.0,85,103,43.44,90.0,79,101,45.42,86.5,87,104,43.69,86.8,85,101,43.84,22.34,109,113,27.08,106,110,91.1,84,101,46.01,81.8,91,104,41.28,69.8,87,109,35.18,6340.0,94,98,Jamaica,17.958918515231336,17.06197531811407,15.911973949522812,14.88196288633884,15.911666851092573,6.32402615687658,124.0,120.8,68.59,29,48,102,101,105,100,105,4,JAM,84,124,58,-40,69.0,26,66,3,Guarded middle (tier 2),59.9,-15.41,43.34,42.02,46.57,45.28,42.33,51.3,45.14,-1.8,-3.12,1.43,0.14,-2.81,6.16
JOR,49.0,80,165,24.75,62.2,136,167,31.41,44.4,133,160,22.43,57.2,139,161,28.9,56.6,134,161,28.59,59.6,132,161,30.12,54.9,138,161,27.74,59.4,132,162,30.0,55.5,136,156,28.04,55.8,138,161,28.19,13.27,128,132,18.12,132,136,59.7,140,163,30.16,52.3,136,153,26.42,43.5,120,144,21.96,2956.0,158,163,Jordan,11.78923974777545,10.756840531879796,10.551568483421908,9.911928672946448,9.946798964937384,4.281236119220929,144.0,124.0,64.87,23,41,161,155,164,153,167,9,JOR,49,144,34,-95,69.4,15,110,3,Guarded middle (tier 2),50.54,-21.64,28.45,26.49,30.88,30.16,26.46,34.73,29.53,-1.08,-3.04,1.35,0.63,-3.07,5.2
JPN,162.0,3,4,81.82,160.5,11,22,81.06,170.0,3,3,86.04,167.3,7,11,84.67,167.1,6,10,84.58,165.5,9,12,83.74,170.4,10,16,86.27,161.2,4,4,81.56,171.5,7,8,86.81,169.7,10,15,85.89,89.46,2,2,81.71,3,3,164.1,11,17,82.96,172.5,5,5,87.52,178.9,4,6,91.23,11619.0,34,38,Japan,35.1457420364859,35.875627190858076,26.736158365884947,27.66907571425652,32.25917672811203,9.614655234126992,74.0,75.8,37.53,65,143,9,5,20,4,30,15,JPN,162,74,74,88,45.7,88,0,0,Frictionless core,76.62,8.05,84.82,88.35,78.25,84.18,85.81,77.99,83.23,1.59,5.12,-4.98,0.95,2.58,-5.24
KAZ,78.0,56,112,39.39,84.1,89,114,42.47,75.7,88,110,38.26,80.7,96,112,40.78,79.8,91,112,40.33,82.6,91,112,41.74,78.5,94,112,39.65,82.5,89,112,41.73,79.9,95,112,40.38,79.2,94,112,40.0,44.12,76,80,45.45,68,71,82.5,94,113,41.68,76.4,98,111,38.62,66.9,88,110,33.81,4340.0,122,126,Kazakhstan,16.75277661439401,16.423100524224143,14.42881344277743,13.783775206279753,13.55461686084456,5.724838649067183,85.0,124.6,79.9,58,132,112,111,113,111,116,2,KAZ,78,85,38,-7,48.7,40,47,3,Guarded middle (tier 2),51.58,-10.8,40.43,40.45,42.23,41.93,36.06,46.44,41.26,-0.83,-0.81,0.97,0.67,-5.2,5.18
KEN,66.0,65,128,33.33,76.0,103,128,38.38,56.1,109,132,28.33,66.6,115,132,33.63,66.0,110,132,33.32,69.3,109,132,35.02,64.6,113,132,32.6,68.8,108,132,34.77,63.9,116,134,32.24,65.4,113,132,33.01,7.99,142,148,18.16,131,135,71.2,112,132,35.96,58.1,122,135,29.32,45.1,114,137,22.73,4868.0,110,114,Kenya,13.553594935249738,11.869532937965827,12.265052989107335,11.1889516259557,12.665098208450866,5.034326103641179,198.0,161.7,75.16,1,1,132,131,135,130,135,4,KEN,66,198,66,-132,100.0,0,132,2,Open but unreciprocated (tier 3),41.82,-8.19,32.71,29.23,35.89,34.04,33.69,40.84,34.4,-1.69,-5.17,1.49,-0.36,-0.71,6.44
KGZ,61.0,69,139,30.81,72.1,111,137,36.41,55.3,110,134,27.93,66.1,118,135,33.38,65.3,112,135,32.97,68.0,113,136,34.35,64.4,114,133,32.52,67.7,112,136,34.19,65.2,113,131,32.93,64.8,115,134,32.72,14.3,123,127,16.99,140,144,69.2,116,136,34.95,59.9,119,132,30.24,48.3,109,131,24.36,3703.0,137,141,Kyrgyzstan,13.712341233388615,13.227876078304009,11.854048876022048,11.161215255276566,11.259830029370086,4.894297411642967,84.0,123.0,55.85,59,134,135,131,137,129,142,6,KGZ,61,84,20,-23,32.8,41,64,3,Guarded middle (tier 2),46.13,-12.75,33.09,32.58,34.69,33.96,29.95,39.7,33.99,-0.9,-1.41,0.7,-0.03,-4.04,5.71
KHM,50.0,79,162,25.25,64.5,131,161,32.58,45.2,131,158,22.81,59.3,133,153,29.93,58.8,128,153,29.68,61.3,127,154,30.95,57.8,130,152,29.15,60.6,128,158,30.62,57.9,130,150,29.21,58.1,133,153,29.31,11.45,131,136,18.23,129,133,61.9,135,157,31.25,54.5,132,148,27.49,46.5,112,135,23.42,2497.0,176,181,Cambodia,12.327308126207267,11.199549954656767,10.57491369899777,10.054595399395833,10.806139601287036,4.35228660512669,197.0,168.6,85.94,2,12,153,150,157,146,161,7,KHM,50,197,50,-147,100.0,0,147,2,Open but unreciprocated (tier 3),30.05,-0.12,29.75,27.58,30.95,30.59,28.75,35.3,30.49,-0.74,-2.91,0.46,0.1,-1.74,4.81
KIR,112.0,39,84,56.57,122.9,60,82,62.07,114.9,67,87,57.9,125.8,68,84,63.39,125.8,65,84,63.38,124.1,66,83,62.53,130.3,65,83,65.7,117.9,64,85,59.37,129.4,67,84,65.22,129.4,67,83,65.21,26.63,106,110,21.74,118,122,124.4,65,82,62.75,128.4,72,85,64.62,132.8,68,88,66.76,8367.0,74,78,Kiribati,26.37670492204993,26.57193581605775,19.145134173232503,20.501197078745765,26.206075969229495,7.011868815880282,123.0,123.0,78.54,30,50,84,83,85,78,85,2,KIR,112,123,85,-11,75.9,27,38,0,Frictionless core,43.18,20.21,63.66,65.44,56.03,62.37,69.71,56.88,62.35,1.31,3.09,-6.32,0.02,7.36,-5.47
KNA,136.0,20,54,68.69,142.2,35,53,71.82,140.6,37,56,70.99,146.2,39,55,73.82,146.0,38,55,73.69,144.6,39,55,73.01,149.8,39,55,75.71,139.9,36,55,70.48,149.6,40,55,75.63,149.0,40,55,75.31,39.1,90,94,33.78,90,93,144.3,39,55,72.87,149.2,45,57,75.29,152.9,44,62,77.05,10356.0,49,53,Saint Kitts and Nevis,30.56424543952514,31.074024810328854,23.161718583090263,23.868272113920295,29.025825687535377,8.476993955156258,121.0,113.2,61.88,32,53,55,55,55,53,56,0,KNA,136,121,99,15,72.8,37,22,0,Frictionless core,73.47,0.35,73.76,76.53,67.78,72.62,77.21,68.76,72.78,0.98,3.75,-5.0,-0.16,4.43,-4.02
KOR,163.0,2,2,82.32,161.4,4,4,81.52,171.2,2,2,86.66,168.1,3,3,85.09,167.9,3,3,85.0,166.4,3,3,84.2,171.0,5,5,86.62,162.3,3,3,82.09,172.1,4,4,87.16,170.3,4,4,86.25,94.61,1,1,84.33,1,1,164.9,4,4,83.37,173.3,3,3,87.96,179.5,1,1,91.68,11628.0,33,37,South Korea,35.303073046872896,35.96714056471764,26.96269927529639,27.844463676828028,32.36825578880386,9.666463582070095,110.0,126.4,49.22,38,60,3,3,4,3,25,1,KOR,163,110,109,53,66.9,54,1,0,Frictionless core,78.98,6.11,85.2,88.58,78.91,84.71,86.1,78.41,83.65,1.55,4.93,-4.74,1.06,2.45,-5.24
KWT,96.0,46,96,48.48,99.8,74,97,50.4,90.8,75,96,45.89,94.3,82,98,47.66,93.5,78,98,47.25,96.8,78,97,48.91,91.7,81,99,46.35,96.9,74,96,48.95,92.8,81,98,46.92,92.3,83,99,46.64,41.25,83,87,47.86,57,60,97.1,81,98,49.06,88.3,85,98,44.64,76.4,77,98,38.61,5958.0,95,99,Kuwait,19.613982238668054,18.647401358814985,16.981309021742025,16.043828020716955,16.28463015577278,6.753540796944376,57.0,49.6,14.54,75,160,98,97,99,96,100,2,KWT,96,57,17,39,17.7,79,40,3,Guarded middle (tier 2),54.84,-7.18,47.34,45.93,49.7,48.81,43.32,54.78,48.31,-0.97,-2.38,1.39,0.5,-4.99,6.47
LAO,45.0,84,176,22.73,60.2,141,172,30.4,41.3,138,167,20.84,55.8,142,165,28.16,55.4,136,165,27.96,57.8,137,166,29.18,53.8,142,165,27.13,58.1,135,166,29.34,53.9,140,163,27.19,54.3,141,165,27.39,14.82,121,125,20.11,124,128,58.0,145,169,29.28,51.6,138,157,26.02,44.4,116,140,22.35,2340.0,178,183,Laos,11.602427495861798,10.432195390755068,10.282503443472775,9.47825724846278,9.857261172860358,4.171042985387487,170.0,146.8,73.63,13,30,165,162,167,158,170,5,LAO,45,170,37,-125,82.2,8,133,3,Guarded middle (tier 2),30.35,-2.19,28.0,25.69,30.09,28.84,26.22,33.83,28.78,-0.78,-3.09,1.31,0.06,-2.56,5.05
LBN,43.0,85,179,21.72,56.4,148,179,28.48,37.5,147,178,18.94,50.5,154,180,25.5,50.0,149,180,25.24,52.2,150,180,26.37,49.3,156,179,24.89,51.6,149,180,26.04,49.2,153,177,24.85,49.6,154,180,25.05,5.61,166,173,9.49,179,186,53.4,153,179,26.97,45.1,157,178,22.77,36.1,142,173,18.2,2558.0,174,179,Lebanon,10.347423139763476,9.609342762804,9.109606927591251,8.50312086566616,9.212558112379826,3.747113654596588,103.0,88.6,45.18,43,67,180,177,180,175,180,3,LBN,43,103,17,-60,39.5,26,86,2,Open but unreciprocated (tier 3),50.82,-25.32,24.97,23.67,26.66,25.87,24.51,30.39,26.01,-1.04,-2.34,0.65,-0.14,-1.5,4.38
LBR,47.0,82,170,23.74,60.6,140,171,30.61,38.9,145,175,19.62,52.6,149,175,26.52,52.3,144,175,26.37,55.2,144,173,27.85,50.3,152,175,25.36,55.9,140,171,28.2,49.4,152,176,24.89,51.1,149,175,25.76,5.76,162,169,16.0,150,154,56.5,147,172,28.51,45.6,155,176,22.97,35.0,147,178,17.6,3142.0,153,158,Liberia,10.668891267001383,8.834905075996947,10.170737370008691,8.8170107202903,9.986181521671996,4.146703289941274,14.0,72.4,27.03,89,180,175,172,176,171,178,4,LBR,47,14,14,33,29.8,33,0,1,Doubly closed,32.57,-6.05,25.75,21.76,29.77,26.82,26.56,33.64,27.38,-1.63,-5.62,2.39,-0.56,-0.82,6.26
LBY,40.0,88,185,20.2,53.8,153,186,27.17,33.9,154,185,17.12,47.4,159,185,23.93,46.9,154,185,23.68,49.4,155,185,24.94,46.2,160,184,23.32,49.0,154,185,24.77,45.3,161,187,22.87,46.3,159,185,23.37,3.62,182,190,7.96,181,189,50.6,160,186,25.55,41.5,163,186,20.95,31.9,155,187,16.08,2316.0,179,184,Libya,9.544672042495293,8.547206630060506,8.794546223690975,7.860238189290602,8.976312104871505,3.694895052373124,2.0,67.8,32.16,98,196,185,184,187,183,187,3,LBY,40,2,2,38,5.0,38,0,1,Doubly closed,42.01,-18.08,23.03,21.05,25.74,23.91,23.88,29.97,24.6,-1.57,-3.55,1.14,-0.69,-0.72,5.37
LCA,125.0,30,69,63.13,133.4,49,67,67.37,128.9,50,69,65.03,136.9,53,69,69.06,136.9,52,69,69.04,135.4,53,69,68.33,140.7,51,68,70.98,130.5,49,69,65.78,140.1,54,69,70.73,139.9,53,68,70.58,33.9,101,105,28.62,104,108,135.3,52,69,68.29,139.8,56,69,70.45,144.4,55,73,72.65,9434.0,60,64,Saint Lucia,28.579738380883217,28.901705872017875,21.55101529399411,22.33188109966973,27.685251415480717,7.866994583430414,143.0,135.8,68.92,24,43,69,68,69,68,70,1,LCA,125,143,105,-18,84.0,20,38,0,Frictionless core,53.27,15.79,68.97,71.18,63.07,67.94,73.65,63.81,68.1,0.87,3.08,-5.03,-0.16,5.55,-4.29
LIE,156.0,9,36,78.79,156.8,21,39,79.19,164.4,18,36,83.03,163.9,22,38,82.78,163.6,23,38,82.65,162.1,24,38,81.78,167.5,22,38,84.7,156.9,21,38,79.11,168.2,23,37,85.05,166.6,24,38,84.2,83.14,23,26,62.87,29,32,160.5,24,38,81.06,169.7,22,34,85.68,178.0,11,20,89.77,11756.0,30,34,Liechtenstein,34.20202280799902,35.23482014337342,26.027242805894293,27.07601555945961,31.99351736610203,9.331682614879345,93.0,93.0,22.92,52,87,38,37,38,34,40,1,LIE,156,93,93,63,59.6,63,0,0,Frictionless core,81.27,1.51,82.54,86.78,76.17,82.37,85.11,75.69,81.44,1.1,5.34,-5.27,0.93,3.67,-5.75
LKA,39.0,89,186,19.7,54.6,151,183,27.58,32.1,155,186,16.22,47.3,160,187,23.9,46.7,155,187,23.59,49.4,155,185,24.97,46.2,160,184,23.34,48.0,158,189,24.25,45.8,159,185,23.14,46.6,158,184,23.54,3.16,183,191,6.64,185,193,50.9,158,184,25.71,40.9,164,187,20.66,31.6,156,188,15.95,2786.0,165,170,Sri Lanka,9.529314500975138,8.69491837187964,8.50946059475037,7.997455485929377,8.991603147022321,3.583160998238338,193.0,164.4,81.24,4,19,186,184,187,183,188,3,LKA,39,193,38,-154,97.4,1,155,2,Open but unreciprocated (tier 3),62.53,-38.63,23.0,21.41,24.9,24.33,23.92,29.06,24.44,-1.44,-3.03,0.46,-0.11,-0.52,4.62
LSO,70.0,61,121,35.35,78.9,98,123,39.85,62.4,101,124,31.49,71.1,109,126,35.88,70.6,104,126,35.62,73.4,103,126,37.06,70.1,106,124,35.37,71.9,102,126,36.28,69.5,108,126,35.05,70.4,107,126,35.53,11.83,129,133,17.91,134,138,75.0,104,123,37.86,63.7,114,127,32.12,51.4,105,127,25.87,4773.0,114,118,Lesotho,14.534330210051117,13.249568307818103,12.594018860389564,11.810686753509092,13.758963224074298,5.187206036263094,81.0,81.0,19.76,61,136,126,123,126,120,127,3,LSO,70,81,41,-11,58.6,29,40,2,Open but unreciprocated (tier 3),42.87,-6.99,35.08,32.63,36.86,35.93,36.6,42.08,36.53,-1.45,-3.9,0.33,-0.6,0.07,5.55
LTU,157.0,8,34,79.29,158.8,17,34,80.2,164.6,17,34,83.23,164.8,19,34,83.33,164.5,20,34,83.19,163.1,21,34,82.42,168.6,17,33,85.31,157.7,18,34,79.69,169.0,19,33,85.49,167.6,20,33,84.79,63.6,45,49,46.21,64,67,161.9,20,34,81.82,169.6,23,35,85.84,176.2,19,36,89.27,12065.0,25,29,Lithuania,34.40214222798359,35.27899967596,26.13202915637632,27.155325163243504,32.38745133425703,9.428790471586304,93.0,93.0,22.88,52,87,34,33,34,33,35,1,LTU,157,93,93,64,59.2,64,0,0,Frictionless core,77.14,6.19,83.02,86.89,76.48,82.62,86.15,76.48,81.94,1.08,4.95,-5.46,0.68,4.21,-5.46
LUX,160.0,5,6,80.81,161.4,4,4,81.52,167.9,5,6,84.92,167.6,4,5,84.77,167.3,4,5,84.67,166.0,5,5,83.87,171.1,4,4,86.59,161.0,5,5,81.38,171.8,5,5,86.93,170.2,5,5,86.13,84.2,5,5,64.61,5,5,164.7,5,5,83.24,172.5,5,5,87.36,179.1,2,2,90.87,12353.0,7,8,Luxembourg,34.95851280205554,35.903385550287425,26.77211883523102,27.64837658626034,32.66203274493608,9.662851205700465,93.0,93.0,22.91,52,87,5,4,7,4,13,3,LUX,160,93,93,67,58.1,67,0,0,Frictionless core,86.55,-1.78,84.37,88.42,78.35,84.12,86.88,78.38,83.42,0.95,5.0,-5.07,0.7,3.46,-5.04
LVA,158.0,7,28,79.8,159.8,14,29,80.71,165.9,14,28,83.9,166.0,14,28,83.95,165.8,14,27,83.84,164.3,17,29,83.06,169.6,13,27,85.83,159.2,15,29,80.42,170.2,15,28,86.12,168.7,16,27,85.37,83.29,19,20,63.35,22,25,163.1,16,28,82.43,171.1,18,29,86.62,178.0,11,20,90.25,12035.0,27,31,Latvia,34.69155549953333,35.54592489517811,26.419531885506338,27.401155114712736,32.4832874090845,9.492918779712308,93.0,93.0,22.89,52,87,28,27,29,26,31,2,LVA,158,93,93,65,58.9,65,0,0,Frictionless core,78.29,5.66,83.72,87.54,77.32,83.36,86.41,77.0,82.56,1.16,4.98,-5.24,0.8,3.85,-5.56
MAC,129.0,26,62,65.15,134.3,47,65,67.83,137.5,41,60,69.51,141.7,46,62,71.63,141.6,45,62,71.56,139.6,46,62,70.55,145.3,45,62,73.5,135.0,43,62,68.11,146.1,46,61,73.96,144.4,47,62,73.04,64.24,43,46,49.78,51,54,138.1,47,63,69.78,148.4,47,59,75.06,158.4,36,54,80.14,8735.0,69,73,Macao,29.85816021702673,30.777674704154627,22.14559006617227,23.40717439124401,27.658181979472012,7.891045395445728,191.0,175.8,69.71,6,22,62,61,62,59,65,1,MAC,129,191,126,-62,97.7,3,65,0,Frictionless core,66.91,4.72,72.06,75.8,64.81,71.21,73.57,64.01,70.24,1.82,5.56,-5.43,0.97,3.33,-6.23
MAR,71.0,60,118,35.86,81.0,93,118,40.91,62.5,100,123,31.58,72.6,106,122,36.68,71.8,102,123,36.28,75.6,98,119,38.21,70.1,106,124,35.41,75.5,95,118,38.16,69.7,107,125,35.21,70.8,105,124,35.77,15.41,119,123,23.13,114,118,76.8,101,120,38.8,64.6,111,124,32.65,51.7,104,126,26.11,4322.0,124,128,Morocco,14.660637568244104,13.34244838473112,13.596500088555851,12.24881586987403,13.198675602542504,5.524273759679037,78.0,78.0,55.35,63,140,123,119,124,116,127,5,MAR,71,78,24,-7,33.8,47,54,1,Doubly closed,43.68,-7.0,35.38,32.86,39.79,37.27,35.11,44.81,37.54,-2.16,-4.68,2.25,-0.27,-2.43,7.27
MCO,153.0,11,41,77.27,154.2,25,43,77.88,161.9,23,41,81.77,161.7,25,41,81.67,161.4,26,41,81.54,160.1,27,41,80.76,164.5,26,42,83.24,155.8,24,41,78.51,165.6,26,41,83.76,164.0,28,42,82.9,83.27,20,22,63.21,28,31,158.1,27,41,79.85,167.7,28,40,84.68,176.3,18,34,88.93,10808.0,44,48,Monaco,33.7915010857794,34.620740423208204,25.931593475747707,26.867100034115904,31.240196713165737,9.199098836687453,93.0,93.0,22.92,52,87,41,40,42,39,43,2,MCO,153,93,90,60,58.8,63,3,0,Frictionless core,77.06,4.61,81.55,85.26,75.89,81.74,83.1,74.62,80.36,1.19,4.9,-4.47,1.38,2.74,-5.74
MDA,109.0,42,90,55.05,116.8,67,89,58.99,114.1,68,88,57.63,121.7,74,90,61.47,121.5,70,90,61.37,120.1,71,89,60.64,124.8,72,90,63.08,115.9,68,89,58.51,125.4,73,90,63.36,124.1,74,90,62.71,30.19,103,107,24.68,109,113,119.4,72,89,60.31,125.4,77,90,63.33,129.4,71,91,65.28,8174.0,80,84,Moldova,25.58188246124119,26.373272773204583,19.042253605558475,20.017513889901853,23.765515372170356,6.925344283439727,102.0,134.2,51.81,44,71,90,89,90,87,92,1,MDA,109,102,75,7,68.8,34,27,0,Frictionless core,60.32,1.15,61.74,64.95,55.73,60.9,63.22,56.17,60.45,1.29,4.5,-4.72,0.45,2.77,-4.28
MDG,57.0,72,145,28.79,69.0,120,147,34.85,49.7,120,144,25.06,61.6,127,145,31.06,61.2,120,144,30.86,64.2,119,143,32.39,59.6,124,145,30.03,64.0,119,144,32.32,59.2,126,145,29.82,60.3,125,145,30.39,6.81,147,153,15.4,154,158,65.3,125,146,32.95,54.6,131,145,27.5,42.9,122,146,21.57,3478.0,140,144,Madagascar,12.730594797939473,10.943290127128506,11.35423236718192,10.3551809420457,11.529307512981063,4.708792757266383,196.0,166.6,84.46,3,16,145,143,146,143,147,3,MDG,57,196,56,-139,98.2,1,140,2,Open but unreciprocated (tier 3),22.53,8.53,30.72,26.95,33.23,31.5,30.67,38.2,31.88,-1.16,-4.93,1.35,-0.38,-1.21,6.32
MDV,86.0,49,99,43.43,94.1,77,100,47.53,80.6,82,104,40.71,88.0,87,103,44.45,87.2,82,102,44.04,90.1,84,103,45.51,86.4,83,101,43.67,89.1,82,104,44.94,86.9,86,103,43.92,86.8,85,101,43.86,48.78,65,69,60.46,35,38,91.1,84,101,46.02,81.7,92,105,41.26,70.3,86,108,35.47,5473.0,102,106,Maldives,18.237174504533503,17.264956111140133,15.50136301403599,14.825785741877812,15.9368938764671,6.2201953282179,197.0,168.2,90.4,2,12,103,102,105,101,105,3,MDV,86,197,86,-111,100.0,0,111,3,Guarded middle (tier 2),60.0,-15.55,44.01,42.52,45.37,45.11,42.39,50.46,44.98,-0.97,-2.46,0.39,0.13,-2.59,5.48
MEX,136.0,20,54,68.69,141.2,38,56,71.31,142.7,36,55,72.14,147.2,38,54,74.41,147.0,37,54,74.31,145.3,38,54,73.47,150.9,38,54,76.21,140.3,35,54,70.99,151.6,39,54,76.63,150.1,39,54,75.85,39.03,91,95,33.84,88,91,144.4,38,54,72.97,151.9,42,54,76.84,157.6,37,55,79.76,10160.0,51,55,Mexico,30.901809238456625,31.802037703824876,23.08070865067765,24.26217607439365,28.83758517085176,8.320766757310203,66.0,65.1,18.81,69,151,54,54,54,53,56,0,MEX,136,66,60,70,44.1,76,6,0,Frictionless core,52.85,21.56,74.58,78.32,67.55,73.81,76.71,67.49,73.08,1.5,5.24,-5.53,0.73,3.63,-5.59
MHL,110.0,41,87,55.56,120.1,64,86,60.66,114.1,68,88,57.51,123.8,71,87,62.4,124.0,68,87,62.5,122.0,69,87,61.46,127.6,69,87,64.37,117.3,66,87,59.05,127.2,70,87,64.15,126.8,71,87,63.94,44.22,75,79,28.96,103,107,122.0,70,87,61.55,127.3,75,88,64.08,133.4,67,86,67.06,8240.0,77,81,Marshall Islands,25.970000222757427,26.285011119224155,19.20016976997891,20.301406616424988,25.265592858740447,6.808202461381928,110.0,98.3,48.86,38,60,87,86,87,85,89,1,MHL,110,110,76,0,69.1,34,34,0,Frictionless core,56.03,6.37,62.67,64.74,56.19,61.76,67.21,55.22,61.3,1.37,3.44,-5.11,0.46,5.91,-6.08
MKD,117.0,34,74,59.09,124.7,58,78,62.98,123.6,56,75,62.44,130.7,61,77,66.02,130.6,59,76,65.97,128.9,61,78,65.09,134.1,60,77,67.77,124.3,56,77,62.76,134.6,61,77,68.01,133.5,62,77,67.45,52.95,62,66,45.05,70,73,127.8,61,78,64.55,135.8,63,76,68.59,142.8,58,77,72.06,8396.0,73,77,North Macedonia,27.50904259669632,28.22513889017828,20.376881772810055,21.5333411108655,25.708533595680976,7.3493038328748845,80.0,80.0,23.88,62,139,77,76,77,75,80,1,MKD,117,80,67,37,57.3,50,13,0,Frictionless core,61.48,4.54,66.39,69.51,59.63,65.51,68.39,59.61,64.84,1.55,4.67,-5.21,0.67,3.55,-5.23
MLI,50.0,79,162,25.25,63.8,132,162,32.22,41.6,137,166,20.97,55.8,142,165,28.13,55.4,136,165,27.94,58.4,136,165,29.45,53.4,143,166,26.91,58.9,133,163,29.75,52.6,143,166,26.49,54.1,142,166,27.26,6.06,158,165,16.3,142,146,59.7,140,163,30.12,48.4,148,167,24.37,36.8,141,171,18.51,3534.0,139,143,Mali,11.31878386833849,9.624887806362768,10.687734056411106,9.376704593866,10.400593731943712,4.356343619389785,26.0,25.7,11.64,81,167,166,164,166,162,168,2,MLI,50,26,23,24,46.0,27,3,1,Doubly closed,11.39,16.74,27.32,23.7,31.28,28.53,27.67,35.34,28.97,-1.65,-5.27,2.31,-0.44,-1.3,6.37
MLT,159.0,6,19,80.3,161.0,8,14,81.31,166.6,12,26,84.23,167.0,9,16,84.43,166.7,10,18,84.29,165.5,9,12,83.62,170.3,11,20,86.19,160.6,8,14,81.06,170.9,12,22,86.47,169.5,12,18,85.77,83.4,17,18,63.99,16,19,164.2,10,15,82.97,171.8,12,21,86.93,178.5,6,11,90.39,12372.0,3,3,Malta,34.817400390602614,35.60500729454136,26.7541982995018,27.600339568659553,32.62579155893995,9.599507996847157,93.0,93.0,22.91,52,87,17,12,21,5,25,9,MLT,159,93,93,66,58.5,66,0,0,Frictionless core,82.04,2.39,84.03,87.69,78.3,83.97,86.79,77.87,83.11,0.92,4.58,-4.81,0.86,3.68,-5.24
MMR,41.0,87,181,20.71,55.8,149,180,28.18,36.7,149,180,18.52,50.9,153,179,25.69,50.5,148,179,25.48,52.7,149,179,26.62,49.3,156,179,24.85,52.6,148,179,26.58,49.2,153,177,24.81,49.7,153,179,25.06,9.06,136,141,14.05,163,168,53.3,154,180,26.91,46.6,154,173,23.5,40.0,130,157,20.14,1949.0,187,192,Myanmar,10.617281216991588,9.37457145975589,9.244656869574966,8.571689270190378,9.264972497732968,3.8395224853667926,16.0,45.6,53.4,87,174,179,177,179,175,180,2,MMR,41,16,10,25,24.4,31,6,1,Doubly closed,26.34,-0.65,25.62,23.09,27.06,26.08,24.65,31.14,26.27,-0.65,-3.18,0.79,-0.19,-1.62,4.87
MNE,117.0,34,74,59.09,125.4,54,74,63.33,124.5,54,73,62.9,131.9,57,73,66.64,131.7,56,73,66.53,130.1,57,73,65.71,134.9,58,75,68.21,126.0,53,73,63.59,135.9,58,73,68.69,134.3,60,75,67.88,57.79,56,60,47.22,59,62,128.8,57,74,65.06,137.3,61,74,69.37,144.6,54,72,73.0,8339.0,75,79,Montenegro,27.814820494096804,28.633446851402375,20.674955884521772,21.78146091505248,25.501747099757768,7.475435577669458,101.0,101.0,26.44,45,72,73,73,76,73,82,3,MNE,117,101,77,16,65.8,40,24,0,Frictionless core,70.04,-3.4,67.13,70.52,60.51,66.27,67.84,60.64,65.48,1.65,5.04,-4.97,0.79,2.36,-4.84
MNG,64.0,67,132,32.32,75.7,105,131,38.23,61.6,102,125,31.12,72.6,106,122,36.67,72.0,101,122,36.38,74.4,101,123,37.56,70.4,105,123,35.57,74.7,97,121,37.75,71.5,104,121,36.11,71.2,104,123,35.97,41.11,84,88,42.9,74,77,74.2,107,126,37.48,69.4,105,118,35.05,62.9,93,115,31.74,3404.0,146,151,Mongolia,15.079910192768294,14.427389229571297,13.099205508289796,12.475449432339108,12.452736995199656,5.076083408467005,67.0,99.8,54.53,68,150,122,120,126,119,128,6,MNG,64,67,25,-3,39.1,39,42,3,Guarded middle (tier 2),54.58,-17.91,36.39,35.53,38.34,37.95,33.13,41.17,37.08,-0.69,-1.55,1.26,0.87,-3.95,4.09
MOZ,56.0,73,146,28.28,68.2,122,149,34.44,47.8,123,149,24.11,60.1,132,151,30.31,59.5,127,152,30.01,62.5,124,150,31.55,58.6,128,150,29.53,61.6,125,153,31.11,58.0,129,149,29.22,59.1,130,150,29.79,8.15,138,144,17.66,137,141,64.1,129,150,32.35,52.6,134,150,26.5,40.9,128,155,20.57,3614.0,138,142,Mozambique,12.24602174015089,10.830408858892232,10.919046716167468,10.022436022859488,11.496868715527638,4.567266927042427,192.0,170.8,78.21,5,21,151,148,152,147,153,4,MOZ,56,192,54,-136,96.4,2,138,2,Open but unreciprocated (tier 3),23.66,6.65,29.55,26.67,31.96,30.49,30.58,37.05,31.05,-1.5,-4.38,0.91,-0.56,-0.47,6.0
MRT,52.0,77,159,26.26,65.1,130,160,32.88,44.4,133,160,22.39,57.4,137,158,28.95,57.0,132,158,28.76,59.8,131,159,30.16,55.3,136,159,27.88,60.3,130,160,30.46,54.6,138,160,27.51,55.9,137,158,28.18,6.09,156,163,13.93,164,170,61.2,137,160,30.89,50.4,142,161,25.39,39.6,132,159,19.92,3095.0,156,161,Mauritania,11.78242986950462,10.103749377151688,10.810526537039207,9.564991934092015,10.648717998718448,4.4812524485175995,9.0,74.8,36.42,91,182,159,158,161,158,162,3,MRT,52,9,8,43,15.4,44,1,1,Doubly closed,28.85,0.1,28.44,24.88,31.64,29.1,28.33,36.35,29.79,-1.35,-4.91,1.85,-0.69,-1.46,6.56
MUS,127.0,28,65,64.14,133.4,49,67,67.37,131.4,48,67,66.38,137.2,52,68,69.31,137.2,51,68,69.31,136.0,52,68,68.7,140.5,52,69,71.02,131.1,48,68,66.16,140.4,53,68,70.96,139.8,54,69,70.65,58.92,54,58,49.53,52,55,135.4,51,68,68.4,140.5,55,68,70.97,145.3,52,70,73.34,9556.0,58,62,Mauritius,28.721583350209514,28.876805840366742,21.6629491731215,22.59910779949871,27.537747509465184,7.84569197533634,182.0,171.6,86.84,9,26,68,68,68,68,69,0,MUS,127,182,123,-55,96.9,4,59,0,Frictionless core,67.28,2.03,69.32,71.12,63.4,68.75,73.25,63.64,68.25,1.07,2.87,-4.85,0.5,5.0,-4.61
MWI,67.0,64,125,33.84,77.6,100,125,39.19,58.8,105,128,29.66,69.3,111,128,34.95,68.6,106,128,34.6,71.7,105,128,36.18,68.1,109,128,34.34,70.0,106,130,35.33,67.6,110,128,34.06,68.5,109,128,34.54,6.98,145,151,15.49,153,157,73.4,108,128,37.04,61.2,117,130,30.83,47.5,110,132,23.89,4756.0,116,120,Malawi,14.148097883820393,12.86348247716435,12.26719530060167,11.573025952807283,13.278551218858162,5.139033013703246,148.0,152.9,68.52,20,38,128,128,129,125,130,1,MWI,67,148,56,-81,83.6,11,92,2,Open but unreciprocated (tier 3),32.77,2.18,34.14,31.68,35.9,35.21,35.32,41.69,35.66,-1.52,-3.98,0.24,-0.45,-0.34,6.03
MYS,160.0,5,6,80.81,161.3,5,9,81.46,165.0,16,33,83.46,165.7,17,32,83.81,165.4,18,32,83.66,164.8,14,26,83.36,168.0,18,34,84.96,160.8,7,10,81.34,168.7,20,34,85.32,167.5,21,34,84.7,67.26,41,44,62.0,32,35,163.7,14,26,82.74,168.8,25,37,85.5,172.3,27,44,87.46,11221.0,39,43,Malaysia,34.66721168880552,34.940939494001775,26.908278481267285,27.45117784374093,31.9243340036101,9.789567486177791,167.0,176.8,88.2,14,31,32,19,34,4,39,15,MYS,160,167,149,-7,93.1,11,18,0,Frictionless core,60.33,23.48,83.66,86.05,78.75,83.52,84.92,79.41,82.72,0.94,3.33,-3.97,0.8,2.2,-3.31
NAM,69.0,62,123,34.85,79.4,96,121,40.1,61.2,103,126,30.9,71.7,108,125,36.2,71.1,103,125,35.9,74.4,101,123,37.56,69.9,107,126,35.3,73.3,101,125,37.02,69.9,106,124,35.28,70.6,106,125,35.65,13.56,126,130,20.34,122,126,75.6,103,122,38.18,64.4,112,125,32.5,51.9,103,125,26.16,4768.0,115,119,Namibia,14.754702590474633,13.291594049533504,12.88558228747502,12.113589290298917,13.365797364610088,5.329341211429087,137.0,141.1,57.0,25,44,125,123,125,121,126,2,NAM,69,137,52,-68,75.4,17,85,2,Open but unreciprocated (tier 3),50.92,-14.72,35.61,32.73,37.71,36.85,35.55,43.23,36.95,-1.34,-4.22,0.76,-0.1,-1.4,6.28
NER,53.0,76,156,26.77,65.4,129,159,33.03,44.5,132,159,22.43,56.9,140,163,28.69,56.6,134,161,28.54,59.5,133,162,30.01,54.5,140,163,27.46,60.5,129,159,30.55,53.4,142,165,26.89,55.2,140,163,27.82,6.31,155,162,16.16,147,151,61.0,138,161,30.78,49.4,145,164,24.87,38.2,137,166,19.21,3430.0,143,148,Niger,11.62674981488359,9.708909457136675,10.967368617677556,9.468548975655333,10.611234620541609,4.487731090788659,19.0,19.0,6.29,85,171,163,161,165,158,165,4,NER,53,19,19,34,35.8,34,0,1,Doubly closed,14.4,14.29,28.06,23.91,32.1,28.81,28.23,36.4,29.58,-1.52,-5.67,2.52,-0.77,-1.35,6.82
NGA,41.0,87,181,20.71,55.4,150,182,27.98,31.7,157,188,16.01,46.4,161,188,23.43,46.1,156,188,23.28,48.6,157,188,24.56,44.9,163,188,22.65,48.7,156,187,24.63,43.3,163,189,21.84,45.3,161,188,22.86,1.99,188,196,6.87,184,192,50.7,159,185,25.6,38.7,166,189,19.53,27.7,161,193,13.96,3354.0,148,153,Nigeria,9.173260427305948,7.790628654205154,8.939793661764021,7.598552907567443,9.196140988748896,3.6704989127838545,18.0,81.0,36.15,86,173,188,186,189,184,191,3,NGA,41,18,18,23,43.9,23,0,1,Doubly closed,30.41,-6.98,22.14,19.19,26.16,23.12,24.46,29.77,24.14,-2.0,-4.95,2.02,-1.02,0.32,5.63
NIC,110.0,41,87,55.56,120.2,63,85,60.71,116.6,63,83,58.83,126.1,67,83,63.62,126.1,64,83,63.62,124.1,66,83,62.62,129.7,66,84,65.39,119.5,63,84,60.35,130.3,66,83,65.72,128.9,68,84,65.0,36.15,98,102,27.97,105,109,123.2,68,85,62.19,131.4,68,81,66.22,139.5,61,80,70.2,7656.0,84,88,Nicaragua,26.586950175817943,27.313599248151476,19.5104114283507,20.751137089228735,24.943860962118837,6.982850866922268,162.0,151.0,43.77,16,34,83,83,85,81,86,2,NIC,110,162,98,-52,89.1,12,64,0,Frictionless core,38.85,24.77,64.16,67.27,57.1,63.13,66.35,56.64,62.44,1.72,4.83,-5.34,0.69,3.91,-5.8
NLD,160.0,5,6,80.81,161.4,4,4,81.52,167.8,6,8,84.93,167.4,6,8,84.73,167.2,5,7,84.64,165.7,8,8,83.81,171.0,5,5,86.59,160.9,6,8,81.37,171.5,7,8,86.85,170.0,7,8,86.08,83.5,16,17,64.4,13,16,164.6,6,6,83.22,172.2,8,9,87.36,178.1,10,19,90.82,12278.0,10,11,Netherlands,35.01930751512912,35.81068759181393,26.705098282444123,27.591307763825867,32.66984442520274,9.649678577538936,93.0,93.0,22.7,52,87,7,6,9,4,10,3,NLD,160,93,93,67,58.1,67,0,0,Frictionless core,83.15,1.58,84.51,88.19,78.15,83.94,86.91,78.27,83.33,1.18,4.86,-5.18,0.61,3.58,-5.06
NOR,160.0,5,6,80.81,160.8,9,18,81.21,167.8,6,8,84.91,167.0,9,16,84.5,166.8,9,16,84.42,165.4,10,15,83.62,170.4,10,16,86.29,160.5,9,17,81.15,171.1,10,16,86.63,169.6,11,16,85.86,83.97,12,13,64.55,8,8,164.1,11,17,82.95,172.0,10,14,87.21,178.3,8,15,90.75,12110.0,22,26,Norway,34.97861855677555,35.697108916663794,26.637209019184898,27.56634764780247,32.53192230265425,9.630623590773617,93.0,93.0,22.85,52,87,16,14,18,13,23,4,NOR,160,93,93,67,58.1,67,0,0,Frictionless core,84.53,-0.03,84.42,87.92,77.96,83.87,86.54,78.12,83.14,1.28,4.78,-5.18,0.73,3.4,-5.02
NPL,36.0,91,190,18.18,53.4,154,187,26.97,30.7,158,189,15.5,47.6,158,184,24.03,47.1,153,184,23.78,49.7,154,184,25.11,45.8,162,187,23.12,49.5,153,184,25.0,45.5,160,186,22.96,46.3,159,185,23.37,14.01,125,129,31.45,97,100,50.5,161,187,25.5,42.2,162,184,21.3,33.6,152,183,16.93,2098.0,183,188,Nepal,9.703792924497527,8.549763455304731,8.857661412590547,8.109482004590603,8.731180664438659,3.6190504269159263,186.0,158.2,81.12,8,24,184,184,186,183,187,2,NPL,36,186,35,-150,97.2,1,151,2,Open but unreciprocated (tier 3),44.21,-20.18,23.42,21.06,25.92,24.67,23.23,29.36,24.61,-1.19,-3.55,1.31,0.06,-1.38,4.75
NRU,73.0,58,115,36.87,83.5,90,115,42.17,66.5,94,117,33.55,76.5,100,116,38.6,75.8,95,116,38.24,78.3,95,116,39.49,76.2,97,115,38.51,75.9,94,117,38.2,75.8,99,116,38.28,76.3,98,116,38.54,14.23,124,128,16.25,144,148,80.0,96,115,40.38,69.9,104,117,35.23,59.0,96,118,29.69,4799.0,113,117,Nauru,15.695089463007625,14.930291243115017,13.10687937611022,12.692157125720428,14.720582826663705,5.395508000837428,16.0,14.0,2.98,87,174,116,115,117,111,118,2,NRU,73,16,15,57,20.5,58,1,1,Doubly closed,63.41,-24.81,37.88,36.77,38.36,38.61,39.16,43.77,39.09,-1.21,-2.32,-0.73,-0.48,0.07,4.68
NZL,158.0,7,28,79.8,159.0,16,33,80.3,166.1,13,27,84.01,165.9,15,29,83.91,165.7,15,29,83.81,164.0,19,32,82.91,169.4,15,30,85.73,159.3,14,28,80.5,170.0,16,29,86.04,168.5,18,30,85.26,83.23,21,24,63.31,23,26,162.6,19,32,82.18,171.4,15,26,86.81,178.9,4,6,90.79,11714.0,32,36,New Zealand,34.742029086844845,35.51895445158363,26.418410476161824,27.33789643991996,32.345191218379185,9.492276591322105,61.0,43.0,14.47,72,156,30,28,32,27,32,4,NZL,158,61,61,97,38.6,97,0,0,Frictionless core,80.75,3.16,83.84,87.48,77.32,83.17,86.04,77.0,82.48,1.36,5.0,-5.16,0.69,3.56,-5.48
OMN,82.0,52,105,41.41,88.4,84,109,44.65,79.8,83,105,40.33,85.3,92,108,43.11,84.4,87,108,42.66,87.7,87,107,44.31,82.6,90,108,41.75,87.7,83,106,44.33,84.0,91,108,42.46,83.3,90,108,42.09,44.63,74,78,48.47,56,59,87.0,90,108,43.96,81.4,93,106,41.16,72.8,83,104,36.81,5263.0,104,108,Oman,17.719974238451513,16.93069587213049,15.374470905464438,14.71210030428684,14.533854194892738,6.047296788001073,83.0,112.9,59.67,60,135,108,106,108,105,110,2,OMN,82,83,32,-1,39.0,50,51,3,Guarded middle (tier 2),56.92,-13.81,42.76,41.7,44.99,44.76,38.66,49.05,43.65,-0.89,-1.95,1.34,1.11,-4.99,5.4
PAK,29.0,95,196,14.65,46.2,163,196,23.33,23.0,165,197,11.61,39.7,169,197,20.04,39.3,165,197,19.84,41.4,166,197,20.91,39.0,170,196,19.67,40.3,164,197,20.38,38.2,171,197,19.27,39.2,168,196,19.77,1.05,189,197,3.36,189,197,42.8,170,196,21.61,34.1,171,197,17.2,25.7,164,196,12.95,2068.0,184,189,Pakistan,7.999064945289947,7.028796282015941,7.141085622034612,6.6236257251563435,7.9405950879550256,2.9792913255737448,9.0,73.0,28.22,91,182,197,196,197,194,197,1,PAK,29,9,4,20,13.8,25,5,1,Doubly closed,23.53,-3.49,19.3,17.31,20.9,20.15,21.12,24.17,20.49,-1.19,-3.18,0.41,-0.34,0.63,3.68
PAN,126.0,29,68,63.64,133.2,50,69,67.27,134.7,46,65,68.07,140.8,49,65,71.15,140.8,47,64,71.15,138.7,49,65,70.09,144.0,48,65,72.78,134.9,44,63,68.15,144.9,50,65,73.25,143.3,50,65,72.43,45.58,70,74,36.16,84,87,137.2,50,67,69.32,146.9,50,63,74.26,155.0,41,59,78.33,9242.0,64,68,Panama,29.78457428672123,30.37143504717829,22.15636469520181,23.190560407766448,27.35042474647354,7.914684332693874,116.0,116.0,30.14,35,56,65,64,66,63,67,2,PAN,126,116,95,10,75.4,31,21,0,Frictionless core,67.09,4.06,71.88,74.8,64.84,70.55,72.75,64.2,69.84,2.04,4.96,-5.0,0.71,2.91,-5.64
PER,133.0,23,59,67.17,138.1,41,59,69.75,140.3,38,57,70.91,144.6,41,57,73.08,144.5,41,58,73.03,142.6,42,58,72.07,148.3,41,57,74.95,137.9,40,59,69.72,149.2,41,56,75.41,147.5,42,57,74.55,63.58,46,50,53.1,44,47,141.5,42,58,71.49,149.9,44,56,75.8,156.2,40,58,78.98,9267.0,62,66,Peru,30.48130491737132,31.32564610901596,22.60487493350951,23.785363212226525,28.291649941063195,8.15636172736641,103.0,103.0,32.17,43,67,57,56,59,55,60,3,PER,133,103,93,30,69.9,40,10,0,Frictionless core,60.08,13.0,73.56,77.15,66.16,72.36,75.26,66.16,71.77,1.79,5.38,-5.61,0.59,3.49,-5.61
PHL,62.0,68,135,31.31,74.2,109,135,37.47,57.1,107,130,28.85,68.9,112,129,34.81,68.4,107,129,34.56,70.7,107,130,35.73,67.7,110,129,34.18,69.9,107,131,35.34,67.5,111,129,34.09,68.0,110,129,34.34,13.51,127,131,20.09,125,129,71.5,110,130,36.12,63.9,113,126,32.29,55.3,101,123,27.92,3340.0,149,154,Philippines,14.205798912989511,13.253685355404492,12.20706259133488,11.545289539773515,12.762485402400731,4.917093820393103,161.0,161.0,64.98,17,35,129,128,130,127,132,2,PHL,62,161,58,-99,93.5,4,103,2,Open but unreciprocated (tier 3),45.23,-10.42,34.28,32.64,35.72,35.12,33.95,39.89,35.27,-0.99,-2.63,0.45,-0.15,-1.32,4.62
PLW,105.0,44,93,53.03,116.6,68,90,58.89,109.4,70,91,55.21,120.5,75,91,60.81,120.6,71,91,60.85,118.5,72,91,59.79,124.2,73,91,62.75,114.0,69,91,57.41,123.8,74,91,62.55,123.3,75,91,62.28,47.03,67,71,29.6,102,106,118.5,74,91,59.83,124.4,78,91,62.73,131.7,70,90,66.3,7552.0,86,90,Palau,25.336124621340932,25.719830120369505,18.618471706367888,19.75061854538287,24.463604911105005,6.574652098440659,196.0,171.5,84.39,3,16,91,90,91,88,93,1,PLW,105,196,104,-91,99.0,1,92,0,Frictionless core,69.38,-8.57,61.14,63.34,54.49,60.09,65.08,53.33,59.58,1.56,3.76,-5.09,0.51,5.5,-6.25
PNG,72.0,59,116,36.36,81.6,91,116,41.21,65.0,96,119,32.78,74.1,102,118,37.37,73.3,97,118,36.98,76.4,97,118,38.53,73.4,100,118,37.01,74.0,99,123,37.37,73.0,101,118,36.78,73.7,100,118,37.16,14.94,120,124,20.32,123,127,77.9,99,118,39.32,67.1,109,122,33.8,55.7,100,122,28.02,4680.0,117,121,Papua New Guinea,15.065512358341508,14.236157149795323,12.910228496104189,12.416385095783792,14.21163678553443,5.3067202394173325,95.0,104.3,46.41,50,83,118,118,120,115,123,2,PNG,72,95,40,-23,55.6,32,55,2,Open but unreciprocated (tier 3),35.73,1.64,36.36,35.06,37.78,37.77,37.8,43.05,37.97,-1.61,-2.91,-0.19,-0.2,-0.17,5.08
POL,159.0,6,19,80.3,160.6,10,20,81.11,166.9,10,22,84.46,166.7,11,24,84.36,166.5,12,21,84.26,165.0,12,21,83.49,170.3,11,20,86.2,160.0,11,23,80.93,170.9,12,22,86.52,169.4,13,22,85.75,83.27,20,22,64.17,14,17,163.8,13,20,82.81,171.6,13,23,87.04,177.8,13,26,90.61,12074.0,24,28,Poland,34.86591517813387,35.698072925422515,26.538002096446633,27.50390000156775,32.57934568691792,9.554672158907737,93.0,93.0,22.47,52,87,22,19,24,17,25,5,POL,159,93,93,66,58.5,66,0,0,Frictionless core,75.09,9.27,84.14,87.92,77.67,83.68,86.66,77.5,82.93,1.21,4.99,-5.26,0.75,3.73,-5.43
PRK,37.0,90,189,18.69,51.1,158,191,25.81,30.7,158,189,15.47,44.4,163,191,22.37,43.9,159,191,22.12,46.4,160,191,23.38,42.7,165,191,21.5,46.5,159,190,23.47,42.5,165,191,21.39,43.1,163,191,21.71,4.19,179,187,11.13,176,183,47.7,165,191,24.06,38.3,167,192,19.27,28.7,159,191,14.43,2010.0,186,191,North Korea,9.049298029386408,8.100690382929322,8.37432420068842,7.480671952031882,7.934693081128878,3.4876807785041284,0.0,0.0,0.0,99,197,191,190,191,189,192,1,PRK,37,0,0,37,0.0,37,0,1,Doubly closed,21.55,0.82,21.84,19.95,24.51,22.76,21.11,28.29,23.08,-1.24,-3.13,1.43,-0.32,-1.97,5.21
PRT,159.0,6,19,80.3,160.8,9,18,81.21,166.7,11,23,84.33,166.8,10,19,84.38,166.6,11,19,84.28,165.0,12,21,83.46,170.4,10,16,86.24,160.1,10,20,80.92,171.0,11,18,86.55,169.5,12,18,85.78,83.1,24,27,63.25,26,29,163.9,12,19,82.85,171.6,13,23,86.95,178.0,11,20,90.45,12184.0,15,18,Portugal,34.88801439861372,35.703807466375665,26.555746624237315,27.45838150016007,32.61853599799852,9.570686545570828,93.0,93.0,22.79,52,87,19,17,23,13,25,6,PRT,159,93,93,66,58.5,66,0,0,Frictionless core,75.1,9.28,84.2,87.93,77.72,83.54,86.77,77.63,82.96,1.24,4.97,-5.24,0.58,3.81,-5.33
PRY,127.0,28,65,64.14,133.8,48,66,67.58,135.6,44,63,68.49,141.2,47,63,71.32,141.2,46,63,71.32,138.9,48,64,70.15,144.8,46,63,73.14,134.4,45,64,67.9,145.8,48,63,73.64,144.2,48,63,72.83,43.52,78,82,32.31,94,97,137.6,49,66,69.5,147.5,48,60,74.48,156.7,39,57,79.04,9249.0,63,67,Paraguay,29.78207521858655,30.641488068082698,21.99215363039128,23.287460870722377,27.659309723741632,7.808607453645554,71.0,70.7,26.23,66,147,63,63,65,62,67,2,PRY,127,71,67,56,52.8,60,4,0,Frictionless core,54.19,17.13,71.87,75.46,64.36,70.85,73.58,63.34,69.91,1.96,5.55,-5.55,0.94,3.67,-6.57
PSE,35.0,92,192,17.68,49.4,159,192,24.95,30.0,160,192,15.14,43.8,164,192,22.1,43.4,160,192,21.9,45.5,161,192,22.96,42.2,166,192,21.3,45.9,160,192,23.15,41.9,166,192,21.14,42.4,164,192,21.4,6.07,157,164,11.19,175,182,46.5,166,192,23.48,38.7,166,189,19.51,30.3,157,189,15.25,1898.0,189,194,Palestine,9.007779698670108,7.996630701878069,8.199154893894551,7.31469129918962,7.861265792068302,3.4122875645403767,156.0,156.0,77.49,18,36,192,192,192,192,193,0,PSE,35,156,23,-121,65.7,12,133,2,Open but unreciprocated (tier 3),43.05,-20.95,21.74,19.69,24.0,22.25,20.91,27.68,22.71,-0.97,-3.02,1.29,-0.46,-1.8,4.97
QAT,105.0,44,93,53.03,108.4,72,95,54.75,103.5,74,95,52.32,105.8,79,95,53.48,104.9,75,95,53.03,107.8,76,95,54.48,103.1,78,96,52.12,108.6,73,95,54.87,104.7,78,95,52.95,103.7,79,95,52.4,68.35,40,43,60.38,37,40,107.2,78,95,54.17,102.1,83,96,51.64,93.7,74,95,47.4,7141.0,91,95,Qatar,21.86456953589687,21.328136142954342,19.093472650008476,17.92187223129744,18.237409636047015,7.308843900079512,99.0,119.7,71.07,46,77,95,95,96,95,97,1,QAT,105,99,54,6,51.4,51,45,3,Guarded middle (tier 2),54.02,-0.54,52.77,52.53,55.88,54.52,48.51,59.29,53.92,-1.15,-1.39,1.96,0.6,-5.41,5.37
ROU,158.0,7,28,79.8,159.9,13,28,80.76,165.6,15,30,83.74,165.9,15,29,83.89,165.6,16,30,83.74,164.3,17,29,83.06,169.5,14,29,85.72,159.0,16,31,80.39,170.0,16,29,85.98,168.6,17,29,85.25,69.09,38,41,60.21,39,42,163.0,17,30,82.37,170.6,19,30,86.35,176.7,17,33,89.54,12221.0,12,15,Romania,34.680929872552326,35.49802660424676,26.363756567648743,27.36961316939968,32.43396324349779,9.54394777640448,93.0,93.0,22.68,52,87,29,28,31,27,31,3,ROU,158,93,92,65,58.2,66,1,0,Frictionless core,63.65,20.24,83.7,87.42,77.16,83.27,86.28,77.42,82.54,1.16,4.88,-5.38,0.73,3.74,-5.12
RUS,114.0,37,79,57.58,116.0,69,91,58.59,109.0,71,92,55.1,110.2,77,93,55.71,109.1,73,93,55.15,112.3,74,93,56.78,108.8,75,93,54.95,111.0,71,93,56.19,109.8,76,93,55.51,109.0,77,93,55.06,45.4,71,75,51.41,48,51,113.3,76,93,57.25,103.1,82,95,52.16,87.5,76,97,44.29,7340.0,90,94,Russia,22.690330638467213,22.442036179060455,19.323581628236703,18.432734497473504,19.608843772799876,7.717084527611826,66.0,87.4,41.99,69,151,93,93,94,87,95,1,RUS,114,66,64,48,56.1,50,2,3,Guarded middle (tier 2),46.45,9.26,54.76,55.27,56.55,56.08,52.16,62.6,56.24,-1.48,-0.97,0.31,-0.16,-4.08,6.36
RWA,62.0,68,135,31.31,71.0,113,139,35.86,50.9,118,142,25.67,61.0,129,147,30.77,60.7,121,146,30.61,63.6,120,145,32.11,58.7,127,149,29.59,64.6,117,142,32.6,57.4,132,152,28.94,59.2,129,149,29.85,7.93,143,149,20.01,126,130,65.8,123,143,33.21,52.4,135,152,26.4,39.5,133,161,19.87,3800.0,133,137,Rwanda,12.328872867587112,10.56645940712297,11.773124633949294,10.083750127372324,11.489534713097507,4.750919379792596,197.0,184.0,92.79,2,12,147,143,150,140,152,7,RWA,62,197,61,-135,98.4,1,136,2,Open but unreciprocated (tier 3),28.82,1.95,29.75,26.02,34.46,30.68,30.56,38.54,31.67,-1.92,-5.65,2.79,-0.99,-1.11,6.87
SAU,86.0,49,99,43.43,92.8,79,102,46.87,82.5,80,101,41.72,88.8,85,101,44.91,88.0,81,101,44.5,91.2,82,101,46.12,86.3,84,102,43.62,91.1,78,100,46.09,87.3,84,101,44.17,86.8,85,101,43.88,40.29,87,91,47.06,61,64,90.9,85,103,45.94,84.1,88,101,42.58,74.3,80,101,37.69,5830.0,96,100,Saudi Arabia,18.492689773227585,17.5050249934768,15.918021237191612,15.13570387023079,15.40881897566998,6.340189241465643,74.0,100.8,51.07,65,143,101,101,102,99,105,1,SAU,86,74,32,12,37.2,54,42,3,Guarded middle (tier 2),52.57,-7.66,44.63,43.11,46.59,46.05,40.99,51.43,45.47,-0.84,-2.36,1.12,0.58,-4.48,5.96
SDN,39.0,89,186,19.7,52.3,157,190,26.41,32.0,156,187,16.14,45.1,162,190,22.74,44.5,158,190,22.44,47.4,159,190,23.92,43.5,164,190,21.91,46.5,159,190,23.49,43.1,164,190,21.71,44.0,162,190,22.17,3.78,181,189,9.22,180,188,48.6,164,190,24.53,38.7,166,189,19.49,29.1,158,190,14.63,2214.0,181,186,Sudan,9.112598526916502,7.887351394647724,8.322738274943934,7.649061959335829,8.560131695860056,3.5334247242926735,7.0,6.6,2.6,93,187,190,190,190,189,191,0,SDN,39,7,2,32,5.1,37,5,1,Doubly closed,18.13,4.61,21.99,19.43,24.36,23.27,22.77,28.66,23.41,-1.42,-3.98,0.95,-0.14,-0.64,5.25
SEN,56.0,73,146,28.28,69.4,118,145,35.05,46.3,126,152,23.38,60.1,132,151,30.35,59.7,126,151,30.15,62.9,123,149,31.78,57.4,131,153,28.98,64.0,119,144,32.32,56.4,133,153,28.46,58.2,132,152,29.39,6.78,148,154,17.51,138,142,64.6,127,148,32.63,51.9,137,154,26.2,39.5,133,161,19.91,3777.0,134,138,Senegal,12.201413991509163,10.268938017449296,11.671058220124811,10.019328842183096,11.12567120812233,4.782096953468966,135.0,123.8,74.15,27,46,151,146,153,144,155,7,SEN,56,135,46,-79,82.1,10,89,2,Open but unreciprocated (tier 3),35.38,-5.03,29.45,25.29,34.16,30.48,29.6,38.79,31.3,-1.85,-6.01,2.86,-0.82,-1.7,7.49
SGP,163.0,2,2,82.32,164.4,2,2,83.03,170.0,3,3,86.06,170.1,2,2,86.11,169.9,2,2,86.04,168.8,2,2,85.39,172.8,2,2,87.53,164.9,2,2,83.39,173.3,2,2,87.78,172.1,2,2,87.18,83.98,11,11,66.02,4,4,167.4,2,2,84.64,174.3,2,2,88.48,179.1,2,2,91.5,11718.0,31,35,Singapore,35.57579368628418,35.93441987432156,27.559379162449055,28.102566686811343,32.98759965372445,9.920815367215717,164.0,175.9,75.78,15,32,2,2,2,2,2,0,SGP,163,164,145,-1,89.0,18,19,0,Frictionless core,77.12,8.99,85.86,88.5,80.65,85.5,87.75,80.47,84.79,1.07,3.71,-4.14,0.71,2.96,-4.32
SLB,119.0,33,72,60.1,128.3,52,71,64.8,121.4,59,78,61.2,130.6,62,78,65.84,130.5,60,77,65.8,129.1,60,76,65.07,134.4,59,76,67.78,123.5,57,78,62.27,134.0,62,78,67.52,133.6,61,76,67.37,48.42,66,70,41.07,77,80,129.5,56,73,65.34,132.6,67,80,66.77,136.4,63,82,68.59,8967.0,66,70,Solomon Islands,27.314939438767944,27.525739956222495,20.244783224941695,21.405564725077554,26.68993201955107,7.3757313127158195,76.0,69.2,31.77,64,142,78,73,79,71,79,6,SLB,119,76,65,43,54.6,54,11,0,Frictionless core,46.67,19.17,65.92,67.79,59.25,65.12,71.0,59.83,64.82,1.1,2.97,-5.57,0.3,6.18,-4.99
SLE,59.0,71,141,29.8,70.4,116,143,35.56,49.4,121,146,24.91,61.1,128,146,30.81,60.5,122,147,30.51,63.6,120,145,32.09,59.8,123,144,30.15,62.4,122,148,31.49,58.6,128,148,29.53,60.2,126,146,30.35,5.71,163,170,14.98,158,162,65.7,124,144,33.16,52.6,134,150,26.49,39.6,132,159,19.92,4476.0,119,123,Sierra Leone,12.344866404545051,10.79527338972505,11.112510740335985,10.107452415149368,12.02705614021086,4.677800702805509,136.0,139.5,78.68,26,45,147,143,149,139,151,6,SLE,59,136,51,-77,86.4,8,85,2,Open but unreciprocated (tier 3),24.65,6.16,29.79,26.59,32.52,30.75,31.99,37.94,31.6,-1.81,-5.01,0.92,-0.85,0.39,6.34
SLV,116.0,35,77,58.59,125.3,55,75,63.28,123.2,57,76,62.17,131.5,58,74,66.36,131.5,57,74,66.36,129.4,58,74,65.32,135.4,56,73,68.29,124.5,55,75,62.86,135.9,58,73,68.58,134.7,58,73,67.96,38.67,93,97,30.35,99,103,128.5,58,75,64.88,137.0,62,75,69.08,145.2,53,71,73.1,8202.0,78,82,El Salvador,27.680080157052927,28.53407246767076,20.33352458700508,21.61098500211006,26.116422404985705,7.259425304048108,88.0,126.5,52.48,56,128,74,73,75,73,77,2,SLV,116,88,69,28,59.5,47,19,0,Frictionless core,39.13,27.23,66.8,70.27,59.51,65.75,69.47,58.88,65.11,1.69,5.16,-5.6,0.64,4.36,-6.23
SMR,144.0,15,48,72.73,147.7,30,48,74.6,153.6,29,48,77.65,155.7,32,48,78.71,155.5,31,48,78.62,154.1,32,47,77.85,158.5,32,48,80.24,149.8,31,48,75.56,159.7,33,48,80.8,158.1,33,47,80.01,82.64,28,31,60.78,34,37,151.8,32,48,76.71,162.4,34,46,82.16,172.3,27,44,87.23,10917.0,42,46,San Marino,32.53531284281554,33.35599008080004,24.91140664618537,25.954662040975272,30.190296279341297,8.751530026863108,93.0,93.0,22.92,52,87,48,47,48,45,48,1,SMR,144,93,86,51,59.7,58,7,0,Frictionless core,86.4,-7.69,78.52,82.15,72.91,78.96,80.31,70.99,77.31,1.21,4.84,-4.4,1.65,3.0,-6.32
SOM,32.0,94,195,16.16,46.9,162,195,23.69,25.9,163,195,13.06,40.3,167,195,20.32,39.9,163,195,20.12,42.2,164,195,21.28,39.3,169,195,19.79,41.4,163,195,20.91,38.6,169,195,19.43,39.5,167,195,19.9,2.81,184,192,7.79,182,190,43.5,169,195,21.95,34.5,170,196,17.37,25.6,165,197,12.87,1830.0,191,196,Somalia,8.168223674077117,7.160613973978308,7.390330593100474,6.726123609881606,7.723238566890843,3.163995585384914,8.0,73.6,36.98,92,186,195,195,195,194,196,0,SOM,32,8,6,24,18.8,26,2,1,Doubly closed,12.06,8.26,19.71,17.64,21.63,20.46,20.54,25.66,20.94,-1.23,-3.3,0.69,-0.48,-0.4,4.72
SRB,120.0,32,71,60.61,128.3,52,71,64.8,127.4,51,70,64.37,134.6,55,71,68.01,134.3,54,71,67.86,132.9,55,71,67.13,137.7,54,71,69.58,128.6,51,71,64.98,138.5,56,71,70.0,137.0,56,71,69.22,60.08,51,55,51.52,47,50,131.6,54,71,66.48,139.7,57,70,70.59,146.1,50,68,73.79,8597.0,70,74,Serbia,28.25613600939294,29.179981327870916,21.20815239618323,22.208503781016397,26.07273663682581,7.671060398830838,89.0,89.0,45.62,55,127,71,71,71,68,72,0,SRB,120,89,78,31,65.0,42,11,0,Frictionless core,55.79,12.22,68.19,71.86,62.07,67.57,69.36,62.22,66.88,1.31,4.98,-4.81,0.69,2.48,-4.66
SSD,41.0,87,181,20.71,54.6,151,183,27.58,34.8,151,182,17.53,48.3,156,182,24.33,47.8,151,182,24.08,50.4,152,182,25.39,46.8,158,182,23.55,49.9,151,182,25.18,46.2,157,182,23.24,47.2,156,182,23.76,5.64,165,172,12.68,171,178,51.4,156,182,25.92,42.5,161,183,21.38,33.6,152,183,16.89,2763.0,166,171,South Sudan,9.831130291322893,8.553396880779552,8.901213216439842,8.114444686169332,9.165311775192365,3.706499834985901,5.0,72.2,36.55,95,192,182,182,182,182,184,0,SSD,41,5,5,36,12.2,36,0,1,Doubly closed,8.36,15.97,23.73,21.07,26.05,24.69,24.38,30.07,25.0,-1.27,-3.93,1.05,-0.31,-0.62,5.07
STP,59.0,71,141,29.8,69.8,117,144,35.25,52.5,115,139,26.47,63.3,121,139,31.92,62.8,115,139,31.66,65.6,116,139,33.08,61.5,119,139,31.03,65.3,115,139,32.89,61.2,121,139,30.86,62.1,120,140,31.32,8.02,140,146,16.63,141,145,66.6,121,141,33.61,56.8,124,137,28.6,45.6,113,136,22.93,3413.0,145,150,Sao Tome and Principe,13.027993898948166,11.566991327783006,11.564889880383395,10.65726081540662,11.778688494822708,4.71131376972088,58.0,106.8,57.31,74,159,139,139,140,139,142,1,STP,59,58,7,1,11.9,52,51,1,Doubly closed,48.52,-16.6,31.44,28.49,33.85,32.42,31.33,38.22,32.62,-1.18,-4.13,1.23,-0.2,-1.29,5.6
SUR,70.0,61,121,35.35,80.1,95,120,40.45,66.9,93,116,33.78,76.1,101,117,38.42,75.5,96,117,38.12,77.8,96,117,39.28,74.7,99,117,37.74,76.9,93,116,38.81,75.5,100,117,38.12,75.2,99,117,37.97,42.05,81,85,42.31,75,78,78.1,98,117,39.44,71.9,102,115,36.28,63.8,92,114,32.15,4439.0,121,125,Suriname,15.726288789581185,15.10258508210953,13.37029521942573,12.911820394459811,13.745086141329889,5.2256832099972526,176.0,136.8,65.18,11,28,117,116,117,116,118,1,SUR,70,176,61,-106,87.1,9,115,3,Guarded middle (tier 2),58.98,-20.56,37.95,37.19,39.13,39.28,36.56,42.39,38.75,-0.8,-1.56,0.38,0.53,-2.19,3.64
SVK,159.0,6,19,80.3,160.4,12,23,81.01,167.1,8,18,84.48,166.8,10,19,84.32,166.5,12,21,84.2,165.2,11,19,83.45,170.3,11,20,86.15,160.0,11,23,80.87,171.0,11,18,86.47,169.5,12,18,85.72,84.08,8,8,64.54,9,11,163.8,13,20,82.77,172.0,10,14,87.02,179.1,2,2,90.66,12130.0,19,22,Slovakia,34.84614555860703,35.72459740113329,26.55544010727883,27.58669983882117,32.57933986121223,9.548652658317671,93.0,93.0,22.85,52,87,19,16,21,13,26,5,SVK,159,93,93,66,58.5,66,0,0,Frictionless core,73.8,10.52,84.1,87.98,77.72,83.93,86.66,77.45,82.97,1.13,5.01,-5.25,0.96,3.69,-5.52
SVN,159.0,6,19,80.3,160.4,12,23,81.01,167.1,8,18,84.48,166.8,10,19,84.33,166.5,12,21,84.2,165.2,11,19,83.45,170.2,12,25,86.14,160.1,10,20,80.88,171.0,11,18,86.5,169.4,13,22,85.7,84.15,6,6,64.58,6,6,163.8,13,20,82.77,172.0,10,14,87.03,179.0,3,5,90.64,12130.0,19,22,Slovenia,34.85920372642229,35.684781538687965,26.577871701869057,27.59822426860326,32.550700832457615,9.553874721683384,93.0,93.0,22.89,52,87,19,17,22,13,25,5,SVN,159,93,93,66,58.5,66,0,0,Frictionless core,79.06,5.27,84.13,87.88,77.78,83.96,86.59,77.5,82.97,1.16,4.91,-5.19,0.99,3.62,-5.47
SWE,160.0,5,6,80.81,161.4,4,4,81.52,167.8,6,8,84.91,167.5,5,6,84.76,167.2,5,7,84.63,165.8,7,7,83.84,171.0,5,5,86.58,160.9,6,8,81.37,171.6,6,6,86.88,170.1,6,6,86.11,83.88,13,14,64.49,11,13,164.6,6,6,83.21,172.3,7,8,87.37,178.4,7,12,90.83,12278.0,10,11,Sweden,35.05710669799597,35.81423373104313,26.684247876248513,27.609366771100643,32.66804374248269,9.652351748704849,93.0,93.0,22.79,52,87,6,5,8,4,12,3,SWE,160,93,93,67,58.1,67,0,0,Frictionless core,84.45,0.31,84.6,88.2,78.09,84.0,86.9,78.3,83.35,1.25,4.85,-5.26,0.65,3.55,-5.05
SWZ,68.0,63,124,34.34,78.2,99,124,39.49,60.1,104,127,30.31,70.2,110,127,35.4,69.6,105,127,35.1,72.5,104,127,36.56,69.4,108,127,34.99,70.5,105,129,35.57,68.7,109,127,34.64,69.7,108,127,35.13,9.06,136,141,16.12,148,152,74.2,107,126,37.44,62.5,115,128,31.48,50.0,108,130,25.15,4820.0,112,116,Swaziland,14.27525998413726,13.11911829544476,12.359440273435954,11.655925963936214,13.675919579491028,5.127443665157244,97.0,97.0,27.39,48,81,127,127,127,121,129,0,SWZ,68,97,38,-29,55.9,30,59,2,Open but unreciprocated (tier 3),39.2,-3.8,34.45,32.31,36.17,35.46,36.38,41.59,36.06,-1.61,-3.75,0.11,-0.6,0.32,5.53
SYC,134.0,22,58,67.68,139.8,39,57,70.61,139.1,40,59,70.24,144.0,43,59,72.71,143.9,42,59,72.66,142.8,41,57,72.09,146.9,42,59,74.24,138.5,38,57,69.83,147.1,44,59,74.33,146.2,44,59,73.86,62.04,48,52,56.54,42,45,142.0,41,57,71.71,147.3,49,62,74.34,151.4,45,63,76.31,9812.0,54,58,Seychelles,30.23440007265535,30.381600201861183,22.93657161298073,23.767170989404057,28.37750095883459,8.318073295239351,197.0,197.0,99.98,2,12,59,57,59,57,61,2,SYC,134,197,133,-63,99.3,1,64,0,Frictionless core,75.49,-2.78,72.97,74.82,67.13,72.31,75.49,67.47,71.7,1.27,3.12,-4.57,0.61,3.79,-4.23
SYR,26.0,96,198,13.13,41.4,165,198,20.91,20.8,166,198,10.49,35.9,170,198,18.11,35.5,166,198,17.91,37.3,167,198,18.84,34.8,172,198,17.54,36.9,165,198,18.63,34.5,172,198,17.4,35.2,170,198,17.75,2.25,187,195,4.95,188,196,38.5,172,198,19.44,31.3,172,198,15.78,24.7,166,198,12.43,1617.0,193,198,Syria,7.335151343705092,6.545880046815047,6.54446049927772,6.036890302452626,6.689403272178598,2.71024458316496,25.0,82.4,38.1,82,168,198,198,198,198,198,0,SYR,26,25,3,1,11.5,23,22,1,Doubly closed,24.0,-5.89,17.7,16.12,19.15,18.37,17.79,21.98,18.52,-0.82,-2.4,0.63,-0.15,-0.73,3.46
TCD,50.0,79,162,25.25,62.4,135,166,31.52,42.4,136,165,21.36,54.6,144,168,27.51,54.3,137,167,27.37,56.9,140,169,28.67,52.5,147,170,26.43,57.7,136,167,29.14,51.6,148,171,25.96,53.1,145,170,26.74,6.64,151,157,15.69,151,155,58.4,143,167,29.46,47.8,150,169,24.05,37.4,139,168,18.8,2939.0,161,166,Chad,11.238843055779158,9.455083488165254,10.384668105453391,9.073950302359073,10.181765199865367,4.280596409045277,16.0,79.7,38.61,87,174,168,167,170,166,171,3,TCD,50,16,12,34,24.0,38,4,1,Doubly closed,10.62,16.89,27.12,23.29,30.39,27.61,27.08,34.72,28.37,-1.25,-5.08,2.02,-0.76,-1.29,6.35
TGO,55.0,74,150,27.78,67.2,123,151,33.94,45.8,127,153,23.1,58.4,135,155,29.46,58.0,130,155,29.25,61.0,128,155,30.79,56.2,133,155,28.33,61.6,125,153,31.09,55.1,137,158,27.78,56.7,136,156,28.59,6.83,146,152,17.43,139,143,62.7,132,153,31.65,50.6,141,160,25.49,38.8,134,163,19.52,3459.0,141,145,Togo,11.864307966970818,10.075515121092732,11.143971194681432,9.682670795417756,11.010577781135057,4.598500461552207,15.0,79.0,38.84,88,177,155,154,159,149,160,5,TGO,55,15,15,40,27.3,40,0,1,Doubly closed,30.96,-1.5,28.63,24.81,32.61,29.46,29.29,37.3,30.35,-1.72,-5.54,2.26,-0.89,-1.06,6.95
THA,79.0,55,111,39.9,86.6,86,111,43.74,76.1,87,109,38.48,83.0,93,109,41.97,82.3,88,109,41.61,84.8,89,110,42.9,81.5,91,109,41.19,84.2,87,110,42.6,81.8,92,109,41.36,81.9,91,109,41.4,45.7,69,73,44.48,72,75,84.8,92,111,42.86,79.4,96,109,40.2,72.8,83,104,36.91,3948.0,130,134,Thailand,17.06391194928565,16.430978814012285,14.752436935506925,13.975555425508936,14.997713783692497,5.775505400869143,112.0,139.8,81.98,37,58,109,109,110,108,110,1,THA,79,112,47,-33,59.5,32,65,3,Guarded middle (tier 2),55.09,-13.12,41.18,40.47,43.17,42.52,39.9,46.85,42.35,-1.17,-1.88,0.82,0.17,-2.45,4.5
TJK,55.0,74,150,27.78,66.8,125,153,33.74,49.4,121,146,24.93,60.8,130,148,30.68,60.1,123,148,30.32,62.5,124,150,31.55,59.5,125,146,30.01,61.9,123,150,31.25,60.0,125,144,30.26,59.7,127,147,30.11,10.69,132,137,13.43,168,175,63.8,130,151,32.21,54.8,130,144,27.62,43.6,119,143,21.94,3228.0,151,156,Tajikistan,12.55128644376282,12.127487710891169,10.818307149523148,10.221494749380302,10.613041392861769,4.482932036062629,96.0,121.8,55.66,49,82,147,144,152,140,157,8,TJK,55,96,22,-41,40.0,33,74,3,Guarded middle (tier 2),37.32,-6.64,30.29,29.87,31.66,31.1,28.23,36.36,31.25,-0.96,-1.38,0.41,-0.15,-3.02,5.11
TKM,46.0,83,173,23.23,59.8,142,173,30.2,39.2,143,173,19.78,53.0,148,174,26.74,52.4,143,174,26.44,54.8,145,174,27.65,52.0,148,171,26.22,53.6,147,178,27.08,52.1,146,169,26.27,52.3,146,171,26.37,4.56,177,185,9.98,178,185,56.4,148,173,28.47,46.6,154,173,23.49,35.7,144,175,17.97,2630.0,171,176,Turkmenistan,10.838088675663409,10.250578926159418,9.40445782763865,8.914148249783333,9.681259568171248,3.946280792557544,0.0,0.0,0.0,99,197,173,169,177,164,178,8,TKM,46,0,0,46,0.0,46,0,1,Doubly closed,41.45,-14.71,26.16,25.25,27.52,27.12,25.75,32.01,27.3,-1.14,-2.05,0.22,-0.18,-1.55,4.71
TLS,85.0,50,102,42.93,98.2,75,98,49.6,88.2,76,97,44.51,101.1,80,96,51.01,101.4,76,96,51.16,99.3,77,96,50.13,104.7,77,95,52.85,95.1,76,98,47.96,104.2,79,96,52.56,103.6,80,96,52.29,23.66,107,111,21.01,120,124,99.6,79,96,50.28,104.4,80,93,52.63,110.7,72,93,55.72,5740.0,98,102,Timor-Leste,21.48244706150489,21.58400682184434,15.32089894799972,16.446026958374325,20.740041347794925,5.5631300647380035,198.0,173.5,86.56,1,1,96,95,96,93,100,1,TLS,85,198,85,-113,100.0,0,113,0,Frictionless core,51.32,-0.31,51.84,53.16,44.84,50.03,55.17,45.13,50.03,1.81,3.13,-5.19,0.0,5.14,-4.9
TON,112.0,39,84,56.57,122.0,61,83,61.62,115.1,66,86,58.05,124.9,70,86,63.0,125.0,67,86,63.03,123.0,68,86,62.04,129.1,67,85,65.16,117.5,65,86,59.18,128.4,69,86,64.79,128.2,69,85,64.68,46.62,68,72,38.71,80,83,123.4,67,84,62.28,127.8,73,86,64.38,133.4,67,86,67.1,8322.0,76,80,Tonga,26.196395299577535,26.458863866820796,19.14281497473685,20.34581430709787,25.783746586961957,6.93139168839921,69.0,63.4,33.0,67,149,86,84,86,83,86,2,TON,112,69,58,43,51.8,54,11,0,Frictionless core,58.3,4.7,63.22,65.16,56.02,61.9,68.59,56.22,61.85,1.37,3.31,-5.83,0.05,6.74,-5.63
TTO,127.0,28,65,64.14,136.1,43,61,68.74,130.5,49,68,65.9,139.3,51,67,70.35,139.1,50,67,70.25,138.2,51,67,69.78,142.2,50,67,71.85,133.9,47,67,67.58,142.2,52,67,71.84,141.8,52,67,71.63,33.77,102,106,31.55,96,99,137.8,48,64,69.6,141.5,54,67,71.43,143.4,57,75,72.3,10425.0,48,52,Trinidad and Tobago,29.00612508985511,29.262853166718028,22.30570719815563,22.86767335856671,27.70669938113384,8.131548955033033,105.0,104.2,52.11,42,65,67,66,67,62,67,1,TTO,127,105,90,22,70.9,37,15,0,Frictionless core,67.79,2.56,70.0,72.07,65.28,69.57,73.7,65.96,69.43,0.57,2.64,-4.15,0.14,4.27,-3.47
TUN,65.0,66,130,32.83,75.2,108,134,37.98,58.7,106,129,29.65,68.4,113,130,34.55,67.9,108,130,34.3,71.0,106,129,35.88,66.1,111,130,33.38,71.5,103,127,36.13,65.5,112,130,33.09,66.8,111,130,33.74,18.19,116,120,24.14,110,114,71.8,109,129,36.27,61.9,116,129,31.27,51.2,106,128,25.84,4134.0,125,129,Tunisia,13.849423942061115,12.498865564156649,12.894366843290582,11.518064920374472,12.52828738994878,5.127000418891556,99.0,99.0,50.6,46,77,130,128,130,126,132,2,TUN,65,99,32,-34,49.2,33,67,2,Open but unreciprocated (tier 3),51.23,-16.68,33.42,30.78,37.74,35.04,33.33,41.59,35.32,-1.9,-4.54,2.42,-0.28,-1.99,6.27
TUR,111.0,40,86,56.06,114.2,71,94,57.68,107.2,73,94,54.21,109.9,78,94,55.58,108.9,74,94,55.06,111.9,75,94,56.59,108.7,76,94,54.94,110.6,72,94,55.95,109.4,77,94,55.34,108.8,78,94,55.01,27.2,105,109,33.83,89,92,112.3,77,94,56.75,104.1,81,94,52.7,91.1,75,96,46.18,7358.0,89,93,Turkey,22.569994306256845,22.220447634242767,19.254843422333387,18.272328684152654,19.856741037752368,7.689335479475224,105.0,106.8,38.14,42,65,94,93,94,88,94,1,TUR,111,105,60,6,54.1,51,45,3,Guarded middle (tier 2),52.62,2.96,54.47,54.72,56.35,55.59,52.82,62.37,56.05,-1.58,-1.33,0.3,-0.46,-3.23,6.32
TUV,114.0,37,79,57.58,124.8,57,77,63.03,116.9,62,82,58.87,127.5,65,81,64.21,127.6,63,81,64.25,125.7,64,81,63.3,132.0,62,80,66.52,119.8,62,83,60.25,131.1,65,82,66.05,131.0,65,80,66.0,27.3,104,108,22.05,117,121,126.2,64,81,63.63,129.8,71,84,65.28,133.9,66,85,67.29,8816.0,67,71,Tuvalu,26.77263384017118,26.965532819421835,19.482200137710297,20.69109107821388,26.446936066490956,7.153219978733706,198.0,173.0,85.88,1,1,81,80,82,75,84,2,TUV,114,198,114,-84,100.0,0,84,0,Frictionless core,51.73,12.48,64.61,66.41,57.02,62.95,70.35,58.02,63.23,1.38,3.18,-6.21,-0.28,7.12,-5.21
TWN,113.0,38,83,57.07,120.9,62,84,61.06,121.0,60,79,61.24,127.3,66,82,64.43,127.6,63,81,64.58,124.9,65,82,63.2,131.6,64,82,66.64,119.9,61,82,60.63,131.5,63,80,66.59,130.6,66,82,66.13,70.73,36,39,48.72,54,57,124.1,66,83,62.74,133.8,66,79,67.88,145.5,51,69,74.2,8059.0,82,86,Taiwan,26.909380689301404,27.38453919241789,19.421698657762487,20.891212025566592,25.927501047796937,6.798977954500305,74.0,78.3,21.22,65,143,82,80,82,80,85,2,TWN,113,74,71,39,62.8,42,3,0,Frictionless core,78.48,-14.05,64.94,67.44,56.84,63.56,68.97,55.15,62.82,2.12,4.62,-5.98,0.74,6.15,-7.67
TZA,66.0,65,128,33.33,75.6,106,132,38.18,56.6,108,131,28.57,66.5,116,133,33.57,66.0,110,132,33.31,69.2,110,133,34.97,64.8,112,131,32.68,68.4,110,134,34.56,64.1,115,133,32.33,65.5,112,131,33.05,8.97,137,143,19.78,127,131,71.0,114,134,35.85,58.2,121,134,29.36,45.1,114,137,22.72,4941.0,107,111,Tanzania,13.586110380063184,12.01906166253529,12.126526071381852,11.150119592513626,12.634552327764691,5.022191553688263,174.0,164.0,78.23,12,29,133,131,134,131,135,3,TZA,66,174,61,-108,92.4,5,113,2,Open but unreciprocated (tier 3),30.94,2.63,32.79,29.6,35.49,33.92,33.61,40.74,34.36,-1.57,-4.76,1.13,-0.44,-0.75,6.38
UGA,62.0,68,135,31.31,72.0,112,138,36.36,52.3,116,140,26.37,62.8,123,141,31.67,62.2,117,141,31.37,65.5,117,141,33.05,61.2,120,141,30.83,64.4,118,143,32.53,60.6,124,143,30.53,61.9,121,141,31.2,5.85,161,168,13.92,165,172,67.3,119,139,33.96,54.6,131,145,27.5,42.0,126,152,21.12,4478.0,118,122,Uganda,12.781708764728029,11.320392169190391,11.43162677321715,10.584577592495164,11.956485804591132,4.7608793903719775,40.0,95.3,39.33,78,164,141,140,143,138,144,3,UGA,62,40,31,22,50.0,31,9,1,Doubly closed,29.03,2.64,30.85,27.88,33.46,32.2,31.81,38.62,32.47,-1.62,-4.59,0.99,-0.27,-0.66,6.15
UKR,131.0,25,61,66.16,135.7,45,63,68.54,137.1,42,61,69.28,141.0,48,64,71.25,140.7,48,65,71.1,139.2,47,63,70.34,144.5,47,64,73.02,134.3,46,65,67.9,145.2,49,64,73.38,143.5,49,64,72.52,39.59,88,92,34.84,85,88,138.5,46,62,69.97,145.0,52,65,73.3,149.3,46,64,75.45,9555.0,59,63,Ukraine,29.68351165417546,30.548046511501862,22.039906816590513,23.194252118286645,27.463694582923058,8.057034633412858,81.0,96.4,38.36,61,136,64,63,65,62,67,2,UKR,131,81,74,50,56.5,57,7,0,Frictionless core,51.4,19.85,71.64,75.23,64.5,70.56,73.06,65.35,70.06,1.58,5.17,-5.56,0.5,3.0,-4.71
URY,137.0,19,53,69.19,141.8,36,54,71.62,144.4,33,52,73.0,148.0,37,53,74.82,148.0,36,53,74.82,145.9,37,53,73.75,151.3,37,53,76.53,142.1,34,52,71.78,152.3,37,52,77.05,150.6,38,53,76.17,63.73,44,48,52.19,46,49,145.0,37,53,73.27,153.1,40,52,77.46,159.7,34,52,80.85,10154.0,52,56,Uruguay,31.27440470401267,31.99811742945107,23.38954027868806,24.3922069396222,28.612083238727298,8.361175028772093,85.0,85.0,26.52,58,132,53,52,53,51,56,1,URY,137,85,82,52,59.9,55,3,0,Frictionless core,73.76,1.06,75.48,78.81,68.45,74.21,76.11,67.82,73.48,2.0,5.33,-5.03,0.73,2.63,-5.66
USA,153.0,11,41,77.27,155.0,23,41,78.28,160.0,25,43,80.99,161.0,27,43,81.5,160.9,27,42,81.47,159.0,29,43,80.44,165.4,25,41,83.7,153.3,26,43,77.64,165.4,27,42,83.75,164.2,27,41,83.11,45.39,72,76,37.46,82,85,158.1,27,41,79.93,165.9,31,43,84.2,172.5,26,43,88.06,12434.0,2,2,United States,33.73630223401835,34.47428600539108,25.225720586073397,26.365661799821915,32.058534865112435,9.1516236304129,46.0,33.4,7.16,77,162,42,41,43,41,43,2,USA,153,46,46,107,30.1,107,0,0,Frictionless core,73.76,7.74,81.42,84.9,73.83,80.21,85.28,74.23,79.98,1.44,4.92,-6.15,0.23,5.3,-5.75
UZB,60.0,70,140,30.3,70.5,115,141,35.61,56.1,109,132,28.34,65.8,119,136,33.24,65.1,113,136,32.88,67.6,114,137,34.16,64.0,116,136,32.32,67.5,113,137,34.12,65.0,114,132,32.83,64.5,116,136,32.57,35.0,100,104,33.75,91,94,68.2,118,138,34.45,60.9,118,131,30.76,51.0,107,129,25.74,3369.0,147,152,Uzbekistan,13.66599272030017,13.20930216131318,11.814255658994682,11.198061718182924,11.174257801685767,4.78319935622753,94.0,110.1,54.44,51,85,136,132,138,130,143,6,UZB,60,94,28,-34,46.7,32,66,3,Guarded middle (tier 2),42.08,-8.84,32.98,32.53,34.58,34.07,29.72,38.8,33.78,-0.8,-1.25,0.8,0.29,-4.06,5.02
VAT,135.0,21,56,68.18,137.6,42,60,69.49,143.2,35,54,72.28,144.5,42,58,72.93,144.6,40,57,72.94,142.2,43,59,71.8,148.3,41,57,74.92,138.4,39,58,69.65,148.2,43,58,74.93,147.3,43,58,74.39,40.75,86,90,33.98,87,90,141.1,43,59,71.24,150.4,43,55,75.85,159.0,35,53,80.07,9636.0,56,60,Vatican,30.390984704067343,31.028815807962612,22.812140790031613,23.563945350681852,28.534484335659084,8.169194223448535,93.0,93.0,22.92,52,87,58,57,59,57,60,2,VAT,135,93,81,42,60.0,54,12,0,Frictionless core,65.66,7.27,73.34,76.42,66.76,71.69,75.9,66.26,71.73,1.61,4.69,-4.97,-0.04,4.17,-5.47
VCT,135.0,21,56,68.18,141.4,37,55,71.41,139.7,39,58,70.47,145.6,40,56,73.44,145.6,39,56,73.42,144.0,40,56,72.65,149.2,40,56,75.29,139.4,37,56,70.23,149.0,42,57,75.23,148.5,41,56,74.93,39.12,89,93,32.98,93,96,143.6,40,56,72.48,148.9,46,58,75.03,153.4,43,61,77.18,10302.0,50,54,Saint Vincent and the Grenadines,30.424588710389436,30.84664266072481,23.10544785391938,23.817017145199053,29.061668600560164,8.367080779911348,186.0,186.0,76.5,8,24,56,56,57,53,58,1,VCT,135,186,130,-51,96.3,5,56,0,Frictionless core,59.41,14.03,73.42,75.97,67.62,72.46,77.31,67.87,72.44,0.98,3.53,-4.82,0.02,4.87,-4.57
VEN,109.0,42,90,55.05,116.9,66,88,59.04,115.5,65,85,58.28,122.3,72,88,61.71,122.1,69,88,61.6,120.6,70,88,60.88,125.7,70,88,63.38,115.9,68,89,58.55,126.1,71,88,63.61,124.9,72,88,62.98,36.14,99,103,31.16,98,102,119.7,71,88,60.43,126.7,76,89,63.87,132.6,69,89,66.74,7618.0,85,89,Venezuela,25.736073728637567,26.447424483894203,18.92689800762509,20.130692338574764,24.188384229721155,6.848299354989398,74.0,74.0,24.59,65,143,88,88,89,87,91,1,VEN,109,74,61,35,56.0,48,13,0,Frictionless core,37.69,24.02,62.11,65.14,55.39,61.24,64.34,55.55,60.63,1.48,4.51,-5.24,0.61,3.71,-5.08
VNM,52.0,77,159,26.26,65.6,128,157,33.13,46.9,125,151,23.7,60.4,131,149,30.53,59.8,125,150,30.23,62.2,125,152,31.44,59.0,126,148,29.79,61.7,124,151,31.22,58.8,127,146,29.71,59.3,128,148,29.96,9.44,134,139,14.4,161,165,63.0,131,152,31.83,55.5,128,141,28.06,47.5,110,132,24.02,2602.0,172,177,Vietnam,12.417626610960795,11.48795634935324,10.849240497042109,10.095059155946744,11.075720910316264,4.436827459576017,39.0,94.6,46.22,79,165,149,147,152,145,156,5,VNM,52,39,15,13,28.8,37,24,1,Doubly closed,46.77,-16.24,29.97,28.29,31.75,30.71,29.46,35.99,31.03,-1.06,-2.74,0.72,-0.32,-1.57,4.96
VUT,80.0,54,109,40.4,89.4,83,108,45.15,71.5,90,113,36.06,81.0,95,111,40.85,80.2,90,111,40.45,83.0,90,111,41.87,80.3,93,111,40.52,81.1,90,113,40.87,80.0,94,111,40.33,80.6,93,111,40.66,11.83,129,133,16.07,149,153,85.2,91,109,43.0,72.5,101,114,36.52,57.5,98,120,28.92,5440.0,103,107,Vanuatu,16.633355104753978,15.772114348685887,14.0733917834317,13.395799850613342,15.269948016563928,5.846472942822423,120.0,147.3,84.81,33,54,111,110,113,108,113,3,VUT,80,120,50,-40,62.5,30,70,2,Open but unreciprocated (tier 3),50.81,-9.96,40.14,38.84,41.19,40.75,40.62,47.42,41.49,-1.35,-2.65,-0.3,-0.74,-0.87,5.93
WSM,115.0,36,78,58.08,124.7,58,78,62.98,118.5,61,81,59.73,127.8,64,80,64.42,127.8,62,80,64.42,126.2,63,80,63.61,131.9,63,81,66.5,120.4,59,80,60.67,131.3,64,81,66.18,131.0,65,80,66.04,51.9,64,68,44.18,73,76,126.3,63,80,63.72,130.7,69,82,65.79,135.7,65,84,68.22,8493.0,71,75,Samoa,26.756053684548732,27.081215102857655,19.660853598064264,20.942136073125237,26.250493282278903,7.106758130840179,198.0,172.6,88.65,1,1,80,80,81,77,82,1,WSM,115,198,115,-83,100.0,0,83,0,Frictionless core,51.05,13.37,64.57,66.7,57.54,63.71,69.83,57.65,63.33,1.24,3.37,-5.79,0.38,6.5,-5.68
XKX,80.0,54,109,40.4,91.3,80,103,46.11,85.0,78,99,42.93,95.6,81,97,48.29,95.8,77,97,48.38,93.9,80,99,47.43,99.2,79,97,50.12,89.4,81,103,45.12,98.8,80,97,49.92,98.3,81,97,49.66,22.83,108,112,18.19,130,134,93.4,83,100,47.18,100.2,84,97,50.6,108.5,73,94,54.74,5672.0,99,103,Kosovo,20.153813574881763,20.489840027883133,14.414642695181492,15.63701898193082,19.809368131331063,5.122973795156901,109.0,109.0,24.73,39,62,97,97,100,96,109,3,XKX,80,109,56,-29,70.0,24,53,0,Frictionless core,58.82,-10.53,48.64,50.46,42.19,47.57,52.69,41.56,47.18,1.46,3.28,-4.99,0.39,5.51,-5.62
YEM,33.0,93,193,16.67,47.5,161,194,23.99,27.0,161,193,13.61,41.0,166,194,20.67,40.5,162,194,20.42,43.0,163,194,21.7,39.6,168,194,19.94,42.4,161,193,21.42,39.3,168,194,19.79,40.0,166,194,20.15,2.65,185,193,6.25,186,194,44.2,168,194,22.3,35.4,168,193,17.83,27.0,162,194,13.58,1902.0,188,193,Yemen,8.280181412618811,7.406003492224924,7.608791226854936,6.967722782860093,7.569162605155357,3.1806068053857217,12.0,10.4,3.22,90,181,194,193,194,193,196,1,YEM,33,12,2,21,6.1,31,10,1,Doubly closed,13.78,6.89,19.98,18.24,22.27,21.2,20.13,25.8,21.27,-1.29,-3.03,1.0,-0.07,-1.14,4.53
ZAF,94.0,47,97,47.47,100.4,73,96,50.71,87.9,77,98,44.42,94.0,83,99,47.5,93.2,79,99,47.1,96.4,79,98,48.73,92.5,80,98,46.72,95.3,75,97,48.19,92.7,82,99,46.84,93.0,82,98,46.99,21.48,111,115,26.67,107,111,97.3,80,97,49.16,87.1,86,99,44.03,73.9,81,102,37.35,6774.0,93,97,South Africa,19.202671760504323,18.37939544553347,16.747266698703683,15.693417541030318,17.300121226557614,6.6969273966182445,93.0,102.4,48.28,52,87,98,97,99,96,99,2,ZAF,94,93,50,1,53.2,44,43,3,Guarded middle (tier 2),57.08,-9.58,46.34,45.26,49.01,47.74,46.02,54.32,48.12,-1.78,-2.86,0.89,-0.38,-2.1,6.2
ZMB,62.0,68,135,31.31,72.6,110,136,36.67,53.5,113,137,27.0,64.4,120,138,32.5,63.8,114,138,32.2,66.8,115,138,33.73,63.2,118,138,31.87,65.3,115,139,32.98,62.6,120,138,31.56,63.7,118,138,32.13,6.55,153,159,15.17,156,160,68.5,117,137,34.58,56.6,125,138,28.54,44.0,118,142,22.15,4448.0,120,124,Zambia,13.180830245695416,11.78646702664306,11.467152014071576,10.772096284682169,12.391392780930888,4.799099647685193,145.0,159.2,68.38,22,40,138,136,138,136,139,2,ZMB,62,145,47,-83,75.8,15,98,2,Open but unreciprocated (tier 3),39.13,-6.63,31.81,29.03,33.56,32.77,32.96,38.93,33.18,-1.37,-4.15,0.38,-0.41,-0.22,5.75
ZWE,59.0,71,141,29.8,70.5,115,141,35.61,51.6,117,141,26.02,63.2,122,140,31.87,62.7,116,140,31.63,65.6,116,139,33.09,61.5,119,139,31.0,64.8,116,141,32.73,61.0,122,140,30.74,62.2,119,139,31.35,6.59,152,158,16.18,146,150,66.9,120,140,33.76,56.1,127,140,28.26,44.3,117,141,22.28,3957.0,129,133,Zimbabwe,12.938120391981077,11.432704700292764,11.47301734782641,10.620439929970624,12.01383537825182,4.706946813506981,144.0,147.4,74.86,23,41,140,139,141,137,143,2,ZWE,59,144,47,-85,79.7,12,97,2,Open but unreciprocated (tier 3),29.9,1.97,31.22,28.16,33.58,32.31,31.96,38.18,32.57,-1.35,-4.41,1.01,-0.26,-0.61,5.61
